[{"senderKeyId":132196676,"senderChainKey":{"iteration":275,"seed":"+byT/zSYI4hWPeaCpoKEKUlhpUaXseRaos/EqXpvR0E="},"senderSigningKey":{"public":"BcF5w7g1vlqusay7igtQ9VgNq1L66aXuRZhJ15Kn5rUa"},"senderMessageKeys":[{},{},{},{},{},{},{},{},{},{},{},{},{},{},{},{},{},{},{},{},{},{},{},{},{},{},{},{},{},{},{},{},{},{},{},{},{},{},{},{},{},{},{},{},{},{},{},{},{},{},{},{},{},{},{},{},{},{},{},{},{},{},{},{},{},{},{},{},{},{},{},{},{},{},{},{},{},{},{},{},{},{},{},{},{},{},{},{},{},{},{},{},{},{},{},{},{},{},{},{},{},{},{},{},{},{},{},{},{},{},{},{},{},{},{},{},{},{},{},{},{},{},{},{},{},{},{},{},{},{},{},{},{},{},{},{},{},{},{},{},{},{},{},{},{},{},{},{},{},{},{},{},{},{},{},{},{},{}]},{"senderKeyId":132196676,"senderChainKey":{"iteration":103,"seed":"ouCvZwZ9DIHjI4d/b6YTxC6pERV0JKcihARifXn+SxE="},"senderSigningKey":{"public":"BcF5w7g1vlqusay7igtQ9VgNq1L66aXuRZhJ15Kn5rUa"},"senderMessageKeys":[]},{"senderKeyId":132196676,"senderChainKey":{"iteration":105,"seed":"qUeSmC8+q7AWOniYgLTmXVxKqbzuccq4JyLjWXnNeXk="},"senderSigningKey":{"public":"BcF5w7g1vlqusay7igtQ9VgNq1L66aXuRZhJ15Kn5rUa"},"senderMessageKeys":[]},{"senderKeyId":132196676,"senderChainKey":{"iteration":203,"seed":"28cdj49Gqrqn1NVl7pZwG3JG+dMiv/bX3v6bX8Ii2BM="},"senderSigningKey":{"public":"BcF5w7g1vlqusay7igtQ9VgNq1L66aXuRZhJ15Kn5rUa"},"senderMessageKeys":[]},{"senderKeyId":132196676,"senderChainKey":{"iteration":205,"seed":"z2yCq5zjCNcQUJ69hBGXqXHzNZNeZSaoMt8z6mmk+Pk="},"senderSigningKey":{"public":"BcF5w7g1vlqusay7igtQ9VgNq1L66aXuRZhJ15Kn5rUa"},"senderMessageKeys":[]}]