[{"senderKeyId":1318163786,"senderChainKey":{"iteration":33,"seed":"V5g6e0/w3poPhrLG3ZjmYXHPk2ZBJ37Vv6i6XQJD8Zk="},"senderSigningKey":{"public":"BWwxUacGIV+2lEPMpFecGv2z1zBGzciZVLBzTJcgNVkM"},"senderMessageKeys":[]},{"senderKeyId":1012304399,"senderChainKey":{"iteration":3,"seed":"XlutcNPMt9jTTwoL8H4Tnuj3+BLrvzkNy98jslWEz0k="},"senderSigningKey":{"public":"BVP6UnVgAF5j1drrtoMr4Oa/QgiT6wpYbqVMd/WgAxwr"},"senderMessageKeys":[]},{"senderKeyId":1012304399,"senderChainKey":{"iteration":1,"seed":"C6beZimomerLjG9fodBqXqKtmHVk/jS0VenTEyOF2NE="},"senderSigningKey":{"public":"BVP6UnVgAF5j1drrtoMr4Oa/QgiT6wpYbqVMd/WgAxwr"},"senderMessageKeys":[]}]