[{"senderKeyId":594489127,"senderChainKey":{"iteration":3,"seed":"ik/YeqrDG9dl6NUdVyWHjttexerUKCUWYQCn/prLcNA="},"senderSigningKey":{"public":"BS3ayRCEjMoDfuCI59TjtXCnyzL9SdKhpBAbkkGQkrlZ"},"senderMessageKeys":[{"iteration":1,"seed":"MdOA6KnYy8hDjukCFa9K1Uy0wsPfHCnPfZAyq3u2ntI="}]},{"senderKeyId":594489127,"senderChainKey":{"iteration":1,"seed":"V3rfe+VX2JJwvs7sJZfhfh/E3gJAzeRb4w4jnFnrF74="},"senderSigningKey":{"public":"BS3ayRCEjMoDfuCI59TjtXCnyzL9SdKhpBAbkkGQkrlZ"},"senderMessageKeys":[]},{"senderKeyId":1786002088,"senderChainKey":{"iteration":1,"seed":"pGHuBfcppz9gJcgNeI/6Z7rBtzoIhy1mba44lwFWN0Y="},"senderSigningKey":{"public":"BVkouso833jYYjAn1gvnHmAZngmeyYK1yqKIq5iuz70d"}}]