[{"senderKeyId":1855866566,"senderChainKey":{"iteration":2,"seed":"twbW7mE1iMgx8jC2pUJWhZ+N4VgarqWJGhSBglkdkOU="},"senderSigningKey":{"public":"BYpisrGz2jKfnS9BhIqVbvkneY9APvyjCLyRKC18818L"},"senderMessageKeys":[]},{"senderKeyId":1297626836,"senderChainKey":{"iteration":65,"seed":"r1bR3H/mK/N7sJGN0z6Ej0judBlwdcaB64zP4aGLJkQ="},"senderSigningKey":{"public":"Bfa3clpZsjeRyodOc1myTNkaaTqRdyb+inZgZDFabOgw"},"senderMessageKeys":[]},{"senderKeyId":497767788,"senderChainKey":{"iteration":46,"seed":"XzacBicGS8l08+YgQKzMJaahYhcqRjSjgpsZlbX9/o8="},"senderSigningKey":{"public":"BXymB8bCPojKJIdRGGc4mYA4e5DKMRr5+dGI8kDNhaI5"},"senderMessageKeys":[{"iteration":34,"seed":"YsXd8jh8GwduLkzwuk1S9dtqIHapbhUSNBp/39n5azc="}]}]