[{"senderKeyId":180276143,"senderChainKey":{"iteration":397,"seed":"+9CUB2L/L0bwYjKNuCdNX4cbkpYR4fqZ9vA8jPYSDEs="},"senderSigningKey":{"public":"BSZFei4LHoRTb9Zk3covYmZxD3t78fP+MVooeaXL6A9/"},"senderMessageKeys":[{},{},{},{},{},{},{},{},{},{},{},{},{},{},{},{},{},{},{},{},{},{},{},{},{},{},{},{},{},{},{},{},{},{},{},{},{},{},{},{},{},{},{},{},{},{},{},{},{},{},{},{},{},{},{},{},{},{},{},{},{},{},{},{},{},{},{},{},{},{},{},{},{},{},{},{},{},{},{},{},{},{},{},{},{},{},{},{},{},{},{},{},{},{},{},{},{},{},{},{},{},{},{},{},{},{},{},{},{},{},{},{},{},{},{},{},{},{},{},{},{},{},{},{},{},{},{},{},{},{},{},{},{},{},{},{},{},{},{},{},{},{},{},{},{},{},{},{},{},{},{},{},{},{},{},{},{},{},{},{},{},{},{},{},{},{},{},{},{},{},{},{},{},{},{},{},{},{},{},{},{},{},{},{},{},{},{},{},{},{},{},{},{},{},{},{},{},{},{},{},{},{},{},{},{},{},{},{},{},{},{},{},{},{},{},{},{},{},{},{},{},{},{},{},{},{},{},{},{},{},{},{},{},{},{},{},{},{},{},{},{},{},{},{},{},{},{},{},{},{},{},{},{},{},{},{},{},{},{},{},{},{},{},{},{},{},{},{},{},{},{},{},{},{},{},{},{},{},{},{},{},{},{},{},{},{},{},{},{},{},{},{},{},{},{},{}]},{"senderKeyId":180276143,"senderChainKey":{"iteration":65,"seed":"Zewu2lbVL1m+CZ1Lh6xmIENaNwI9AcuFTL5PBozQqSQ="},"senderSigningKey":{"public":"BSZFei4LHoRTb9Zk3covYmZxD3t78fP+MVooeaXL6A9/"},"senderMessageKeys":[]},{"senderKeyId":180276143,"senderChainKey":{"iteration":143,"seed":"lUhwyyhxYKF3wT1lTj2RicSGdH9PmgoL6VLPVsKQgEQ="},"senderSigningKey":{"public":"BSZFei4LHoRTb9Zk3covYmZxD3t78fP+MVooeaXL6A9/"},"senderMessageKeys":[]},{"senderKeyId":180276143,"senderChainKey":{"iteration":283,"seed":"iCuy0J5hSjDZ+YduSNfRjRlLqzs0E3mlMlQQriZOzxE="},"senderSigningKey":{"public":"BSZFei4LHoRTb9Zk3covYmZxD3t78fP+MVooeaXL6A9/"},"senderMessageKeys":[]},{"senderKeyId":180276143,"senderChainKey":{"iteration":285,"seed":"xo2bYXUj5dZrmLLoGRO/dRgpIPuw9/FDuthnIYbHtIw="},"senderSigningKey":{"public":"BSZFei4LHoRTb9Zk3covYmZxD3t78fP+MVooeaXL6A9/"},"senderMessageKeys":[]}]