[{"senderKeyId":1977991628,"senderChainKey":{"iteration":7,"seed":"mjY3bmpvsaD9aWeb1Bzm09yJFicIrvRiBvnEFETaRnk="},"senderSigningKey":{"public":"BUxdyRzfcqIN+LPJedX1Imr0kbvfL6T/vKJh16bjaB1N"},"senderMessageKeys":[{},{},{}]},{"senderKeyId":1977991628,"senderChainKey":{"iteration":1,"seed":"4YOmv7KrM1j1fhSxn2yO43vc2p/o/gZIdkuA8Dnxqz4="},"senderSigningKey":{"public":"BUxdyRzfcqIN+LPJedX1Imr0kbvfL6T/vKJh16bjaB1N"},"senderMessageKeys":[]},{"senderKeyId":1977991628,"senderChainKey":{"iteration":3,"seed":"d4R80R3jOwj7IUapaJN4sD6W5TOGlMPewAPlRjypAoY="},"senderSigningKey":{"public":"BUxdyRzfcqIN+LPJedX1Imr0kbvfL6T/vKJh16bjaB1N"},"senderMessageKeys":[]}]