[{"senderKeyId":689886830,"senderChainKey":{"iteration":241,"seed":"OHY7GXoE3CTMfm5E1FvtkO4wslGkhVIoqWhDBLSYVSE="},"senderSigningKey":{"public":"BYrSclcl472DxMa3Pd6SOs+gDt+JLpjrfWod8fZ+UNty"},"senderMessageKeys":[]},{"senderKeyId":689886830,"senderChainKey":{"iteration":245,"seed":"N+zmkrIFzvO7tBHA/og8gJeYNUvIyf33IZO22yDQQI4="},"senderSigningKey":{"public":"BYrSclcl472DxMa3Pd6SOs+gDt+JLpjrfWod8fZ+UNty"},"senderMessageKeys":[]},{"senderKeyId":689886830,"senderChainKey":{"iteration":247,"seed":"hs+UCKLSC2JJV2NwbKcs8Ju94LMgstxdS83KagVMbaU="},"senderSigningKey":{"public":"BYrSclcl472DxMa3Pd6SOs+gDt+JLpjrfWod8fZ+UNty"},"senderMessageKeys":[]},{"senderKeyId":1907784838,"senderChainKey":{"iteration":927,"seed":"fHRBxAnHp3TnwGD2OuizgvZU8GiLIIl3pOZRTfS/PA0="},"senderSigningKey":{"public":"BfUsQfSKu+g7Gyo6YSbXD+rcDq4nHWF9KFuTb2WIDfRx"},"senderMessageKeys":[{"iteration":1,"seed":"uhkqxoU+i7odV6PRjv25+UwSUmpavzz+86PIKJds+z4="},{"iteration":2,"seed":"tgen+tGEzLOvJun3gyH/0KjkVb8oTSB4Lq1NJ/m4Hqg="},{"iteration":3,"seed":"jmMjLM0k2lROFGO8nx6ni8m30yCC7KAuzHv6yp8NgxY="},{"iteration":4,"seed":"LN/quqY3KVFiFzcNEjCJdmAizBaviseO09CxozTWzHE="},{"iteration":5,"seed":"vjxm+IBdJeFTs+a4iFnicq6BRkogI6R6I/2n6aKusQI="},{"iteration":7,"seed":"PsK3FCdLGvYW6QxwVmIEZlIzQPpfotIdZ7XZajcLGh4="},{"iteration":8,"seed":"fs/C8FBfFFmuTxXSJkbZqocr3Hu1LTwA+T6Maa866Jw="},{"iteration":9,"seed":"mX0AdH62y5U5TA7Sfw/wCXUhh35selVeZH/4N80Wnw4="},{"iteration":10,"seed":"+j3jon/0HdF0yBsaeTiXSN/5V7Meh1l4TjIjhBAV4SU="},{"iteration":11,"seed":"akiB756cEdsknXgK3TomanQnqPADoMIemIyMAZotm6k="},{"iteration":13,"seed":"reGTWf5ALwbHHyTarv+ME4OJUi4ZQqvaUal+JQ8RZCo="},{"iteration":14,"seed":"4+QA9muFym9na9JEdJoRv/0gmifB/KUZFx4Dzs3pvpA="},{"iteration":15,"seed":"3BpnShGpYKmo1PFhMH3+TDt8LV2ZE+av6+Ox1k0pSG4="},{"iteration":16,"seed":"lpHxVK6PyDvgx6c0QRynw8opvhy+sKRKU0n9svXeFAY="},{"iteration":17,"seed":"0w3q8/H1eROD1/PY/jzuci9Tyltrmb+PiEUDL7jWZ7A="},{"iteration":19,"seed":"3GsCVzvjMJXYl1yGadaz6NZ+8Cr0soN58IIMUNMhpr4="},{"iteration":20,"seed":"xS+JWw5veb4g+NLrgGwEZfQiphMR0Z84PBXw33dTDCc="},{"iteration":21,"seed":"/TXv6uA3epwvmV5/Csu+HTU/si2t/Xu3VW0vP1O9DmI="},{"iteration":23,"seed":"ONpi6FP18Ch5xIHwAbGAI+da78X1iIG56vR6ZY8aXqY="},{"iteration":24,"seed":"z8wkpnt8C5vZjWL+l6sL7SevtXAxaGmYQ3QdbusffYc="},{"iteration":25,"seed":"8YlhxaxWll56lxfOY66CC616EPE0SkpkKal6+tjx0M0="},{"iteration":27,"seed":"tMdvL1MEpMEYJKL/jjXkIoZE9uJLMRfGiu/RUwmitw8="},{"iteration":29,"seed":"XExzTxW32l5b/V/f23pJ616AGfTUXAeRX3aBX2WCIB0="},{"iteration":30,"seed":"3NnudwcDhhpDBzJlBt2bXfBytBXjQHe1n5C++aiPMrw="},{"iteration":31,"seed":"gowVKQgCtX+HwIQjtWdWMY8hbEvczdYbo/ycuFELtNA="},{"iteration":33,"seed":"ogz2o2RlaTbYP6qp+4YcbXO89p4kUpINEAUrVwW82N0="},{"iteration":34,"seed":"HB3RCrOcYKqdrlVlJeq1Gkq0e34Leweuv+yws/uCNF4="},{"iteration":35,"seed":"3cVh9uQA8swNWc72uHbv71BCb1RHSoEoHcCwgxlqFWM="},{"iteration":37,"seed":"aTWIq5sHqtxrFRFRDEEf+HdV7DdQggi7lGm72KLZl+Y="},{"iteration":38,"seed":"+Jr/XokkKEiGhQz9nD5kkeiqcARzZjjC4u2HeaQ/1zA="},{"iteration":39,"seed":"6KK97wz50/thMO9OhBKzNdxTprVuJ85LvK5k2GQa5gw="},{"iteration":41,"seed":"rBJ5iYY7Lw2qUB49SVAkrkVEhGyZgjC45QqKLc0TBqU="},{"iteration":42,"seed":"hcV1/EQYQSuYHGjzqtzvtAw34BaEfYVi9IL7ZE/Hp/U="},{"iteration":43,"seed":"vqQbNHmN63HXjQTHoNhTQ9WgOnMwf0bsWG3whrjycFU="},{"iteration":45,"seed":"R4XtkUURBNsN49ToHxLh89X+Rg31nqSpzPDvFHLce5k="},{"iteration":46,"seed":"ds5Ui/pN2A8P5iCGHgmKfD5sjFsZY7fNAzS0RUj+lfk="},{"iteration":47,"seed":"FEY54/7QYAFZDfqNT9tLB9hTPFAUO4LsfpXnErbGRtE="},{"iteration":49,"seed":"iJq+riCfj+0GSdR8QY1gIhHhYEgE/c4Tcdqmh0uQiFA="},{"iteration":50,"seed":"52675RBKlzp5RrPYL5rSijgF7hlthlNrUwlVG0acF7s="},{"iteration":51,"seed":"7MtlqbRjd1b1LerKDH2FA7Y1W9y64Rzivkkx4jLfcJ0="},{"iteration":53,"seed":"3+xwW/XivK45IM/3FRIYVMiMsR1iioDcpMX7/wfq4HY="},{"iteration":54,"seed":"eWjbA5+/3gmWIodf4cY0AvN8boRys39Qj1x2aiuhmCE="},{"iteration":55,"seed":"Q6r9k6GNVf2ze0zGVlKg5uLMtudo+s8VTnYpVtLsaO0="},{"iteration":57,"seed":"7AH0I8J5dY5HzZkkSnlN9trEq05ONBHox8WytN8vtVE="},{"iteration":58,"seed":"p0aYm+9xh8DBVsgB2zRd1l2wx/UoZhCDkyHeZO1/Pkc="},{"iteration":59,"seed":"dDT7c1Pm3wR1A3QcF1s24WZHLW7y9TVpmMQVk+bW+Pc="},{"iteration":61,"seed":"hGNl904BwgDd2jkL/R7e1gOO8U+q9od0g5PzpWGGgI0="},{"iteration":62,"seed":"WdiJALCnSU8/NvE2JbQr1Pje9nq+EOFBgi0Y5uhO7Lc="},{"iteration":63,"seed":"DhFkJhGeJKl0UeGEUBXbX9sX+hyqVzqgSVr6Q4yOPpQ="},{"iteration":65,"seed":"o2MbHQ/DyaExC6vRyJB9OsEejU2qZnsLAEsEJg7kiM4="},{"iteration":66,"seed":"ZYaV+U2Csui3bNqjFfC8NsrWej2BjmztzxO9sSSr6P0="},{"iteration":67,"seed":"GsG+cqDs0fdro3NpFUngaXirh+TWZfCWqNawWT17H6g="},{"iteration":69,"seed":"3vIKZVzmopUibtoG8NLDJr/VBE7u/+G63RLc4++6hS8="},{"iteration":70,"seed":"k+TKOdCP4S/x1rZB8Y+C2QaL4mRI7Qw2miZPkzu2iBE="},{"iteration":71,"seed":"hF55fY+znBsFqcmYGbEoAZf843LEVIJqQmTphd6JdwU="},{"iteration":73,"seed":"lPMbcS+m4PWSLzVv21kEiRDcuFwhyJu+urCW3TyKrhI="},{"iteration":74,"seed":"zuYBPnZSbMF9JUTAPLvNiBk4UEhNWTogx9UexNHJvD8="},{"iteration":75,"seed":"Nl9YN+FLN2X+QgCzQf8SDUPFNogM+V/hhv7SdHVG+5Y="},{"iteration":77,"seed":"Ta0m8cDBt9egvKzE4BL9RjlHHGwQKRsqGuhbCDe9Vfg="},{"iteration":78,"seed":"xaSXZc1VGLEsj8Rxl7L6vj92kydsFLRF6jbKZLijTWQ="},{"iteration":79,"seed":"UOOx8oKJVqX7YiQVqMNXY7AMkHRkpvHLzypJ7v8qD0I="},{"iteration":81,"seed":"wbITYgVyG3zDuGM5UG9UkxBmeoHSpOFM62FmAsZzjXw="},{"iteration":82,"seed":"1klvfkFE1/iOHE/wNyrbWSaJ6ysHmgV18krP2oLbLMo="},{"iteration":83,"seed":"/VbcorvK7vcXaF8NMDSzNSQ5unUtE4ZG6mqKCQWY4gU="},{"iteration":85,"seed":"OSE5fwc6zxfG/lgYo+bqlqipd+zwx8C1hWZh98lSQfU="},{"iteration":86,"seed":"yphFiorKC4MHa/Pwh/2hbfo0uFuckWjrlFr5Sqnqesg="},{"iteration":87,"seed":"GFrzOOkR+gjONZGTVIJ4Swsg7gF8oHVCAfmQsW8b4BA="},{"iteration":89,"seed":"F0rsLca+odFfG8Bvhs8sTnYm1CB/9+ZtuXEZkmnTqGY="},{"iteration":91,"seed":"RzF5gWuz+07N3ZnyaihzS+zMbz7EGUTW8u3DXQaLReE="},{"iteration":92,"seed":"nFqTpZQpFlqcAsagHvBjj/TmUV5Ca68czes6SnmkFJo="},{"iteration":93,"seed":"BBSCXXspp423euHu0UuapoIH/DjBBfDT70RCLddOXGQ="},{"iteration":95,"seed":"unnVBlzRnbNrsmajLTNeY/9O/dV0q/+PCLzKQa+J/MY="},{"iteration":97,"seed":"rJ5tAMGdG9woO8TTdYdEpevERfaVEsrUJFx3YAuOyQw="},{"iteration":98,"seed":"6WVN9Zk8uyi4s39SFuLG7XssgAfVcfnpnfhCnYa90+4="},{"iteration":99,"seed":"B0u59ZZgZ0MDMK6XjKG8wGC9DqpE9uGZbAS96la1VYw="},{"iteration":101,"seed":"J1Cdrk3FRJhts+15LzKb8tohhndrxovc+LMGjMRbV4k="},{"iteration":103,"seed":"FMkvLpmZl/r6NNUQhDe78OMciF1dOJJk46FJnmJtTgM="},{"iteration":104,"seed":"BRoR12wnZJ7e133a/4KIEyD8uL8Z2r8+4zTT1ZLLE0Y="},{"iteration":105,"seed":"acBt8+z3pfM72rnX6rSBMJbLqFYcuTAD30cL/gbj89M="},{"iteration":107,"seed":"mHFowF+XavAIADINO58MHAOSzuq2GO+N90jmldfK8Aw="},{"iteration":109,"seed":"JXWNet5Mlz+2s6KVPNHL2C645WPDekq98r1sM0g5ykE="},{"iteration":110,"seed":"GDW0HOuQlUE86nDAX6JZlBz/LM/a3yFle5nQt5WapMo="},{"iteration":111,"seed":"AAQYp2ls0emp0KFytRScfyxF+LM7yiUzl7NC192Y710="},{"iteration":113,"seed":"JjL5xTUga9z79DnSvRsR12zUUy2bKFoLIT8B3GxA7/g="},{"iteration":115,"seed":"rsBrdH5+YiZiT8810wS7vH/a6tBDvGuGy+RM0pE1oMc="},{"iteration":116,"seed":"kcTJMLs+qcstGZbK/D34itOQyalhrvCTvE2aRzHPZd0="},{"iteration":117,"seed":"+gR/nTzKnXnv9rC43EJ6u5VGzIwASToRLG7zJmaqsFU="},{"iteration":119,"seed":"x+qnXqxbogiMCtfDMth4NuBbTixal05KK7yU7KRenkE="},{"iteration":120,"seed":"yI2NKGlAJMjpMKsnfpVrhzVwetsxW5kGZkicrr/b51E="},{"iteration":121,"seed":"ioq1BOkgHxtdi0slCLssrrSl66iIQd7vDXdiiyJU+Ao="},{"iteration":123,"seed":"qIGJJEBX5P2XJvhwjXblmUBEh6WeU9mBkl+F0aKORxo="},{"iteration":124,"seed":"ovHnfNNUxHh+14jWiaXuIPyWZCO30oR7K4QFLWgkMUo="},{"iteration":125,"seed":"jhnf2Vuag0n1RDajc2YNwI5GsNs5mdYZ8ZIoiKmg6D0="},{"iteration":127,"seed":"+ZYImRAGeDjRDXWTnm/z1lL/OfAAjfYrJ8jTS+448wE="},{"iteration":129,"seed":"FJrh3m8jwdh4po1pxuLAQ7DAw3N23kyc2fahQsylLJE="},{"iteration":130,"seed":"qGlmAdgLpPOYhdAPC6FQNP54cqOqdabcGfyT0ceqVx4="},{"iteration":131,"seed":"p681ku96PqK34/W8kSvPIHjs+iFpUccTzGgeBBd4a5w="},{"iteration":132,"seed":"gnmthnVMzwQLduBQeGtQ0l3inU7BZvJsRgaqvG8MMvg="},{"iteration":133,"seed":"urnhYA3YORgZimp/qBdFz1k57q+CS/xuWi7BNKau7VY="},{"iteration":135,"seed":"5nwwc8Bt8kSSmldj8gjD54i8RxnLBLqMFjaPwqLoiIY="},{"iteration":136,"seed":"4rhs8DJubsQx+jsJ8QPppDu/G+1SABov8Bi+YPS8mQM="},{"iteration":137,"seed":"9Hne+QMRJOSr5VeQ6H2PJxU6HKLRrVkLg/NZU5y2IQQ="},{"iteration":139,"seed":"qBsmip+lbpJAoy85g5aN9XHxMMHezbIj/jNbLkF6tN4="},{"iteration":140,"seed":"RY4CPqUnLupE5a/sOk4KPqVIMxkAoLzz9kexdOjwAO8="},{"iteration":141,"seed":"svZ6ukrXfApEB9Ectlo406PVEyqWmJoD1SZ5Kc8d61o="},{"iteration":143,"seed":"NCp7IKBI3TNmHy5jJmGtO5NWCPjcoN0zz8hTL4sCp6Q="},{"iteration":144,"seed":"TziM+NxsZZpsYmZ2GM4dg+2JnNpBqBNbyeR8l3Aqnso="},{"iteration":145,"seed":"ffdExldhWjn3UdsOP7yiXkrLpri7SfLH8YgCVVULWMM="},{"iteration":147,"seed":"tUwP81lundzGk2rPHpKIW7bUj5b6iqw5pFCX8EayhFU="},{"iteration":148,"seed":"BQ9U6SxwgPDOCu84vvi2Pul83f0Akj5TgOY3OOXy4NQ="},{"iteration":149,"seed":"LjitWmIONRqqG4285K8jcVvcLOWrzFFkMY1MPPaaTY4="},{"iteration":151,"seed":"DWjGNkogEEa0g3Ai4UI5GaS6KrkxnJWPfmvQ1r8AchE="},{"iteration":152,"seed":"vhpWqIyKeh2EZe+8Pvq8Aa8OwFEQtF15tHGaxqXOXM8="},{"iteration":153,"seed":"fSl7qpLGDt+wxsuWA5jl2c6PwuJ5SyB7wzDs+Ybw/bE="},{"iteration":155,"seed":"wZhXjouRo9KE/gWOAAuBs0BSVNgi6lYDWoONf36KK/4="},{"iteration":156,"seed":"XxRs320cVFiGGC+WcxxYMzW8X7xL0fcPerpjIT4ta+Q="},{"iteration":157,"seed":"r0Tw8ovo3ryTnqvFbW9Pkja9E7ceEd0vajpiT56tc9U="},{"iteration":159,"seed":"eLEUh00nwDIbAQQPfEUHtu3xOinpKygo04j0vDzJNfc="},{"iteration":160,"seed":"bHDo5WJX+asTfnKydy3YhytYSmpGRHFP8CT3AZDQ5B8="},{"iteration":161,"seed":"G7gpqbVFey87mq7zACSnWOtY5oTvyvIQQ7OCq41v4Wk="},{"iteration":163,"seed":"UDUBz24ezo0/qfmoS5OXDfzz7qspTkbZ9q81dlNp6JA="},{"iteration":164,"seed":"VFfzx/UmxROJ1PARFwqQwO6IhgNAi8h1nphSFtc2PPU="},{"iteration":165,"seed":"ksC4GxbamE291zkHQhaqQLlnCcQKhjxlWkciYAZu2dk="},{"iteration":167,"seed":"AigCTDQnn8PYmZsn+q3t/tVaUqyFWqAFdolwmopNVYo="},{"iteration":168,"seed":"UPo/RSbddPuaPVeS3ZvkVvJndzsXlKe0zbbXKhXayWc="},{"iteration":169,"seed":"UCw0KI5IagUl/1eiT9zjpVu2z0HOLFJseHTbJHGdVUs="},{"iteration":171,"seed":"QuQVugcoKitfEwbjA3xPFaqR5gqyWC++NHan50NerPU="},{"iteration":172,"seed":"8714O5jd6z3RnJBK+pHxrIi0BSdmJCj4kbzolcTqV9k="},{"iteration":173,"seed":"gQcQKJxqIdGcxIRy6i8+8dDzh2SvsM9U6seSuQSCfd0="},{"iteration":175,"seed":"zTJ5ZpOiI3rZEnrTzFP/QL4w3Cnic+A9XmgFZotNZOY="},{"iteration":176,"seed":"w88TUgSbgoO4+s8R75FspZPZ3ZVNaeqMEKiHSDTg8FA="},{"iteration":177,"seed":"eWte4CgFNNR+/vo1dT3vlBuIXgY/8XWk1hkDMgslGfs="},{"iteration":179,"seed":"EBWb9URrzAgOmGvj2yKyw0IOjE3uKvbad9mIoHnWmlc="},{"iteration":180,"seed":"KexL6MB1M8LQo/KwPo3rLwEYIY1C+GDJE9EtFZth41k="},{"iteration":181,"seed":"rMGVwXb3GCbwPPQ2JadGb7xG9hnQWgtYU3sGjSWfR/4="},{"iteration":183,"seed":"xYa8CUq57horsxQ04C0W40HDT14Du9pWOH086lHwHNo="},{"iteration":184,"seed":"Y+i3GNLQDVYSm05nM0L0dmz9GzkYiq3uD+/zzfWo5MI="},{"iteration":185,"seed":"/4Y5cWui5yCsIZEYnXrguDP874MDIKy7adI5e1uVB6M="},{"iteration":187,"seed":"k3I2M/HA/0aLnnlElbPYt8sgmNtJqAB7Rmy/IITxNrM="},{"iteration":188,"seed":"+cWd6nBUAGNmgwJzt5SAClIOUtpJMZzJ9hck1WiK4Do="},{"iteration":189,"seed":"zBXnl6w9FiQ7a8BE96F9+1I1B8kBmpg0fXadlXXICxU="},{"iteration":191,"seed":"7YHx/njit32iyVePOMSnjufhVPi/1H13pKs2+uDGLaw="},{"iteration":192,"seed":"4JBXEDejVTZgLyrwMeJXtZVjGBXuiEReWit5ep03UKU="},{"iteration":193,"seed":"aU3pDvvbpo9Ehb7stsOzAYBdnQCaelXAFTsXRGWfXRw="},{"iteration":195,"seed":"BmPk0p3KbWwEZU4NBnP5Dwj6dNkWaPD4GfvGywwP3Dg="},{"iteration":196,"seed":"tkDINND2+OV/sIH57XpnwAMXb21L8J/galsQDntj9c8="},{"iteration":197,"seed":"BivuWL3JHcWQxfLtXc9sX7JsdMsuKI5KwmH7PvM8Ojc="},{"iteration":199,"seed":"Jeo7Q40exIWe2LIx3u0+0c16jQggD6wxsi6yZI9b3g8="},{"iteration":200,"seed":"ESTTXKXVszuaQ+TYLhTm7HiHxlCqZOBTbLJywLkdDJs="},{"iteration":201,"seed":"0Wn5DcdbzYP+As5SBdUmH8r8o4RB+IId4ea3b07TYEI="},{"iteration":203,"seed":"EpcuBOBOgdtIwT9+bDEPX4DvZkS/LTWlBjwyEEQKiKg="},{"iteration":204,"seed":"1KlFhzOksXPJ+ifgpPUTl4rIf5EeQ1sfe4b1yuR3ap8="},{"iteration":205,"seed":"E84to0GzHvX6IxBJ/ct5YP5DQ+RDp5d0mY2VPQl4h8Q="},{"iteration":207,"seed":"qJbaepaOUFS5neXBaHkhm0Yg6BjnU+FWH2MXP+ehbDg="},{"iteration":208,"seed":"1V++D+bOWgqgk50tnxlrY4fcup5XS1IpNa8bPdbdXz4="},{"iteration":209,"seed":"c4kpHuMPsBuoCF1uRpI+ZsNJwiZ9tVD9loOtt3XDYfg="},{"iteration":211,"seed":"HdzQshXywUqozIsNnlsNuQwOKMolOg42YTTbgggzeKc="},{"iteration":212,"seed":"lqPvj77yhzxYZP65buCl9TI+7Fdma61xq89BFh95tN8="},{"iteration":213,"seed":"BvbekjAWZ+2gvP+zE0tieFTUQEZL7P+o5b9gZsjtb2A="},{"iteration":215,"seed":"qXJwIS/3WCgmTw1jx0o0GyYXpaiYMLj/MnWWSJA/jp8="},{"iteration":216,"seed":"yX5G7SMFIZzi3WmYcrz8uxT3vbGQ4uXp4bK7TPeTmmk="},{"iteration":217,"seed":"g8S8o8YJ2PPqHTJsG4ynphXiqchU6MUnAcMBwIAFLss="},{"iteration":219,"seed":"9PbPU9m1bAWlof5i4Z457NU3R+jbugki1cbReQg3fac="},{"iteration":220,"seed":"zL/oB2GXhusp1drqJR4XCkrZ9JdbxEEQQoTCbmq1T68="},{"iteration":221,"seed":"+KG1o5Au9X0uu2peJIZsIMbJumUzrhVyzwc43/gIf0Q="},{"iteration":223,"seed":"RiuEjRDS/U6DGaS8Ytq2vIVAdBJkDG7T9y5wTZ8yS54="},{"iteration":224,"seed":"FmYBoGMfvFIhe4jBc8ST6e/FUeG9A6DgB+9z7uXvgvY="},{"iteration":225,"seed":"Hhbwf6LdPPeM4ZFdIwC4ePHzSH4G1lPNOeL63LRLoSI="},{"iteration":227,"seed":"IZVZdSfyDeMXTDMPFQ+Z4dvNIqVvZTE53KE8MmHLOEI="},{"iteration":228,"seed":"D1AecWn9V8aAhwtl7LWjeG72ygWoUzcmbpipfYA/BtI="},{"iteration":229,"seed":"hAJtRLPRot20yEQLx04fUF8jo+GM9Bl+AUt439vO5cM="},{"iteration":231,"seed":"sE7vCcbp1/Xm+RzxecB+qm08nWbliQLdMNTwCFxxbJc="},{"iteration":232,"seed":"t8hwoZW3061a2doIHjXYJTzd/q3ImvLAZkomkGRvOFU="},{"iteration":233,"seed":"TGTL9Y3uP8rxBLkRU1Zk/J5II2GNL/m/1/ttWBf70oY="},{"iteration":235,"seed":"8ePue1n6/2W1Y6qehY47hnEG3Fz7ZAmEAYeIYVVj3yY="},{"iteration":236,"seed":"0ULltQbBbiH6LYJBJZl7VtvuP6r6EfmTjYacVMlImQE="},{"iteration":237,"seed":"KyeoCPQearBGNj4gpZiQRVnODlFPd7EdPWe2JuiF5IA="},{"iteration":239,"seed":"NVTDRik1IUS7TE10zwhHgrMkYlxnM9IJ3ezHp9ap3RE="},{"iteration":240,"seed":"9EShczfwcJf5IaoT3BtUV7ZZZyyzTsVzF9hB4RTakZw="},{"iteration":241,"seed":"CvnLIcOtJjpXo23H+UOI44WKhuBuEZnZzKSfLl+wGRA="},{"iteration":243,"seed":"/laY9X4YnmMon5gmPAsgoi+O8b6qyHieEp+A8/OFXGA="},{"iteration":244,"seed":"XGwj+whO4F/AJToTvIPMKUBqqkssjoSHl4NoOn5qqgc="},{"iteration":245,"seed":"jpNwCLZVBhZ6nkElEDgaEhWA2+8a0qm9QA/oxlwHrdc="},{"iteration":247,"seed":"MZLJzxXfLEnZYtH8hP02repFqjY0FT4fZMlSVlnr9IY="},{"iteration":248,"seed":"WGHil5OvDfjwfy9Ouawp85kShg7XfFALM+Ft/ygdDlo="},{"iteration":249,"seed":"QNVAtkO+GzGq1gwDCiIDrFFPH/SU9e4Db442jE/e40M="},{"iteration":251,"seed":"41qiD7C3iq4EpDKUdx4BZ7doPvbO6/xXb7EdXSfqoxw="},{"iteration":252,"seed":"R3+fhV2lGjzA7TxKCzeJ2NhwU66usYNjDY9PjzsLmus="},{"iteration":253,"seed":"W+YjqiPCCJg7Q5PQlCy+H71VgKz7qZgf5FRxV8wSYok="},{"iteration":255,"seed":"RpKHoHKVmHseVIM90EQNJLqdD0XT7n1OtccPuj81ew8="},{"iteration":257,"seed":"K6Qk5kRiZfBnAdII3R4yDqCsCupaid0km3AWNMjFbtI="},{"iteration":258,"seed":"5zoAWrXOfyBBSXRd6WklBuqAr1ayTiI7FPoMK6o4oQI="},{"iteration":259,"seed":"D/yagPyLtlsiuae++UZkj3tiIWRTMsNvxK+CzRXmWYg="},{"iteration":261,"seed":"zj+r3DNtsILxCKn/4TvEWDM6oTgxydx1mM43J6cqzSw="},{"iteration":262,"seed":"wdcPzrysoIKlrX76q/XXLylRC6oqjymb5sCnH8ecnZU="},{"iteration":263,"seed":"IYLOonLgtDjAsp9zPCwmkhwAiXOx1Hi1JQHi/jEBQZs="},{"iteration":265,"seed":"map78f9ypECnvo/vv5VdIONHU133xIDgs/x4JU7MNtg="},{"iteration":266,"seed":"PJ30jUWTeg4orGa2nBMbsW8C1lJe21M4tnen9h1IFJ4="},{"iteration":267,"seed":"wv9LszBBEZcM09iECRDs14fNAMEUDKkT1RXgKfVRVrU="},{"iteration":269,"seed":"8O562IgGN3T4CBjWb/SnRUwAMRu0ucpYh6zWqrTGNsk="},{"iteration":270,"seed":"Yc0TNigbgbbf7TjEUnbycTrYG/s3ArtNXpO6AaT9B5Q="},{"iteration":271,"seed":"CNb9QH/jMT6bonkAp2d8+NiEnst6lANE76ZtYXZfRfM="},{"iteration":273,"seed":"yQijpwxaj2N9sjmai4c96g1OLJ2ptDsrJnBDct3FYbE="},{"iteration":274,"seed":"XgXZCDXBiTjI2LmqOtEY8l3HxZfmD58lGB2YBio//b0="},{"iteration":275,"seed":"G8xx4C6cCcr2RR4kbShuo8AOHbwJzSv+Lx2kmlgsmnE="},{"iteration":277,"seed":"Iq4PBzfZQH5nWa6L2Ud8VU/zvoKdueg0fgXGmCqD4LY="},{"iteration":278,"seed":"88a3RtpJ/diX49aEJrGh1DOFLGLfOY3MVeE7aF4MgYA="},{"iteration":279,"seed":"vaHW1NlrCie2p1sQf1X6Lh1sl3k7eXS3lFfaJWTBJro="},{"iteration":281,"seed":"KRaPNCu3bDIdilBHunnYzjo9qlNnecEZezt+7sljSyM="},{"iteration":283,"seed":"ZB5+H/gHaXeXpZXNxm1HkatRwX0TQE0k2WEPdIyivmE="},{"iteration":284,"seed":"D93MvlKk9hUuJauB4wej+O5Z3nb35sF0/6B0J26+Fys="},{"iteration":285,"seed":"6UFiGd/jetMtYeS1cu39XnO8bTc/6iiQqOZuwa8SIIE="},{"iteration":287,"seed":"phjZpaoNfYBr2YBBJKzP0xvkXFG+1NvWSQHfNoXV+h8="},{"iteration":288,"seed":"sNQg6tAXWk37+03Qnh2pHGs0vTAx6KSLVd2MPqH/VPM="},{"iteration":289,"seed":"aR00KE/HnQOyPWQ9EyFZWsVVM+XctqKmpyZzubCVNUU="},{"iteration":291,"seed":"0l7arFo/9a8s8TdsoGZyCre9hO3H3CXFBiVAZqoZDBw="},{"iteration":292,"seed":"uZqK79wWPy2w7M93FS3zRnhnyGFI3/goOwuLp/WDCaE="},{"iteration":293,"seed":"3UksWb8FsttQZ+TEJvcPVE9I8mhYd4PIgMEWd8grH98="},{"iteration":295,"seed":"ZUZ7Nwg/9qebxtR/2AtzSrIDvn1Wdscl1LMtTqiJVcY="},{"iteration":297,"seed":"jbqwvXkjFrZYFes192LIvqQuS5HHYO+9u+47kOlBNGk="},{"iteration":298,"seed":"sf7a4bqk4VPCJ50CqEJdNndY07NXfU68Af9SLAk4Uhc="},{"iteration":299,"seed":"mU3Vx/aGclzUM9BmfQlEj9E4qQV681qqCIepSNkeoNQ="},{"iteration":300,"seed":"+3pZT8JTseCdRSNuxJSVtVusBACx8Tg64pfesmRwDqw="},{"iteration":301,"seed":"Rh9gyeP8AH2hJVxw/6UApIhu7gGzfYd+LwvYtpOwixQ="},{"iteration":303,"seed":"MzIiIgBV9HTB2jY/kIlflreFgr+3pGyl0VmLAhmrAUc="},{"iteration":304,"seed":"mo2KWJ7jLZGmSOe2Q41j8ZItAMStJB6Vju2VFn+WYfE="},{"iteration":305,"seed":"Nc3UWgn/dXct8aBNYutpSqwkfMjuFOUg4heOfyKohGk="},{"iteration":307,"seed":"/k1X8Zb20ucCqWJJAvTZN5U5p1YFpwc/2O1YL9T6XRk="},{"iteration":308,"seed":"4WnnFuqzL1Lg4pXMEJWsfJWvjSfOl52j0cSyiJiVd+Q="},{"iteration":309,"seed":"jOyWkYWFyfozI1P856En4HP9R1daDRoXV9eB5H0kHNs="},{"iteration":311,"seed":"mQsK1Mzt9+QBPX1ljbRDqwW4q4Bahl8Fg6xwAKld25g="},{"iteration":312,"seed":"DT7eTQpGDjsMGxffMk5foXfYmNnMpAQoueJ5MkABuRw="},{"iteration":313,"seed":"H+o6AIfNOC2vnoB5IOyaFm6BFnVguMj4VhqmCE/Os2E="},{"iteration":315,"seed":"W+wlOlT9r5G/GoXBo1vtaZ7QQn6zC9zVCTBXP5Z9oZs="},{"iteration":316,"seed":"IcJgFbJqpzMdcWN1VEJlS61F4AZQi7770SJ8CjKniX8="},{"iteration":317,"seed":"5iceb9jTdFiiwk0q9wKvFsn7H08ZZn89AHdgx8+aoaY="},{"iteration":319,"seed":"8ohm4dhMdDLbvbwn0VchgkcbkPAzKYi4iR8jduZofTg="},{"iteration":321,"seed":"6Ywzhop37HtRrkwV0l6hoBB2Y917fqFR6QaY+OzGH5M="},{"iteration":322,"seed":"PgUlAkZimHE4mP+F43sJCPQS7KuC5q6YG9gVTTVCbGY="},{"iteration":323,"seed":"b46JdlhHh1/b++cWdM0/78K7t6+Xx/sSjqzmMiwnhmw="},{"iteration":324,"seed":"fmSShOzgnSTqhqvxekz4npe7D96jKSdZ7KEtXFlDNh0="},{"iteration":325,"seed":"l0gthbV/OqQO/5G3lhm8rTboMLh8V/el7VVjiAt5sSk="},{"iteration":327,"seed":"/CZcGZcK4a7VykTES1m/4PGwniHfJwvAsVaIIr2KWNc="},{"iteration":328,"seed":"ro/hTuzNLWcG2ZSEV+PMPPCPkTHR1nRg8FHaBQSACeg="},{"iteration":329,"seed":"Q5e1Y4vHMsXi36K2o1fn81Xh56enJba0eqiXekkzaz8="},{"iteration":331,"seed":"EWGTLGtMbT3Ms+Fl7wkDhuS3ASSBSjpchvNH9acNBpw="},{"iteration":332,"seed":"eacdFhfAm/dVqeUBoBReBrU1MSXd1Q++oex1tlz6L7A="},{"iteration":333,"seed":"6iydbiivB1ISpPSNyiw+SSEiPI/6h0e1i9+b8eyMsLM="},{"iteration":335,"seed":"s644qkjrhGL6q5J/HC7Ss7xr/QkMJijuGlYlUXycD2o="},{"iteration":336,"seed":"/Q7m5lJvSg/IEnUaPC8FymNXP9ngA8MQ/xFUTJ0JVYw="},{"iteration":337,"seed":"L88VPrMfhP9E2RSNcQsfTx1ffl7YilmO6JatO+eGsHs="},{"iteration":339,"seed":"Ms1WSc1ZZ0U4z71HMwS8CcBIK5/shyexUgEe2b/F5js="},{"iteration":340,"seed":"CmfgH03JLt37O7Na7D2Yfp0DeqafaJIPFmM0wHQHEDE="},{"iteration":341,"seed":"mx4CVdyOrFJRVxfDxQNHiRBjvGotmKwSEQDtjuW8afg="},{"iteration":343,"seed":"bHlZgfSTAvLznqAjdSuUs4h5xZrymbxBAkGmb8GV1IA="},{"iteration":344,"seed":"l65s3bJFMUdZ+LC/jdEUSeleGFPMzBW8l7tmkijqPHM="},{"iteration":345,"seed":"A5zQZQg9xsm3ZdeAn1kanDdCS09q25LHXo6GCxUkMvM="},{"iteration":347,"seed":"RzzS3wRAmsrMi4Lart/R0EWF5Yt/SFU1i3kqP/7+2qM="},{"iteration":348,"seed":"T/JU19D5k9QXro+GKpriWXAk47K/JAeviP6ECILSVPE="},{"iteration":349,"seed":"SdvqM6DC8CtuD5u6m06Ig3kfKKewSBwgeW8NIUiBsKo="},{"iteration":351,"seed":"Xl/HS22IgbLtLXzN+h6K9KvXV0mMf6831sBqk3/loE4="},{"iteration":352,"seed":"SZ8lypwHJkpb+F5lOSyK3yIMdOVWOhndpXOs0XsX+ZQ="},{"iteration":353,"seed":"Zcz0sTIIkKEjB008V+narXAoN4C3U38gZ1z5b2xoNOM="},{"iteration":355,"seed":"6urw5oJh2b/qRtmcNBi40Iz45Czr9kI+9jG5leqLuVg="},{"iteration":356,"seed":"JOh60to2+OvOypa3Ck2bPZRtsR8ddyZ6AQHR13PIU0Q="},{"iteration":357,"seed":"0Cc+miMYqUnms8GXyWTF0Ga8n9vM21J4EVzrqIq16Qg="},{"iteration":359,"seed":"m+JgsAKaPWFOO7WDD9PJPRnQbrLv6LrQKcH0ZBv2RbM="},{"iteration":360,"seed":"ZSSZjCYiSigp4vX50N+oT4KhijATWDEST1fQEESVk2A="},{"iteration":361,"seed":"zFToou7spqysHY9+rQ4y0qSClNdbbmEMU/4pZKENans="},{"iteration":363,"seed":"f6wQfzb34LHXjHAuzMo2G7h7xK4NrKsfxRkxCHPbbdY="},{"iteration":365,"seed":"cQ8sDqXo3qzl5LZiPgUKbDAOFtbt5vDp8VITmtwHmOA="},{"iteration":366,"seed":"kixr2hKtLOsbxWeoKwHXSUjrHBxS6VG+kJz+T/FEQ1U="},{"iteration":367,"seed":"8Nr1yuY7cjq7qt3Gav8aj6PmZUx8Ek/RG9o/Pih+pmU="},{"iteration":369,"seed":"HUGA1vWMsr3HKQilAT7VKST6InJ2A6omEPkIyq6D4QA="},{"iteration":370,"seed":"VaS0fUcXa9E9d2MT7ovbZH2yCCMSCn0K0uTBxvlLpAc="},{"iteration":371,"seed":"dAx9kyCpOCWWTbx9vRh8O8fqGZ4GGvssLE9AqCZDCOI="},{"iteration":373,"seed":"V/iHTQFkieody/9GNpYxS776mKTtC06YOc4Njm0IbGY="},{"iteration":374,"seed":"vmweDGZbdUmiEvAz8Qu2wkZWZn1owExGNIef2Yo+8Ks="},{"iteration":375,"seed":"cZCKBX0AdqCXJ+TixA46BfJYF+0GQG7U8cnfTzw8VDQ="},{"iteration":377,"seed":"D2DOqpIT7uBrnoB5Qr4gpgzAjC2nc7mqdUbe832jBaA="},{"iteration":378,"seed":"3Q09pb7yF0ucY8Y3NxUhPikLEn/VNXp4aOy31DTlgqY="},{"iteration":379,"seed":"UbBETSoV1eVG31j37d/XtppQpz8+5bI/xxoMksE/5bQ="},{"iteration":381,"seed":"snU3IC7XfbxXJzC7A44Ca+jRIJpz5rDRo5liS966wiA="},{"iteration":382,"seed":"pdhnFJGjqPqoS4JS8OgAU3T8alBNfSeRRARCgzIDuks="},{"iteration":383,"seed":"9J5+Y/6ihAr3aBAu2lkebMlw0N2Y+f5PAAONGergjLc="},{"iteration":385,"seed":"7wOxFO1gLlGaGLUCLnYFW2oUM6AETXBHXm9S5rMPYWU="},{"iteration":386,"seed":"W6AvL9f+zB29ZylwfPySs+TAvFg+A0Nf8zSa66pPn3E="},{"iteration":387,"seed":"nptSZcOc+BrslqO4JjvOBhJ3pgS2VOtGXafqfoYfdoQ="},{"iteration":389,"seed":"XBWHKA8lAw4lVZfmfZseAGf7HuzLdMNH/BJptuoDzZM="},{"iteration":391,"seed":"WWhtunTkNgCLlZYoN2OASuQZHLo0kpnwHL9rs4PlP14="},{"iteration":392,"seed":"1AQuv7BH/EhSF3MSlY6AJ7NvKqtgbX/0cBHPZleFQYg="},{"iteration":393,"seed":"0RIBTFZ2j/JE866ZKFQnHE8AtWvvNmagbvrZlrGWOV4="},{"iteration":394,"seed":"oVdF11OTDOOK/cys10ZzQzfATCQKIVyalouzCpeA8cQ="},{"iteration":395,"seed":"89MTmNV4v/fN/+kIECZVGK/hPzMdrRGkmcubOOF01E4="},{"iteration":397,"seed":"yCMTs0mt14x8j/0H93891qiRTySyQZcV4CTC7AvF7Hc="},{"iteration":398,"seed":"xNx1Dvk8TtyCExv17DaI+wXSaqrndfnYDql2EMM1C0c="},{"iteration":399,"seed":"E2orTlQo2bC7jmNM3tIEbSuFZwLyB+cebIjeT69IGB0="},{"iteration":401,"seed":"tKogVsZ8420s0et8ce7RlhzFMYL2kQ4rzbIScmjQz2g="},{"iteration":402,"seed":"oiMsKtt3xKarXE6801EuOxcaZuw20F3KU0rERVrpttw="},{"iteration":403,"seed":"DOtQPSy0F5wkGtrW0yqgpBizunUVvEQdGEHpg66pZlA="},{"iteration":405,"seed":"b8pmniqPdV3Xsrdo92RCY/6IDpJcsg7Vj+wR5j16xl4="},{"iteration":406,"seed":"vz0hU1ZiKmCW9aDnTbSiWF0wogOboQzC1OtBX0MVKfQ="},{"iteration":407,"seed":"EGX/DPR8y0UY2XODM5ItS3YtzHlyHzIbpFrZ5NIzY9w="},{"iteration":409,"seed":"rr0h6ygQp7f78EAILxZXw0Vp8qUH2cbj8MLt98V782U="},{"iteration":410,"seed":"Utucj1UTLlAIX29NeuWDIuIU64bmMTv1PY3pIeapOBE="},{"iteration":411,"seed":"rPxHC1C257qjpwq0PsId2Hf54h3A5KCxUXE4r4lZYtM="},{"iteration":413,"seed":"t3ydh56VlnGpbB2HuRqPJpw3bAie5VJb+4ziyjppcEw="},{"iteration":414,"seed":"SOhRthRMmvO6OFx8PggRZPA2rEWCXmmkN0eB/YrW9lQ="},{"iteration":415,"seed":"YK9Tnx/bT/J9GDt/RIUrNftwSR04YLOt4nYGOPp3iEM="},{"iteration":417,"seed":"p2zpKk7eHPd95NdJZGFiTXhHAGauX17IZvI+bq6aThY="},{"iteration":418,"seed":"0zG1FPB4JtQXHFcMcP/b9YcCHHkBaSVBnZE9Q/TFG4A="},{"iteration":419,"seed":"HGAVkqDu0/O3gRkU/vYAFHBxkb5SNaLuynzRpQQFFHQ="},{"iteration":421,"seed":"aYGJW33kUf+jHCyTSkCqeJ09oG8x+X5p5kulK2W+Tvw="},{"iteration":422,"seed":"2eLp9opFA18jn90Gw9c4sv5USAU0QsV0i13+bAFinug="},{"iteration":423,"seed":"BDp8JFReavuLOzdYldcmU5ACmkCvzbpwHz8/5nqtw2U="},{"iteration":425,"seed":"GXMdYc9+/rx9cpbx+VrdKDrT5wL/7v2P91hbOwKoFQk="},{"iteration":426,"seed":"37GWCayPX7gFeC9axGgUazb9hZyEy1diyl9gKWCwuLU="},{"iteration":427,"seed":"v/QORSe4hQHvakzCGAVak6e/UeDw9VwRSoxmINju98M="},{"iteration":429,"seed":"jIs2KbIQZn3LwRH2r7BNm0MoIN0R9cik4mEGwKxxJtw="},{"iteration":430,"seed":"j9jOTieQcwHfwm/SwBIXO9ZPGiOn+R8QwohMi8uMR34="},{"iteration":431,"seed":"vERAZD+b3K+CJLOEBJsPNx7JprZ7eBIw1FtMEMWdL+g="},{},{},{},{},{},{},{},{},{},{},{},{},{},{},{},{},{},{},{},{},{},{},{},{},{},{},{},{},{},{},{},{},{},{},{},{},{},{},{},{},{},{},{},{},{},{},{},{},{},{},{},{},{},{},{},{},{},{},{},{},{},{},{},{},{},{},{},{},{},{},{},{},{},{},{},{},{},{},{},{},{},{},{},{},{},{},{},{},{},{},{},{},{},{},{},{},{},{},{},{},{},{},{},{},{},{},{},{},{},{},{},{},{},{},{},{},{},{},{},{},{},{},{},{},{},{},{},{},{},{},{},{},{},{},{},{},{},{},{},{},{},{},{},{},{},{},{},{},{},{},{},{},{},{},{},{},{},{},{},{},{},{},{},{},{},{},{},{},{},{},{},{},{},{},{},{},{},{},{},{},{},{},{},{},{},{},{},{},{},{},{},{},{},{},{},{},{},{},{},{},{},{},{},{},{},{},{},{},{},{},{},{},{},{},{},{},{},{},{},{},{},{},{},{},{},{},{},{},{},{},{},{},{},{},{},{},{},{},{},{},{},{},{},{},{},{},{},{},{},{},{},{},{},{},{},{},{},{},{},{},{},{},{},{},{},{},{},{},{},{},{},{},{},{},{},{},{},{},{},{},{},{},{},{},{},{},{},{},{},{},{},{},{},{},{},{},{},{},{},{},{},{},{},{},{},{},{},{},{},{},{},{},{},{},{},{},{},{},{},{},{},{},{},{},{},{},{},{},{},{},{},{},{},{},{},{},{},{},{},{},{},{},{},{},{},{},{},{},{},{},{},{},{},{},{},{},{},{},{},{},{},{},{},{},{},{},{}]},{"senderKeyId":1907784838,"senderChainKey":{"iteration":17,"seed":"gkn1YDtHGy30YclfX49QfqjEGjlO7puO/80AsxTShvM="},"senderSigningKey":{"public":"BfUsQfSKu+g7Gyo6YSbXD+rcDq4nHWF9KFuTb2WIDfRx"},"senderMessageKeys":[]}]