[{"senderKeyId":992998975,"senderChainKey":{"iteration":287,"seed":"N/HaB+NoxynvA7ZjpcMoO1SoibedB3RY6Glw0xTIhow="},"senderSigningKey":{"public":"BbXe1zTjxuGVh3ZTRTNzo+7OUkkfX9Q75yiGTTDr41AI"},"senderMessageKeys":[{},{},{},{},{},{},{},{},{},{},{},{},{},{},{},{},{},{},{},{},{},{},{},{},{},{},{},{},{},{},{},{},{},{},{},{},{},{},{},{},{},{},{},{},{},{},{}]},{"senderKeyId":992998975,"senderChainKey":{"iteration":259,"seed":"0cvI6IeyO4QSLmg33xoBmho4fEpsU7sUlMTkNCR2wkM="},"senderSigningKey":{"public":"BbXe1zTjxuGVh3ZTRTNzo+7OUkkfX9Q75yiGTTDr41AI"},"senderMessageKeys":[]},{"senderKeyId":992998975,"senderChainKey":{"iteration":273,"seed":"8SQcn98g/DHUMQ2Ol7AZ8jDi13M6B+wzlBPwKdNUQ70="},"senderSigningKey":{"public":"BbXe1zTjxuGVh3ZTRTNzo+7OUkkfX9Q75yiGTTDr41AI"},"senderMessageKeys":[]},{"senderKeyId":992998975,"senderChainKey":{"iteration":279,"seed":"P9NU740O65VJc+fj7EQJQ7rgoEKJpdxHfCVUAVa6djk="},"senderSigningKey":{"public":"BbXe1zTjxuGVh3ZTRTNzo+7OUkkfX9Q75yiGTTDr41AI"},"senderMessageKeys":[]},{"senderKeyId":992998975,"senderChainKey":{"iteration":285,"seed":"s2QsVb+KUJzNInP1jJih8AzLeJhQtN1aw2mxXxE1nY8="},"senderSigningKey":{"public":"BbXe1zTjxuGVh3ZTRTNzo+7OUkkfX9Q75yiGTTDr41AI"}}]