[{"senderKeyId":1250949346,"senderChainKey":{"iteration":89,"seed":"LvtDpl6j326qdDLwvAFhC81j7ux5MIvXQpnI9lMH3Ns="},"senderSigningKey":{"public":"BbKc0ve5KEG91RMAnw/tjbNnLbFrPt5/GbIq5bzPmQ1m","private":"OJNQjBTQQ/sUYFg3ps+SmZPFwfv2BMNUDUtOJfirdVg="},"senderMessageKeys":[{"iteration":1,"seed":"X13qEam5CGVGXQOEr2iEelBvky6lbf2ovRq5UkVUVsk="},{"iteration":3,"seed":"xv9EFgyuljS8UzuGvQa/O/AcjtScWzWCWNd5fn/fnoA="},{"iteration":5,"seed":"Z2e02b5i+jw/WZdlTe8Wmti1PSu3O651nfnByZFO2JY="},{"iteration":7,"seed":"mbE/vrFtg5JX907MvvhxNawFE1a6fGhPPNUwtBGAcow="},{"iteration":9,"seed":"VmA+lFIFg4M/zHBs0mii9t/taiIagM56HOCr7yqsF4g="},{"iteration":11,"seed":"iH8roMDThrKCcu/elNkWgMkeTyxtNrhLX6a+cP8tH0w="},{"iteration":13,"seed":"jgXi0crFaGuac6DEzsTcCqwOek/498O3QxL384zWNjA="},{},{},{},{},{},{},{},{},{},{},{},{},{},{},{},{},{},{},{},{},{},{},{},{},{},{},{},{},{},{},{},{},{},{},{},{},{}]}]