[{"senderKeyId":574111380,"senderChainKey":{"iteration":19,"seed":"y+3Sha9FmHnN+L/RbYJ+67lRAfX5k04mxBmxkU7SaNw="},"senderSigningKey":{"public":"BaukEIjrWjDxuKWBdP4KpSH8U0lPP4rmXTmMkejvccRH"},"senderMessageKeys":[{"iteration":5,"seed":"gzyxDhU5WcYkD/vsbMm5rGbKl+mcKJvVF2DpYDOfKvQ="},{"iteration":7,"seed":"hOehI7bHC1PbV8pR6MCcIkoaZWsg/FjySGrR3ACFpH4="},{},{},{},{},{}]},{"senderKeyId":574111380,"senderChainKey":{"iteration":7,"seed":"L4Yq4u5YhZxxtjru4Tvr0/KIonwHVa8YPRfSEbGK+sQ="},"senderSigningKey":{"public":"BaukEIjrWjDxuKWBdP4KpSH8U0lPP4rmXTmMkejvccRH"},"senderMessageKeys":[]},{"senderKeyId":574111380,"senderChainKey":{"iteration":11,"seed":"KUhrH1/S3SNUPhiIfkna/mQhhNi0o7oh+HrONNCabZ4="},"senderSigningKey":{"public":"BaukEIjrWjDxuKWBdP4KpSH8U0lPP4rmXTmMkejvccRH"}},{"senderKeyId":574111380,"senderChainKey":{"iteration":13,"seed":"ppmH7zj6zW849kNfUjMre3vEoalq+4JZwoIvckfJmRA="},"senderSigningKey":{"public":"BaukEIjrWjDxuKWBdP4KpSH8U0lPP4rmXTmMkejvccRH"}}]