[{"senderKeyId":1009136294,"senderChainKey":{"iteration":9,"seed":"ICAvZRUNUx5MTsPGw5CECD5trJ1d2YMr8gXPQ22SUXI="},"senderSigningKey":{"public":"BdVL994nau04j9bVi+zdFZNEZV9TLViRU2zKsvpujmdH"},"senderMessageKeys":[{},{},{},{},{},{}]},{"senderKeyId":1009136294,"senderChainKey":{"iteration":3,"seed":"C+Zs6d/YxYukx3qUq5cn8MEz60jo2wYgTYR4PrbXK8I="},"senderSigningKey":{"public":"BdVL994nau04j9bVi+zdFZNEZV9TLViRU2zKsvpujmdH"},"senderMessageKeys":[]},{"senderKeyId":981771589,"senderChainKey":{"iteration":1,"seed":"qf6HXDlwo9FZLd5CKbb6epyg1idwLO3trJIB+iJXGho="},"senderSigningKey":{"public":"BWFsI9jyOoIZcegwFNMFqSk0K/dcOtaJvpJWt0lA7kMu"}}]