[{"senderKeyId":1579986261,"senderChainKey":{"iteration":49,"seed":"BDMqsRSP4XCRymbr/fNaUBrDwpUGq97L9x/3Hil+2/w="},"senderSigningKey":{"public":"BbC+Iu6AitZrzP6OPnv+iB9UqFMnGYo6AiyunrSYspom","private":"4A/1unYZTnNzv1+JvfbFYJBn65FWjlTZ7K51qrbB82Y="},"senderMessageKeys":[{"iteration":1,"seed":"OGh7aFz8jXWJD2uiO3aNNoVlfWVghnuItDcwHmvXsSc="},{"iteration":3,"seed":"nk1hAWx4ALK63gPXnOeSaY3KoaAQTnbFHDZ51p93TYs="},{"iteration":5,"seed":"isl8YMcm+ypwyyr0+emUIg4lzgTdvVtcQCT0/0dY5Js="},{},{},{},{},{},{},{},{},{},{},{},{},{},{},{},{},{},{},{},{},{}]}]