[{"senderKeyId":1398430991,"senderChainKey":{"iteration":26,"seed":"STbSShOyE59y7eWnjRBevooF14vdh3svvmQnipvEX4Q="},"senderSigningKey":{"public":"BcgmHzvl2d76i/+2q8AAN14uIrsnjSBoCY/ncdhpzcFp"},"senderMessageKeys":[]},{"senderKeyId":1398430991,"senderChainKey":{"iteration":7,"seed":"jGFLCV7XcGPFa28camBdzw3urlM0An89d5MG0B2OYXE="},"senderSigningKey":{"public":"BcgmHzvl2d76i/+2q8AAN14uIrsnjSBoCY/ncdhpzcFp"},"senderMessageKeys":[]},{"senderKeyId":1398430991,"senderChainKey":{"iteration":18,"seed":"GKPCOjngLv5meo0wELcu70AvCmzfAsaitNtWsBFmHsU="},"senderSigningKey":{"public":"BcgmHzvl2d76i/+2q8AAN14uIrsnjSBoCY/ncdhpzcFp"},"senderMessageKeys":[]}]