[{"senderKeyId":427047415,"senderChainKey":{"iteration":4,"seed":"g9v4VKN5g8pFLNOMiQfJBNOD841g1FfvlIB/+XG2zoE="},"senderSigningKey":{"public":"BZ7cdnxUzfEgalAJ4dBS+wi65gDVhzADc4/gjUZwWPRx"},"senderMessageKeys":[]},{"senderKeyId":1102196415,"senderChainKey":{"iteration":6,"seed":"L79uQXFfaev4se6jEVmZBCEWutSjqjd4Idgc/eNiZUk="},"senderSigningKey":{"public":"BQ0GxeT72A/OXz+ZmqZ2TEjeqy/1Xu+V95MGqAuJ32Yd"},"senderMessageKeys":[]},{"senderKeyId":1102196415,"senderChainKey":{"iteration":1,"seed":"+Ue857oO3oduzENRsWqgCx6/0pq2zNQyh38DG9o8y9U="},"senderSigningKey":{"public":"BQ0GxeT72A/OXz+ZmqZ2TEjeqy/1Xu+V95MGqAuJ32Yd"},"senderMessageKeys":[]},{"senderKeyId":1102196415,"senderChainKey":{"iteration":2,"seed":"1uPhwHj5swQKx7eETMjjm89VqrhSCgT2h3GCazr4FBo="},"senderSigningKey":{"public":"BQ0GxeT72A/OXz+ZmqZ2TEjeqy/1Xu+V95MGqAuJ32Yd"},"senderMessageKeys":[]}]