[{"senderKeyId":1307395765,"senderChainKey":{"iteration":3,"seed":"RIPIX9sDnrnY2IU27bI74kDmIiOX8aqOg/7T+NtFHOQ="},"senderSigningKey":{"public":"BXHIJ+GnbzRl+ngJBmJ3XGUHYmjif6BpuLFOpvy2DYgP"},"senderMessageKeys":[]},{"senderKeyId":1307395765,"senderChainKey":{"iteration":2,"seed":"gEcSub/RoFLZjNgaa117e2I9i8iJV2y3ukypIJ6UyDc="},"senderSigningKey":{"public":"BXHIJ+GnbzRl+ngJBmJ3XGUHYmjif6BpuLFOpvy2DYgP"},"senderMessageKeys":[]},{"senderKeyId":1400681153,"senderChainKey":{"iteration":1,"seed":"bwLxmu5bSxrnKNfn3CdSA3jL1QsAoCFCDBWvTC5NRkU="},"senderSigningKey":{"public":"BYnNlsfZU8RpE8eQccR0UzL7Ln4zxRWDGTdSu1bvnm4+"}}]