{"_sessions":{"BYgQURHuqsK3fKTxFxIef7T1KDEkkPBsrtZsrg/QWhMf":{"registrationId":1394966780,"currentRatchet":{"ephemeralKeyPair":{"pubKey":"BTEs11C0EZsoJEJDgsfzTsnAMxFEyj9uccvaxLZrHIwY","privKey":"mLVSFrpmcHuvu9emFzywYby1YP+4ahaKF469mZpsVW4="},"lastRemoteEphemeralKey":"BUf8HRjvGEhqGpY9guz8MY3nVD+MWAeuP4IE7A6TxV1t","previousCounter":0,"rootKey":"sWu03czXcmg0FEF/JKKGnX/VseVnh2GfZEcMm7QMfdk="},"indexInfo":{"baseKey":"BYgQURHuqsK3fKTxFxIef7T1KDEkkPBsrtZsrg/QWhMf","baseKeyType":1,"closed":-1,"used":1721069705461,"created":1721069705461,"remoteIdentityKey":"BcGcowBaiPVJBPRQOdBaxYXEkQZ0r9Cio7PdvUvc2XhR"},"_chains":{"BTEs11C0EZsoJEJDgsfzTsnAMxFEyj9uccvaxLZrHIwY":{"chainKey":{"counter":0,"key":"n/e8FgufrXev986/cIlVnxafjn+BJb6cFVB7TWVi+1M="},"chainType":1,"messageKeys":{}}},"pendingPreKey":{"signedKeyId":0,"baseKey":"BYgQURHuqsK3fKTxFxIef7T1KDEkkPBsrtZsrg/QWhMf","preKeyId":1549974}}},"version":"v1"}