{"_sessions":{"BQCgjKgW9YsIYlRWS+ilRlMEYWn5OdhWPGzHmFJ/nJg/":{"registrationId":1851608954,"currentRatchet":{"ephemeralKeyPair":{"pubKey":"BVSkYle5dVRcIsE8LlYloxxh32gfMc22eLC/NoBnD1R4","privKey":"sCuUJP/4/GbzrftI4Mxg/pEBrEIgaPTsMfY94Gltllc="},"lastRemoteEphemeralKey":"BRBPFnRpTK7mMLRZovIOsWdgrt8j/hZPhcTQS7CH6/Bd","previousCounter":0,"rootKey":"n7MxL7uuzdxStnEMEpXZSa0xzXoT2BuT1f9uhK5TJOM="},"indexInfo":{"baseKey":"BQCgjKgW9YsIYlRWS+ilRlMEYWn5OdhWPGzHmFJ/nJg/","baseKeyType":1,"closed":-1,"used":1721070520439,"created":1721070520439,"remoteIdentityKey":"BX/HVlSw+LxROrsHe51F30yY3SYbJnbm37hl/v02JetY"},"_chains":{"BVSkYle5dVRcIsE8LlYloxxh32gfMc22eLC/NoBnD1R4":{"chainKey":{"counter":0,"key":"m+pZRcE8LjNR8Aef9iGdFZaxJIoWjqWzeMetRY7pG8w="},"chainType":1,"messageKeys":{}}},"pendingPreKey":{"signedKeyId":6,"baseKey":"BQCgjKgW9YsIYlRWS+ilRlMEYWn5OdhWPGzHmFJ/nJg/","preKeyId":5340610}}},"version":"v1"}