{"_sessions":{"BZU0mwuSW2+NEQwQktWlcg/DWSNIVPbxDE0nroE2Dys4":{"registrationId":997966756,"currentRatchet":{"ephemeralKeyPair":{"pubKey":"BY28Rpy7eJglue1XrJVNAK9ZMKHHeean5eFst+Tsj6oE","privKey":"GCpoKDc8MP8VSnkmrVMy8/DGOQwuQIwPBFjheVjXcm0="},"lastRemoteEphemeralKey":"BazOWIZW1UYHsklOufx1AIlqrXxmizT9yBASHC1Fk48d","previousCounter":0,"rootKey":"3bFf/C7sjCb+bloPcVO2FV5ke4V9OxobAoVKr+zWDuA="},"indexInfo":{"baseKey":"BZU0mwuSW2+NEQwQktWlcg/DWSNIVPbxDE0nroE2Dys4","baseKeyType":1,"closed":-1,"used":1721051170732,"created":1721051170732,"remoteIdentityKey":"BfeTjDt4i9Agsbp2jMg2HYoJLGKEq5Cq+vFVcYCJfKMu"},"_chains":{"BY28Rpy7eJglue1XrJVNAK9ZMKHHeean5eFst+Tsj6oE":{"chainKey":{"counter":131,"key":"QGL+VxBu06NEejY/LOW8CosPCyr7YplEfCDh0XI/bH4="},"chainType":1,"messageKeys":{}}},"pendingPreKey":{"signedKeyId":0,"baseKey":"BZU0mwuSW2+NEQwQktWlcg/DWSNIVPbxDE0nroE2Dys4","preKeyId":2205044}}},"version":"v1"}