{"_sessions":{"Bc+WMzkAbM9/iEgP+vcYC+k+BNEiNlDVruN3ZGvydjQe":{"registrationId":551107389,"currentRatchet":{"ephemeralKeyPair":{"pubKey":"BTGzvWFSNrnI6cy4cD5nqG47mt3r3PtwJQNpKUCQ6lZz","privKey":"KJJKX6rplqdNwNWV00R4tj3f2libYJZQgUePyYih4no="},"lastRemoteEphemeralKey":"BRBaB84yb19MthnpsPtU0nPdmFmKF8bPsSHdz5YCY2cJ","previousCounter":0,"rootKey":"nsnXxg/Kbe9fRp56sk9TFYSZvLVVSTXI0SLmJj3k++E="},"indexInfo":{"baseKey":"Bc+WMzkAbM9/iEgP+vcYC+k+BNEiNlDVruN3ZGvydjQe","baseKeyType":1,"closed":-1,"used":1721069705547,"created":1721069705547,"remoteIdentityKey":"BfBubdaSX6uQSuYcR0Gr7Sq21+35Vk7hzd6po44TQ1M6"},"_chains":{"BTGzvWFSNrnI6cy4cD5nqG47mt3r3PtwJQNpKUCQ6lZz":{"chainKey":{"counter":0,"key":"t5gDPPWvJbVV5crvW1AzRTEGLtEy8DWkh0AEQzs06/Y="},"chainType":1,"messageKeys":{}}},"pendingPreKey":{"signedKeyId":3,"baseKey":"Bc+WMzkAbM9/iEgP+vcYC+k+BNEiNlDVruN3ZGvydjQe"}}},"version":"v1"}