{"_sessions":{"BS+F2TWGLgwxDiEUWeZsVL1V+3laV/pNJSSUO8jNt4Ro":{"registrationId":1009550765,"currentRatchet":{"ephemeralKeyPair":{"pubKey":"BW41NY69FkwulndHDzafQkOa5qr9u9FywTOVGdRgFdx1","privKey":"mBV+Pd58vwBwLQOiIeC2fEqzt9bF9+XCUYzUvepHa0k="},"lastRemoteEphemeralKey":"Be2arEpMbvOR1BMzgJiDx4+fxO9kdNNIWTNWCprLtmBh","previousCounter":0,"rootKey":"d/Axijb07tCBm44I1dJfj/dPT8i6qwNz/Cb228aJoW0="},"indexInfo":{"baseKey":"BS+F2TWGLgwxDiEUWeZsVL1V+3laV/pNJSSUO8jNt4Ro","baseKeyType":1,"closed":-1,"used":1721061609724,"created":1721061609724,"remoteIdentityKey":"BdbKh5fRZ8USdMkfq5pQY+8qzt+SrP5gxjn3U+bpE+pS"},"_chains":{"BW41NY69FkwulndHDzafQkOa5qr9u9FywTOVGdRgFdx1":{"chainKey":{"counter":4,"key":"DMn2ieg41IWq59V26jBXBTe636m4yl4sf0Adz9UQHw8="},"chainType":1,"messageKeys":{}}},"pendingPreKey":{"signedKeyId":0,"baseKey":"BS+F2TWGLgwxDiEUWeZsVL1V+3laV/pNJSSUO8jNt4Ro","preKeyId":4783318}}},"version":"v1"}