{"_sessions":{"BewTAXQQaEU2Be0MrYoftx5MeI9Lmt8UtZd4CxHIXHpe":{"registrationId":415122526,"currentRatchet":{"ephemeralKeyPair":{"pubKey":"BQ4Zafd0bolzkKjbqt06v21aXzsW9ida0VKM82RF2uM2","privKey":"mOb68KytrFgAaXky8W71uUyS1mm7HDzzj/dEVn54FnU="},"lastRemoteEphemeralKey":"BTpU7hMw9YxI2iYwP/P64b/6Umc3EWCYFOYdVqNf03I7","previousCounter":3,"rootKey":"x3Y0vu8nWNttUfaxK0guS6q8yUttssp13MPNNizNl2Y="},"indexInfo":{"baseKey":"BewTAXQQaEU2Be0MrYoftx5MeI9Lmt8UtZd4CxHIXHpe","baseKeyType":1,"closed":-1,"used":1721141773758,"created":1721059323229,"remoteIdentityKey":"BUrCQV0ZZsVUDHIYFQtTb+jI4PzybweFsZ6KtWkP4ZcR"},"_chains":{"BWiAnWI/NryMtqap0QZ/VB7x64gBhrIHQmSdl4z4vL80":{"chainKey":{"counter":0},"chainType":2,"messageKeys":{}},"BUTbLDrZxAzSvWKSiSY8pVh6Opdc84W5ukd6I2DAuP0+":{"chainKey":{"counter":0},"chainType":2,"messageKeys":{}},"BTpU7hMw9YxI2iYwP/P64b/6Umc3EWCYFOYdVqNf03I7":{"chainKey":{"counter":0,"key":"6sv45a0btPyOzWuAYjYCpqMM71rbmyftcfe6z5j+Nk0="},"chainType":2,"messageKeys":{}},"BQ4Zafd0bolzkKjbqt06v21aXzsW9ida0VKM82RF2uM2":{"chainKey":{"counter":-1,"key":"K1cjGhbBXT31TPgefV9RHunQO63RklAXk+hxaBVmSiw="},"chainType":1,"messageKeys":{}}}}},"version":"v1"}