{"_sessions":{"BdO9aQN2bfaes67J3ssj9v0J2yAFUSk82O2whLgrJgEg":{"registrationId":1363858910,"currentRatchet":{"ephemeralKeyPair":{"pubKey":"Bb1E0EmXEEXec3kC4xz6JT/TzkpKmi/lterS6bI8RCtr","privKey":"KApo1UdQ9WhNsY2JylPwopLH4HK5DDgWw6iFyU2Hi24="},"lastRemoteEphemeralKey":"BcAO7jqekHHO5Bg8SUsj5jEVQBai+dY/U/DZFeXHbQBD","previousCounter":0,"rootKey":"ekaKqJWEePO5Y/DgAWsp6iJM3BuZBVUDT09bvJTT8Qc="},"indexInfo":{"baseKey":"BdO9aQN2bfaes67J3ssj9v0J2yAFUSk82O2whLgrJgEg","baseKeyType":1,"closed":-1,"used":1721051170629,"created":1721051170629,"remoteIdentityKey":"Bfi1Ix0B4Y9hLnLbKXrZTAvPZ3iMakQPHhOwCjgSbtp7"},"_chains":{"Bb1E0EmXEEXec3kC4xz6JT/TzkpKmi/lterS6bI8RCtr":{"chainKey":{"counter":130,"key":"cIzObhgInq4tlyFCH2dnCNfcxal25iHQcDiihZLcTVQ="},"chainType":1,"messageKeys":{}}},"pendingPreKey":{"signedKeyId":9,"baseKey":"BdO9aQN2bfaes67J3ssj9v0J2yAFUSk82O2whLgrJgEg","preKeyId":9170440}}},"version":"v1"}