{"_sessions":{"BQh06JXjF4MlZAe0xDIkpDaldp2fNf66MJmZTK5PcFok":{"registrationId":370957207,"currentRatchet":{"ephemeralKeyPair":{"pubKey":"BXhCR3ZLm7ug7c4G93owkS5c5dAEQmT0hElaKRoYzUAB","privKey":"AIOcX35YYKZMsZ1zD6BpF+OqlajzklRaDmpCsCOLaVE="},"lastRemoteEphemeralKey":"BaocdQIL7s+0pfLWeXfWT1df632Nx0OU43tlMi7DX/VH","previousCounter":6,"rootKey":"kq785x9EgWrzAejXNHRcF/BGF5AMs4EP0vJNo+E2duc="},"indexInfo":{"baseKey":"BQh06JXjF4MlZAe0xDIkpDaldp2fNf66MJmZTK5PcFok","baseKeyType":1,"closed":-1,"used":1721141206691,"created":1721059323128,"remoteIdentityKey":"Bd0hHBrSQoOqU0+K3vRN01NOigg8U4Z9fDfy4CxKvsdX"},"_chains":{"BaocdQIL7s+0pfLWeXfWT1df632Nx0OU43tlMi7DX/VH":{"chainKey":{"counter":0,"key":"DDzex5ibYkhTLIcDptL68JRb6c20BrO/5jSmAq+MwtM="},"chainType":2,"messageKeys":{}},"BXhCR3ZLm7ug7c4G93owkS5c5dAEQmT0hElaKRoYzUAB":{"chainKey":{"counter":3,"key":"Zo6NKz1j3199fKHnr2l9J7olUkgr0K7cR7/FGj3j0fw="},"chainType":1,"messageKeys":{}}}}},"version":"v1"}