{"_sessions":{"BX/DqUuE719wcdQpdLhwUTszyndwK0TeUa/K/LhMR91K":{"registrationId":467847394,"currentRatchet":{"ephemeralKeyPair":{"pubKey":"BZ8o2x/2ggHDcuM/yLo+0FTGVL4yFWmFAuQBcKEj2Pt/","privKey":"uGYG4gsapWQC8snfKof6ZDx0ASjYu1LqjR8vOglo31o="},"lastRemoteEphemeralKey":"Bb0+0W/6wWiLKg0c1MAxCZKLJrCdSCdk71Qib/P65bdT","previousCounter":0,"rootKey":"o5iNIXW0V1J4KbVe0HXfKCXxppt1RUsma7XrGMFkj5I="},"indexInfo":{"baseKey":"BX/DqUuE719wcdQpdLhwUTszyndwK0TeUa/K/LhMR91K","baseKeyType":2,"closed":-1,"used":1721133229547,"created":1721131500548,"remoteIdentityKey":"BbW1SgyDYeh2O1T2Vf448kb1/bLh3PakiCP5Og5ahcNu"},"_chains":{"BbHfp5sDa2JIjKVVDAvlSBtEZakrYf+ZI12GO0yiFn8B":{"chainKey":{"counter":1},"chainType":2,"messageKeys":{}},"Bb0+0W/6wWiLKg0c1MAxCZKLJrCdSCdk71Qib/P65bdT":{"chainKey":{"counter":4,"key":"KywHCD7ddLVVLNavhZkl5bsEXqIRt4I+MzJGyIe0ntY="},"chainType":2,"messageKeys":{}},"BZ8o2x/2ggHDcuM/yLo+0FTGVL4yFWmFAuQBcKEj2Pt/":{"chainKey":{"counter":37,"key":"TYfWTkht7gXtVn08KXQ4eLSA3jrBJ4joET8Sqsz+6Oo="},"chainType":1,"messageKeys":{}}}}},"version":"v1"}