{"_sessions":{"BR0hpeTzDZhMG0WgFzMKEoofx6UY8yzaLnUReOHeWVkI":{"registrationId":872525003,"currentRatchet":{"ephemeralKeyPair":{"pubKey":"BQy+AM0sFeKNQmrOGqlX8ExAB3q+aitZHijXmYarRBNH","privKey":"gP1zcH0sJDOHeniqFvpRfEQTIuC19VvP4bTWIbaL7nA="},"lastRemoteEphemeralKey":"BTNoCXB+0JfN5e3ESsCdVLIWxy5aBA3LKt9xcpTWoWkQ","previousCounter":0,"rootKey":"vPSgIlRAvS7aTIkXz3pmNvCIr1e9qpblyY44p5IpuXg="},"indexInfo":{"baseKey":"BR0hpeTzDZhMG0WgFzMKEoofx6UY8yzaLnUReOHeWVkI","baseKeyType":1,"closed":-1,"used":1721059323024,"created":1721059323024,"remoteIdentityKey":"BaDlDehde8Jm+ZWT3cAyfWpKcA754i9Q1RiPhBPK1DR1"},"_chains":{"BQy+AM0sFeKNQmrOGqlX8ExAB3q+aitZHijXmYarRBNH":{"chainKey":{"counter":10,"key":"3XSwLmi/85fiukLp5TmVhNYzeO7A+uf5eBzv8lKI3vs="},"chainType":1,"messageKeys":{}}},"pendingPreKey":{"signedKeyId":10296625,"baseKey":"BR0hpeTzDZhMG0WgFzMKEoofx6UY8yzaLnUReOHeWVkI","preKeyId":21107}}},"version":"v1"}