{"_sessions":{"Bc4yOD20M7W/mjDkk8pIVi9OH/aTjyuK+TqMCBgQURAD":{"registrationId":56,"currentRatchet":{"ephemeralKeyPair":{"pubKey":"BfT9cX7JKIEhbfmVR5UGvAdKloGJN+MpejTATlvT9BVn","privKey":"cFPykXusCCHwaOdS5Af/xNQ5AbCktXbgWN/mD4AEZmg="},"lastRemoteEphemeralKey":"BY8a5/yrJQDRdajhIAMoH0PtdFo3eud4AuSPOExFFQ16","previousCounter":0,"rootKey":"AgYIvlm0vtA6e1795N1pSuAGJ4+NYszER3pOn9j/3dA="},"indexInfo":{"baseKey":"Bc4yOD20M7W/mjDkk8pIVi9OH/aTjyuK+TqMCBgQURAD","baseKeyType":1,"closed":-1,"used":1721139920964,"created":1721139920964,"remoteIdentityKey":"BdkmVxBs++i5ep+OKowSvPoY+lLHQawIECACRPc6joJe"},"_chains":{"BfT9cX7JKIEhbfmVR5UGvAdKloGJN+MpejTATlvT9BVn":{"chainKey":{"counter":49,"key":"BBbhkatpt8EM3OQo+5Op7YQsQ2YJswTEx+73gaimOfo="},"chainType":1,"messageKeys":{}}},"pendingPreKey":{"signedKeyId":1,"baseKey":"Bc4yOD20M7W/mjDkk8pIVi9OH/aTjyuK+TqMCBgQURAD"}}},"version":"v1"}