{"_sessions":{"BURdOaoS4qjP6RdVeU0jBtzASfhp4ojH07Numi/bDHEF":{"registrationId":4916,"currentRatchet":{"ephemeralKeyPair":{"pubKey":"Bceke/6A1JIsFNPKVIwo0SoMvZ6ttmoF/vSe+1GP9QoO","privKey":"WLFhWrHzsaOdd/9mcSnBLHLpU2T+Gou02o8BNfYjPkU="},"lastRemoteEphemeralKey":"BQwv/SzaDN8kHTBejIulsTzD1YJ/MqMfFZAufaFiBXsW","previousCounter":0,"rootKey":"zSaxKvAPUJF7xXaORWyAWI6A21MnrV9pOHdkiJIS9qE="},"indexInfo":{"baseKey":"BURdOaoS4qjP6RdVeU0jBtzASfhp4ojH07Numi/bDHEF","baseKeyType":1,"closed":-1,"used":1721059322916,"created":1721059322916,"remoteIdentityKey":"BSBAFAll+wU/0Sd8Kp1UW9JzBhdUerR570bUVz9Eb+Uh"},"_chains":{"Bceke/6A1JIsFNPKVIwo0SoMvZ6ttmoF/vSe+1GP9QoO":{"chainKey":{"counter":5,"key":"1tRBbtg40D7m/cG7i02yJooCrE+ZtFqnZmMBjrCJVXw="},"chainType":1,"messageKeys":{}}},"pendingPreKey":{"signedKeyId":2,"baseKey":"BURdOaoS4qjP6RdVeU0jBtzASfhp4ojH07Numi/bDHEF","preKeyId":1419}}},"version":"v1"}