{"_sessions":{"BWz0X2iYh37P4tNF3G0VXgzqgM+z/82y1RN0yWfDMCZx":{"registrationId":832795666,"currentRatchet":{"ephemeralKeyPair":{"pubKey":"BU+a4MR9w4avTIbCN1FrKyQmZ/2TNuRjo4zSHEMh8n5C","privKey":"QFx7R9TPUWU3LT2COPO25l5gM2c2r7pFGn17up7XoVU="},"lastRemoteEphemeralKey":"BRUIqbaVO9O1J6n/IB0HpACpZOesRp9+EqrgW84DvgJz","previousCounter":0,"rootKey":"yLU37cMy0QC1GCLaBRt72XNdgNDbdYB2sK/kY0Xshx4="},"indexInfo":{"baseKey":"BWz0X2iYh37P4tNF3G0VXgzqgM+z/82y1RN0yWfDMCZx","baseKeyType":1,"closed":-1,"used":1721051171074,"created":1721051171074,"remoteIdentityKey":"BdnoJxyaQh2JnqcAyl5M3lYSe12Tz7g20YXe5HCHH5Ep"},"_chains":{"BU+a4MR9w4avTIbCN1FrKyQmZ/2TNuRjo4zSHEMh8n5C":{"chainKey":{"counter":130,"key":"/2o4teaUVgK3yOYo7LQuE1dp5r+V6qfM7Ccf0uYnOx4="},"chainType":1,"messageKeys":{}}},"pendingPreKey":{"signedKeyId":3,"baseKey":"BWz0X2iYh37P4tNF3G0VXgzqgM+z/82y1RN0yWfDMCZx","preKeyId":11634441}}},"version":"v1"}