{"_sessions":{"BamKwvgkoAOuhu8TrMqiU62aq4eazeERbFYvurDUu9RD":{"registrationId":617562156,"currentRatchet":{"ephemeralKeyPair":{"pubKey":"BWfQ6tfK983HNyx7TPIRa/pCaCXdAsSnis0eA/9xLigx","privKey":"ACUH4Mkc9hS6gfSX5wTN0R+25/i6U4yUOOVHINzAMGY="},"lastRemoteEphemeralKey":"BZ4FbKQixkfnOAPQTs/1bCaWnuiTsl3J9cHUsWHJxPNr","previousCounter":0,"rootKey":"1oG2PS8XjFDP8rRft9pnxHa1BqxuVOg6O3o+vdJjfDk="},"indexInfo":{"baseKey":"BamKwvgkoAOuhu8TrMqiU62aq4eazeERbFYvurDUu9RD","baseKeyType":1,"closed":-1,"used":1721051170436,"created":1721051170436,"remoteIdentityKey":"BbXgbxRnBToQbEklZxMCQ2axw95dUijCQ9k0QR8IsilN"},"_chains":{"BWfQ6tfK983HNyx7TPIRa/pCaCXdAsSnis0eA/9xLigx":{"chainKey":{"counter":130,"key":"0CPvNYN5zIw2POiLt2qs6xHNRJmFwd03lzsjTGSbX14="},"chainType":1,"messageKeys":{}}},"pendingPreKey":{"signedKeyId":0,"baseKey":"BamKwvgkoAOuhu8TrMqiU62aq4eazeERbFYvurDUu9RD","preKeyId":13146530}}},"version":"v1"}