{"_sessions":{"BZAtya+0CR1lHqJtv2Y91JEPaGluO+Ob4m48b4mZ/99H":{"registrationId":1568844261,"currentRatchet":{"ephemeralKeyPair":{"pubKey":"Beg2lqQkHLsrulCbmz9ptLmKAmHhl2OF39A/X34Kx+1d","privKey":"8LV7sJPYTG4yQiMBMFQvY89ohbjvhEGrpQe2Wv86GFM="},"lastRemoteEphemeralKey":"BTTZhw5y5VP5xaA0FZ4KSF15B+34Wo4IxhWTyEKw6IoS","previousCounter":0,"rootKey":"2Ckkuf9EIKm8nFRHgJfCtswM3vlb/KvP6dYQLWfaMRU="},"indexInfo":{"baseKey":"BZAtya+0CR1lHqJtv2Y91JEPaGluO+Ob4m48b4mZ/99H","baseKeyType":1,"closed":-1,"used":1721069705479,"created":1721069705479,"remoteIdentityKey":"BbGrw2hATA8zPyufuBQ8Y2r0Q63baqFexHeSm+YbNHQ5"},"_chains":{"Beg2lqQkHLsrulCbmz9ptLmKAmHhl2OF39A/X34Kx+1d":{"chainKey":{"counter":0,"key":"er2UZSohivRjx5fljnm/u71Y4xQZarpGrwS8fJe0yfM="},"chainType":1,"messageKeys":{}}},"pendingPreKey":{"signedKeyId":21,"baseKey":"BZAtya+0CR1lHqJtv2Y91JEPaGluO+Ob4m48b4mZ/99H","preKeyId":10285126}}},"version":"v1"}