{"_sessions":{"BZ8Vb+vv7wvqqJPhsRkQZFy43ctpfRGye8kxre8cvCUA":{"registrationId":230,"currentRatchet":{"ephemeralKeyPair":{"pubKey":"Bd7aySXx8C02Fg7GpMENkUBuGTZx9YS2rLC9byaXP2Ml","privKey":"8PvF+TD+22T2aKRarjqUyK3MaGg8nV9KFJfZNqlhO2g="},"lastRemoteEphemeralKey":"BWovDwfm3udXC2cu3bbqMNR/lQI8aJlFRa6tP3ZlXnsA","previousCounter":0,"rootKey":"KJy0ohE7smq9ndP0h4prG8zn379GiR6GXz/G1qn3PSQ="},"indexInfo":{"baseKey":"BZ8Vb+vv7wvqqJPhsRkQZFy43ctpfRGye8kxre8cvCUA","baseKeyType":1,"closed":-1,"used":1721051772239,"created":1721051772239,"remoteIdentityKey":"Beo5Y7Ura3b0nU22vG42CEWUqH4KCYnkYu3EYft9VGh7"},"_chains":{"Bd7aySXx8C02Fg7GpMENkUBuGTZx9YS2rLC9byaXP2Ml":{"chainKey":{"counter":0,"key":"VJ83BkVcGbLPfUqzUDgl4fMzdAHdEUoaYysIeej87KU="},"chainType":1,"messageKeys":{}}},"pendingPreKey":{"signedKeyId":1,"baseKey":"BZ8Vb+vv7wvqqJPhsRkQZFy43ctpfRGye8kxre8cvCUA","preKeyId":529}}},"version":"v1"}