{"_sessions":{"BWZUxoL3zb7fQFDR4L+7G4SKcyAva7FbNQdjpBSs3uVU":{"registrationId":607745345,"currentRatchet":{"ephemeralKeyPair":{"pubKey":"BZuRHosFTb9yGxA8ZZI0INXJy3sOI6APSqKcN2sC7YEF","privKey":"IEf9mvsbkA12czhLVe9pI/P9wjylcRRYzH4LbEUkDFY="},"lastRemoteEphemeralKey":"BZ8Thg43xZfikjV88LM/8pYE3QsnzsFGs4drqeBDhSgK","previousCounter":0,"rootKey":"030ov1iB64lPPhQmpfyYxqKZFkkjffckP9OktcaJH2A="},"indexInfo":{"baseKey":"BWZUxoL3zb7fQFDR4L+7G4SKcyAva7FbNQdjpBSs3uVU","baseKeyType":1,"closed":-1,"used":1721141578175,"created":1721141487940,"remoteIdentityKey":"BR+X6UZQJJ1C4AAHTEeIPr8YXzE19hiL/wA8uiD+mPQr"},"_chains":{"BZ8Thg43xZfikjV88LM/8pYE3QsnzsFGs4drqeBDhSgK":{"chainKey":{"counter":0,"key":"bZpgN//rJh3/iofDwTEo1PO5HugCIRFl+TBFRPekEPY="},"chainType":2,"messageKeys":{}},"BZuRHosFTb9yGxA8ZZI0INXJy3sOI6APSqKcN2sC7YEF":{"chainKey":{"counter":48,"key":"A2Vd4bpaHgwTiG8/LvsLKYMwLgse3gDX22MB9vSLqUI="},"chainType":1,"messageKeys":{}}}}},"version":"v1"}