{"_sessions":{"BTmGVbx1Rw0FiKUKa6+bCNk6NgxQN7Hm+BSxBj/w18AN":{"registrationId":14484,"currentRatchet":{"ephemeralKeyPair":{"pubKey":"BazS7WDpcYIp1h2FO86cUp7IgXdaYtKi+Iu3mBHl0uJR","privKey":"wEC2PQ6GOYrwYGvJ9bW9BAQcPcFbh2ELlNW0Z17IX2s="},"lastRemoteEphemeralKey":"BfvRq1NnaMLnYRHVLccnpbMd7KxBcYrVfEC5c87MU1gB","previousCounter":0,"rootKey":"sJ+X+PSRsb6Tchla1EadPDsNtWGGcvgaeNYkf61Iffs="},"indexInfo":{"baseKey":"BTmGVbx1Rw0FiKUKa6+bCNk6NgxQN7Hm+BSxBj/w18AN","baseKeyType":1,"closed":-1,"used":1721061609632,"created":1721061609632,"remoteIdentityKey":"BWFm0kCZrKFVsVwXz0P4Sw79hZiR9bIiB7Al8kxyZ14/"},"_chains":{"BazS7WDpcYIp1h2FO86cUp7IgXdaYtKi+Iu3mBHl0uJR":{"chainKey":{"counter":4,"key":"do8CVCQte6+v1b962V4nxQmt/hona4sUW1mZEjR7aR4="},"chainType":1,"messageKeys":{}}},"pendingPreKey":{"signedKeyId":1,"baseKey":"BTmGVbx1Rw0FiKUKa6+bCNk6NgxQN7Hm+BSxBj/w18AN","preKeyId":398}}},"version":"v1"}