{"_sessions":{"BUS9GCyk6EV2ZfeaagdmHe+xLZZx3wOd/qnwrtua+gIt":{"registrationId":527626310,"currentRatchet":{"ephemeralKeyPair":{"pubKey":"BeY6/EonkeFE1N7Y2rgmBHN5g07M//M8Izq51gm+vIUM","privKey":"eF6UaeEn642T5nk4S1ocBFbrDwODOzLSt7lhameJc1Q="},"lastRemoteEphemeralKey":"Bdysy7vvdH/8worphXwOMhtYB0OeY1+kNB7jeSfjvk0c","previousCounter":0,"rootKey":"Ra06m2/Ch9cXKKPlh7OeDb5O2fhjipeHYnsyeqNxKR0="},"indexInfo":{"baseKey":"BUS9GCyk6EV2ZfeaagdmHe+xLZZx3wOd/qnwrtua+gIt","baseKeyType":1,"closed":-1,"used":1721061609727,"created":1721061609727,"remoteIdentityKey":"BclB9NH/NVLGRnAEXBsvVCrq4d2YYe6ktykoDevjm2sz"},"_chains":{"BeY6/EonkeFE1N7Y2rgmBHN5g07M//M8Izq51gm+vIUM":{"chainKey":{"counter":4,"key":"k/+Ry9PuqrWHojEy5XHAY85244K2HJsEq5LTYA2fRyM="},"chainType":1,"messageKeys":{}}},"pendingPreKey":{"signedKeyId":4976084,"baseKey":"BUS9GCyk6EV2ZfeaagdmHe+xLZZx3wOd/qnwrtua+gIt","preKeyId":1967}}},"version":"v1"}