{"_sessions":{"BZ1bhHnHhdWDBWUEr3ZiJaZAWdj/OjIOQy8FofFvLyJF":{"registrationId":1229126814,"currentRatchet":{"ephemeralKeyPair":{"pubKey":"BauuJvRNusETDuZST038ERQcu3K2J3F7UjkYBSss3l5J","privKey":"YDMPfAOC9GtIox1Xz2ahfipXec9Uh/akSTZbXmjJHFk="},"lastRemoteEphemeralKey":"BZb7heYggTF6af1GPwh23EyRAHndg/PrDzSYBQwsoxBJ","previousCounter":0,"rootKey":"b/uKkrq1D3pKhvF7woPGK+VvuGoYyxR/VdYqUwzMvdg="},"indexInfo":{"baseKey":"BZ1bhHnHhdWDBWUEr3ZiJaZAWdj/OjIOQy8FofFvLyJF","baseKeyType":1,"closed":-1,"used":1721061609734,"created":1721061609734,"remoteIdentityKey":"BcrIlYslRyn6zHjLwf28pinx8dYvfYLr3aNdW7YFExME"},"_chains":{"BauuJvRNusETDuZST038ERQcu3K2J3F7UjkYBSss3l5J":{"chainKey":{"counter":4,"key":"O3OwpNtZvWazJLOzZ6mJxU6uOPB9T2o6xxKJYFdqBkI="},"chainType":1,"messageKeys":{}}},"pendingPreKey":{"signedKeyId":4025081,"baseKey":"BZ1bhHnHhdWDBWUEr3ZiJaZAWdj/OjIOQy8FofFvLyJF","preKeyId":7522}}},"version":"v1"}