{"_sessions":{"Bdn/8gXQVDaUWTkq6Sae7pT8oCYSpk7PVBieCWzuTEZN":{"registrationId":2004381190,"currentRatchet":{"ephemeralKeyPair":{"pubKey":"BRxKFX5HlGNeIYDQwueGrt4sNQu6vpcnGGeflEoABq8w","privKey":"SG67zFf3rJECbWny3VLQbUMJzPWk2NM4h7I8hNidPGc="},"lastRemoteEphemeralKey":"BR0pN9dkQSdowIrvEKVFTqDp8gqk6QZvSTtKmZH3mc4Q","previousCounter":0,"rootKey":"dBc+ljE/8021v3YZGbhwDY1FK1B2YUDIzGMfw+JSgRw="},"indexInfo":{"baseKey":"Bdn/8gXQVDaUWTkq6Sae7pT8oCYSpk7PVBieCWzuTEZN","baseKeyType":1,"closed":-1,"used":1721069705551,"created":1721069705551,"remoteIdentityKey":"BU1ce9H1+XOo1kJZ2+9hg3eTx4btHpikrciTtFGAkgdu"},"_chains":{"BRxKFX5HlGNeIYDQwueGrt4sNQu6vpcnGGeflEoABq8w":{"chainKey":{"counter":0,"key":"98HnQGGBMnMlnc+rZy4y/ozsT06MpAf+2d+zN27OPOA="},"chainType":1,"messageKeys":{}}},"pendingPreKey":{"signedKeyId":13,"baseKey":"Bdn/8gXQVDaUWTkq6Sae7pT8oCYSpk7PVBieCWzuTEZN","preKeyId":8736438}}},"version":"v1"}