{"_sessions":{"BR5z7msxI2HT8CkMVZ7o2/xH1ebc1wiuS1D/dFxc9pJ3":{"registrationId":1541588640,"currentRatchet":{"ephemeralKeyPair":{"pubKey":"BRgXfCB2ojuUGHwXRtu6D2TiAVMHR2E/NkKx1uTbbJQ9","privKey":"8CADzNeEYMrmVWcsv51LcBVbethfh27C7j3J1Z6bfEo="},"lastRemoteEphemeralKey":"BbcJZqH9EADrWQN4+bwmTLsNY9X6fSzzcc/nQNmj1rBy","previousCounter":0,"rootKey":"X1k0bhgUYPS1bGQLCiA0VCHm9GH6nIwsBmko5vOrNp0="},"indexInfo":{"baseKey":"BR5z7msxI2HT8CkMVZ7o2/xH1ebc1wiuS1D/dFxc9pJ3","baseKeyType":1,"closed":-1,"used":1721051170974,"created":1721051170974,"remoteIdentityKey":"Bedbbh38e8RAD98tak9hlx4W19OBpXLWCaA/nFa3jnUY"},"_chains":{"BRgXfCB2ojuUGHwXRtu6D2TiAVMHR2E/NkKx1uTbbJQ9":{"chainKey":{"counter":131,"key":"GJDoM002lZM1vZ0tU1S45nLVy4GeTEnVtSZ6YU8aVlA="},"chainType":1,"messageKeys":{}}},"pendingPreKey":{"signedKeyId":1,"baseKey":"BR5z7msxI2HT8CkMVZ7o2/xH1ebc1wiuS1D/dFxc9pJ3","preKeyId":16679410}}},"version":"v1"}