{"_sessions":{"Ba0Pk0Wb3AK27mszJdERXnCOrlUuGS9X41aTq5O9Po5A":{"registrationId":191108032,"currentRatchet":{"ephemeralKeyPair":{"pubKey":"BRwV8swnPqdNT/mTh8Dj3kDUnmQMoVTE/SzTevMEZUds","privKey":"6MyZVEv4MNb+6FApcogc0OfapIjg2HD3VRnmgDAOyHM="},"lastRemoteEphemeralKey":"BTmzxLrxp4GQcMW/lYkl9+L6hMoJAGeU0xxrEQUOOLcs","previousCounter":0,"rootKey":"QBZ0LbD46rYaZ11CgA3qJjyB9mg3kjtkwnqR0eoPvC0="},"indexInfo":{"baseKey":"Ba0Pk0Wb3AK27mszJdERXnCOrlUuGS9X41aTq5O9Po5A","baseKeyType":1,"closed":-1,"used":1721051170848,"created":1721051170848,"remoteIdentityKey":"BbBrSqurMj4JSQ3LoAj+HtRtytd6+PyH69lhJf0P3LAs"},"_chains":{"BRwV8swnPqdNT/mTh8Dj3kDUnmQMoVTE/SzTevMEZUds":{"chainKey":{"counter":130,"key":"1Erfhh9pKZwbbDvLs3YzIuq3dAb0VLTXYE73RTExVhI="},"chainType":1,"messageKeys":{}}},"pendingPreKey":{"signedKeyId":10,"baseKey":"Ba0Pk0Wb3AK27mszJdERXnCOrlUuGS9X41aTq5O9Po5A","preKeyId":14604808}}},"version":"v1"}