{"_sessions":{"BcJqiEIfe7JTGNZupdIcH6dG+yBLY43vcDIxmqozMKdI":{"registrationId":603510653,"currentRatchet":{"ephemeralKeyPair":{"pubKey":"Bccm4NzqxDIB32LOnHGq7hylH5lCT+NhKjnmtk7IgcYA","privKey":"2HSA+9suWh58La/igruVzkSripUcI7yay9g69hj5JG4="},"lastRemoteEphemeralKey":"BY2xpDhvIY+FxxDzeGVCOhn2oapTLOLMOx162leEcIN5","previousCounter":0,"rootKey":"PE0sggN8gauIRItYyE0swIZkTnh5C0pQEXsK7dZJf1E="},"indexInfo":{"baseKey":"BcJqiEIfe7JTGNZupdIcH6dG+yBLY43vcDIxmqozMKdI","baseKeyType":1,"closed":-1,"used":1721051170536,"created":1721051170536,"remoteIdentityKey":"BV/H9Ets0fXvJU+B5ZpEHaN10lg4GCpZ8dMDW/c5pJpm"},"_chains":{"Bccm4NzqxDIB32LOnHGq7hylH5lCT+NhKjnmtk7IgcYA":{"chainKey":{"counter":47,"key":"zhPPpmaTudxjYWcvRA3NCyIQaYMCw1TLHIpocB0Zk7c="},"chainType":1,"messageKeys":{}}},"pendingPreKey":{"signedKeyId":5,"baseKey":"BcJqiEIfe7JTGNZupdIcH6dG+yBLY43vcDIxmqozMKdI","preKeyId":12551162}}},"version":"v1"}