{"_sessions":{"BXRwmy6SlxBLh0R0J7y34Pstl5eYYNcnAckhk86baXot":{"registrationId":1731583122,"currentRatchet":{"ephemeralKeyPair":{"pubKey":"BTdwdKpLLxbKvmusnl+pZgow7KYoXnMwK7JudXg3eHE2","privKey":"6PN/MlO8xoYG8y80u1igQuHtLCAE4+XTSaO2Ha3LqG0="},"lastRemoteEphemeralKey":"BeHKNLvONWJvnYNZpCHdnCkUiyO2woHa4Ur32W0PHycn","previousCounter":73,"rootKey":"jVsFY7Mucwrp5Y02O6gw1t3UXZ36jzRxHCN0V/fV/go="},"indexInfo":{"baseKey":"BXRwmy6SlxBLh0R0J7y34Pstl5eYYNcnAckhk86baXot","baseKeyType":1,"closed":-1,"used":1721155794136,"created":1721110921906,"remoteIdentityKey":"BaY48A5NQeDRFxMlKP6ANODwkkV86xxoNeeNHtGDmowJ"},"_chains":{"BeHKNLvONWJvnYNZpCHdnCkUiyO2woHa4Ur32W0PHycn":{"chainKey":{"counter":0,"key":"rfLhh1wSc+EHB7uG5BnHp8nS8lhj+Z6SOWF5ie1abGw="},"chainType":2,"messageKeys":{}},"BTdwdKpLLxbKvmusnl+pZgow7KYoXnMwK7JudXg3eHE2":{"chainKey":{"counter":-1,"key":"+ocbxdDw2cd4GYlPSuhamyUOhL+3zWLxgOrnhu2oKko="},"chainType":1,"messageKeys":{}}}}},"version":"v1"}