{"_sessions":{"BVSvvS9rq1ZnWIXD/LIQlft3ipGTRI92Hys4tuYSC1YC":{"registrationId":184,"currentRatchet":{"ephemeralKeyPair":{"pubKey":"BfDGX86Ae+p5GqJBMCOd/bLEm6kIJ8Xctc9Rhw4muFFt","privKey":"8O2X2w2VInmK9C54lDjRjJet+atowus4J1fUb3RhKnk="},"lastRemoteEphemeralKey":"BSBiFt5f5Tbh1JIfyM9xB0zvR8JbkD2AbjVyLgK6Vx5K","previousCounter":0,"rootKey":"qPNZCJ8pQ5M0UQoUVo973pis9xFPY1pk8NTkLCkQuVY="},"indexInfo":{"baseKey":"BVSvvS9rq1ZnWIXD/LIQlft3ipGTRI92Hys4tuYSC1YC","baseKeyType":1,"closed":-1,"used":1721127675506,"created":1721127675506,"remoteIdentityKey":"BZIT/9tTO6Tn5IIXDjGB0l++xmDUotAagiTJuyXrRzdF"},"_chains":{"BfDGX86Ae+p5GqJBMCOd/bLEm6kIJ8Xctc9Rhw4muFFt":{"chainKey":{"counter":2,"key":"/jHMaU2dJXbwAyMJ88rLNbdAmIhtfosQpdvTr6eSR30="},"chainType":1,"messageKeys":{}}},"pendingPreKey":{"signedKeyId":1,"baseKey":"BVSvvS9rq1ZnWIXD/LIQlft3ipGTRI92Hys4tuYSC1YC","preKeyId":22}}},"version":"v1"}