{"_sessions":{"BbQlQvE1YYCcf50JjEwOSIICEhUagYisaWGSR0dlTb5F":{"registrationId":535816293,"currentRatchet":{"ephemeralKeyPair":{"pubKey":"BeVEf385M1glXpsoHDiB4AFKwQUoLBd5NzPXNSbZZotB","privKey":"WPrIT/VJGNj+U6DHaVSBXnbTsMky1mLnMexS3BC1q1Q="},"lastRemoteEphemeralKey":"BarqQqJOWEG7UrqPfomuyklHd8YRXuiUsVlRqCGVrPJt","previousCounter":0,"rootKey":"8Y8HwKifWAndqEsQQo6waYISYRjamH+fXUBSpeS/6YU="},"indexInfo":{"baseKey":"BbQlQvE1YYCcf50JjEwOSIICEhUagYisaWGSR0dlTb5F","baseKeyType":1,"closed":-1,"used":1721051170840,"created":1721051170840,"remoteIdentityKey":"BdvCXPDQvmFVal4pzhs9zRbC8pPT17kz0uyCCuzjccVZ"},"_chains":{"BeVEf385M1glXpsoHDiB4AFKwQUoLBd5NzPXNSbZZotB":{"chainKey":{"counter":130,"key":"0kKBhCRQQTbFsZsJqDSIIv6JEWrcE7eMbTJcq68Hum4="},"chainType":1,"messageKeys":{}}},"pendingPreKey":{"signedKeyId":2,"baseKey":"BbQlQvE1YYCcf50JjEwOSIICEhUagYisaWGSR0dlTb5F","preKeyId":6038721}}},"version":"v1"}