{"_sessions":{"Bctbf9xaiRh+ROf0htIaL3zjv6Do5J9pK0xNerHzfDtp":{"registrationId":797316391,"currentRatchet":{"ephemeralKeyPair":{"pubKey":"BY0kzP9FyH7khaFkPDgKd67PAzwvHVCFzi5iq5Fkf98A","privKey":"aL3IUOLjXkB0ufd8JLB7akycAtd6CEIpJizHv9YjQFM="},"lastRemoteEphemeralKey":"BccgH97og+UHGLqMBnDbPBqWSXEAuJIGIHPPCjCZpzlp","previousCounter":33,"rootKey":"sDFJlR1G+P0+21aQr9Aq6T/Kwn4EklO3n5HzCcO9tYg="},"indexInfo":{"baseKey":"Bctbf9xaiRh+ROf0htIaL3zjv6Do5J9pK0xNerHzfDtp","baseKeyType":1,"closed":-1,"used":1721155915743,"created":1721144671537,"remoteIdentityKey":"BdjSSfRd/SUn0O5ppvA78dnvUbu/nG+O8HsF3+GI34F+"},"_chains":{"Beg4VzJBT95nTS5Hknp640tTnbY8uGlinXKKyUFWKWM6":{"chainKey":{"counter":1},"chainType":2,"messageKeys":{}},"BccgH97og+UHGLqMBnDbPBqWSXEAuJIGIHPPCjCZpzlp":{"chainKey":{"counter":0,"key":"zZszOdWdMgldWMxBF13r7IIsX1J9YeMIbNIrx6C57Lo="},"chainType":2,"messageKeys":{}},"BY0kzP9FyH7khaFkPDgKd67PAzwvHVCFzi5iq5Fkf98A":{"chainKey":{"counter":11,"key":"I8M+zsaNs0KvUFeHEb4e4STBEqMGUVNUTVt9CuOqXPI="},"chainType":1,"messageKeys":{}}}}},"version":"v1"}