{"_sessions":{"BbOsE/LouV9uDhhk5xSxJYSe83Z4M/jRRMiw38RM74EJ":{"registrationId":874266509,"currentRatchet":{"ephemeralKeyPair":{"pubKey":"BSirqZRDxCx70ykIAemTRjAWfIOfaR5SrY/Lh5wb8jpZ","privKey":"KAxZYgwQlUKXri6xJpq76EIbtcU1As4PuOOEeuuoom4="},"lastRemoteEphemeralKey":"BYHTgzc4y8p1Qi92mHoxc7IdjZNLGDHDgGtd4Xcmzr4u","previousCounter":0,"rootKey":"yP2XeOJcQSEfGlc3ddgC86tDFTl18kPRIcikCoX1lzw="},"indexInfo":{"baseKey":"BbOsE/LouV9uDhhk5xSxJYSe83Z4M/jRRMiw38RM74EJ","baseKeyType":1,"closed":1721074794595,"used":1721051170242,"created":1721051170242,"remoteIdentityKey":"Bcy0WCa3XxC8GFPCFrXGKCBRPoF0IjvrcPlEzBOS33F+"},"_chains":{"BSirqZRDxCx70ykIAemTRjAWfIOfaR5SrY/Lh5wb8jpZ":{"chainKey":{"counter":33,"key":"1TKvMspHmZYQljvaB/zYAVhfkrelmyWjPvB+Ohjz+/s="},"chainType":1,"messageKeys":{}}},"pendingPreKey":{"signedKeyId":1,"baseKey":"BbOsE/LouV9uDhhk5xSxJYSe83Z4M/jRRMiw38RM74EJ"}},"BRXWOKRwVQUcxeXdFruF/fKBRgYB1gxqck1DVuqOvakB":{"registrationId":874266509,"currentRatchet":{"ephemeralKeyPair":{"pubKey":"BaJZpLEIlu3gznLyOv75nD3W00ulng8OQrEn1aBmJ81B","privKey":"gN74lUbqPIxeXAUp9e8c50Y3hY/DVAwpHiFPWHu5W08="},"lastRemoteEphemeralKey":"BYHTgzc4y8p1Qi92mHoxc7IdjZNLGDHDgGtd4Xcmzr4u","previousCounter":0,"rootKey":"N4C4vBwzBzeEJDpHUSAjKVGXxGO5dKj9VTjPjjRH+98="},"indexInfo":{"baseKey":"BRXWOKRwVQUcxeXdFruF/fKBRgYB1gxqck1DVuqOvakB","baseKeyType":1,"closed":1721143368783,"used":1721074794593,"created":1721074794593,"remoteIdentityKey":"Bcy0WCa3XxC8GFPCFrXGKCBRPoF0IjvrcPlEzBOS33F+"},"_chains":{"BaJZpLEIlu3gznLyOv75nD3W00ulng8OQrEn1aBmJ81B":{"chainKey":{"counter":49,"key":"FCiyRb6jFOIFLaZqlm6H6Bi8MA79naKs+fNIJyCWpWU="},"chainType":1,"messageKeys":{}}},"pendingPreKey":{"signedKeyId":1,"baseKey":"BRXWOKRwVQUcxeXdFruF/fKBRgYB1gxqck1DVuqOvakB","preKeyId":2037}},"BdbJxOj4MAfPbnfXKF6E3PoF8wtIC9ral7uoELWXA44M":{"registrationId":874266509,"currentRatchet":{"ephemeralKeyPair":{"pubKey":"BRkvN9+a3sv2fz/sogZXY/MEIKKqtvGaSDGIMAdMMv1v","privKey":"2FYCB3f6Vd1N5xjGzOMEyyOi2i5xGCvZ80hq/S0Fmks="},"lastRemoteEphemeralKey":"BYHTgzc4y8p1Qi92mHoxc7IdjZNLGDHDgGtd4Xcmzr4u","previousCounter":0,"rootKey":"fdn1J3q0XT9JCtzN6BBwrSpR5uvQuskwGGfLSotJDe4="},"indexInfo":{"baseKey":"BdbJxOj4MAfPbnfXKF6E3PoF8wtIC9ral7uoELWXA44M","baseKeyType":1,"closed":-1,"used":1721143368781,"created":1721143368781,"remoteIdentityKey":"Bcy0WCa3XxC8GFPCFrXGKCBRPoF0IjvrcPlEzBOS33F+"},"_chains":{"BRkvN9+a3sv2fz/sogZXY/MEIKKqtvGaSDGIMAdMMv1v":{"chainKey":{"counter":49,"key":"OZs9PYV59vgAoeJTi1uhqQVEtMjQ/lXozz2rk1Ldmlc="},"chainType":1,"messageKeys":{}}},"pendingPreKey":{"signedKeyId":1,"baseKey":"BdbJxOj4MAfPbnfXKF6E3PoF8wtIC9ral7uoELWXA44M"}}},"version":"v1"}