{"_sessions":{"BYl48iyzTUhP2Y+AqSIA1Bs1gQxs9FJzD6Lf3C1SbhF4":{"registrationId":423342260,"currentRatchet":{"ephemeralKeyPair":{"pubKey":"BQoiDVE/c+SlCaRqySc45kqL+WsshqJRKMaMNpiAjbsk","privKey":"cDyBiEgUmgJLTvYZIKDUsuwK4mTOH5Eox3oDi//a308="},"lastRemoteEphemeralKey":"BaNc3BdYnbYvJ8ZaYPsIv46J+vjfaG16g9efh5/fUg0D","previousCounter":0,"rootKey":"1uB/TlucqD4jHFuebRD+rnPA8TuJIntvJZR5ByUtTGE="},"indexInfo":{"baseKey":"BYl48iyzTUhP2Y+AqSIA1Bs1gQxs9FJzD6Lf3C1SbhF4","baseKeyType":1,"closed":-1,"used":1721059323140,"created":1721059323140,"remoteIdentityKey":"BUz5SrBEX3dt1C8fGE06UutG7n84Bt73sVSmtd5nxcIs"},"_chains":{"BQoiDVE/c+SlCaRqySc45kqL+WsshqJRKMaMNpiAjbsk":{"chainKey":{"counter":5,"key":"0l1bpwePj8xExFFv9JXp58rNu21jWTzP4AWrWF1kj2c="},"chainType":1,"messageKeys":{}}},"pendingPreKey":{"signedKeyId":0,"baseKey":"BYl48iyzTUhP2Y+AqSIA1Bs1gQxs9FJzD6Lf3C1SbhF4","preKeyId":998579}}},"version":"v1"}