{"_sessions":{"BeNFMv8yfWywbbo/vMMbkg2C4+FnMdew9Vd0etc8pLdK":{"registrationId":639405054,"currentRatchet":{"ephemeralKeyPair":{"pubKey":"BbpRIuKu3yiotphTEKiFCPHHBLxYOQSnm2TvV7tJcYod","privKey":"aLXv6O18T/EvQzGBKcP9uKjqoftiG3AabXp45Jlip3E="},"lastRemoteEphemeralKey":"BSAkGh8olmYiByijFFWXh1gKp20Sy6Ow0yTix2HnTskK","previousCounter":0,"rootKey":"V1eQ7TUHrp67Ec9LhQMIF15fhvSmPe16F3rYO2cjILw="},"indexInfo":{"baseKey":"BeNFMv8yfWywbbo/vMMbkg2C4+FnMdew9Vd0etc8pLdK","baseKeyType":2,"closed":1721082377736,"used":1721057517661,"created":1721057517661,"remoteIdentityKey":"BX8Ui+Fw/H1TQTyeLR4YGJVDhVQLaDvDXN9Pgz7uc/E4"},"_chains":{"BSAkGh8olmYiByijFFWXh1gKp20Sy6Ow0yTix2HnTskK":{"chainKey":{"counter":0,"key":"yYEQyuyHP9tQGo00aBGvySrAVG0rXwyIHuBhi8oUhNA="},"chainType":2,"messageKeys":{}},"BbpRIuKu3yiotphTEKiFCPHHBLxYOQSnm2TvV7tJcYod":{"chainKey":{"counter":0,"key":"XGKg2oNZG9FzBdQzs25Is/Lpkafx+5Vzt526fjYLfNU="},"chainType":1,"messageKeys":{}}}},"BQs3X+vgeETWu/OM2XU1swbUFJ+qyAdMdJKhPIPKwIVU":{"registrationId":639405054,"currentRatchet":{"ephemeralKeyPair":{"pubKey":"BadNNn0vgZ35qCfYHIuJ743JWF0kDzMRf2i41pDBmbAB","privKey":"yO7R8Zpgk7Zr62uzYNMc6d63Z104RWg1ZYM8pMlMoks="},"lastRemoteEphemeralKey":"BS3zSIpXVCTdPahz47Fz6cHQqPXp8d4HRi8MZRNbLDhK","previousCounter":0,"rootKey":"kf3T/QNvUptMBLacXa5Fkj+dnbH1Tm0yACEsoaxG8+Y="},"indexInfo":{"baseKey":"BQs3X+vgeETWu/OM2XU1swbUFJ+qyAdMdJKhPIPKwIVU","baseKeyType":1,"closed":-1,"used":1721082377715,"created":1721082377715,"remoteIdentityKey":"BX8Ui+Fw/H1TQTyeLR4YGJVDhVQLaDvDXN9Pgz7uc/E4"},"_chains":{"BadNNn0vgZ35qCfYHIuJ743JWF0kDzMRf2i41pDBmbAB":{"chainKey":{"counter":5,"key":"zi1VA6asXYDI7cUAu4a9oyUCbGpl9Ma7cpSwLQpJAig="},"chainType":1,"messageKeys":{}}},"pendingPreKey":{"signedKeyId":1,"baseKey":"BQs3X+vgeETWu/OM2XU1swbUFJ+qyAdMdJKhPIPKwIVU","preKeyId":484}}},"version":"v1"}