{"_sessions":{"Ba0i87zeuJTNZeZroQwSguXNYmvmd8dL7qj14vkmkUtA":{"registrationId":933549762,"currentRatchet":{"ephemeralKeyPair":{"pubKey":"BUOX00xQRFk6iFe0CjNLaWLrHmHszxQkP9CKDzs0rO4K","privKey":"OELAznMoyysdInpId8C6xlW4LGmBKRW1nh+D+D81wVg="},"lastRemoteEphemeralKey":"BVTCjvQftQ0n+SN1zGxPgA8w4fwo+bbW4lXxqLgxqfUJ","previousCounter":0,"rootKey":"+UrH9mwTB2YzbS/MewnbEWXF5bKe8kWm3IXBBN/o+xY="},"indexInfo":{"baseKey":"Ba0i87zeuJTNZeZroQwSguXNYmvmd8dL7qj14vkmkUtA","baseKeyType":1,"closed":-1,"used":1721059323156,"created":1721059323156,"remoteIdentityKey":"BU4h5mTiv24nAfbCAsaVafVwbSw4q6Y9NMmvITnKTQQm"},"_chains":{"BUOX00xQRFk6iFe0CjNLaWLrHmHszxQkP9CKDzs0rO4K":{"chainKey":{"counter":5,"key":"09PmUaQ1gyCyxATclK2dYIcPnF0OInV1sv5/khpfV3I="},"chainType":1,"messageKeys":{}}},"pendingPreKey":{"signedKeyId":49,"baseKey":"Ba0i87zeuJTNZeZroQwSguXNYmvmd8dL7qj14vkmkUtA","preKeyId":4231913}}},"version":"v1"}