{"_sessions":{"BUqu7hrFaJUjK1PE9MzL/ohABLVYWVFlbwaykC8RJpYX":{"registrationId":53,"currentRatchet":{"ephemeralKeyPair":{"pubKey":"BfP2bYk3Jzt7wucxsQlgUHs0zzGGvwHcXiZSKVo2lKl4","privKey":"8A64WpVZk+lhUodbSPnjqTE0eEVqxk9+qi9GexU+vGg="},"lastRemoteEphemeralKey":"Bffw65v8yqNsiJyjSy3rv2roFO2/QAZVIf4Qjg2H7g0M","previousCounter":0,"rootKey":"qPcgKMsoZg83O//1I61dF/RRmbufayHGXNp/O3xIlXg="},"indexInfo":{"baseKey":"BUqu7hrFaJUjK1PE9MzL/ohABLVYWVFlbwaykC8RJpYX","baseKeyType":1,"closed":-1,"used":1721059322747,"created":1721059322747,"remoteIdentityKey":"BckxME9eYUvwh5n5/zQHdKGs4jr6wQaLGkujj7g+tqE5"},"_chains":{"BfP2bYk3Jzt7wucxsQlgUHs0zzGGvwHcXiZSKVo2lKl4":{"chainKey":{"counter":5,"key":"LJ2Ns5GPchN97lAfmofs0vVsUyEAWBh+bKmiC0PAV6k="},"chainType":1,"messageKeys":{}}},"pendingPreKey":{"signedKeyId":1,"baseKey":"BUqu7hrFaJUjK1PE9MzL/ohABLVYWVFlbwaykC8RJpYX"}}},"version":"v1"}