{"_sessions":{"BUG8pWaV4G1brPwWn2bFonJ7LViEDqyIDFuJUV2KJMMZ":{"registrationId":1216991477,"currentRatchet":{"ephemeralKeyPair":{"pubKey":"BYEPw6BoQPKnlYOxZGpNidXlg7uSEd69I2VCJz/lBORZ","privKey":"8H0NOSobEpP57g639CKR9NkSlQsgvVEhWBSxDGAOi08="},"lastRemoteEphemeralKey":"BUESXsa7fI9RXSBTYKv6Wjb0lrsCHjoW2qPJJdmVRtEA","previousCounter":0,"rootKey":"kMWSfT6c936kMYE4x9whV5ZPF8x+NkrBcmjuXthelz4="},"indexInfo":{"baseKey":"BUG8pWaV4G1brPwWn2bFonJ7LViEDqyIDFuJUV2KJMMZ","baseKeyType":1,"closed":-1,"used":1721051170943,"created":1721051170943,"remoteIdentityKey":"Bf8xm8hFNy6IlyAy3egJ1R3updpeTkkHOCLAvIaT5lph"},"_chains":{"BYEPw6BoQPKnlYOxZGpNidXlg7uSEd69I2VCJz/lBORZ":{"chainKey":{"counter":130,"key":"MFwgkH3O9GoEQUSxkrxTWfF7MqvLcP9R/WaUZcSEEfM="},"chainType":1,"messageKeys":{}}},"pendingPreKey":{"signedKeyId":14,"baseKey":"BUG8pWaV4G1brPwWn2bFonJ7LViEDqyIDFuJUV2KJMMZ"}}},"version":"v1"}