{"_sessions":{"BdXTKwMLMdQodW41LwU4dTN8fJN3YTe796jrWvvd/Cxc":{"registrationId":1724465248,"currentRatchet":{"ephemeralKeyPair":{"pubKey":"BWovGpVDp1Hc2IYjpvN1uO0/NhYkThxFYerMEHNRIgZX","privKey":"2HzHsjvf4K+06hXlc+NwT3jdlW+yo373MgOa0oWDVmg="},"lastRemoteEphemeralKey":"BdRiKbba0dd8iF0jdySAf4QY2jHve9b+TaiKZR+0BMQ1","previousCounter":0,"rootKey":"U2J70cNviIcnHJO2n1EaY7RepkZJXwClcShMyrlwY7g="},"indexInfo":{"baseKey":"BdXTKwMLMdQodW41LwU4dTN8fJN3YTe796jrWvvd/Cxc","baseKeyType":1,"closed":-1,"used":1721051170932,"created":1721051170932,"remoteIdentityKey":"BQkMSUHE2Bqunato4Hh0qH6HwuMsPMQszURKJLBob7AN"},"_chains":{"BWovGpVDp1Hc2IYjpvN1uO0/NhYkThxFYerMEHNRIgZX":{"chainKey":{"counter":130,"key":"WJNw5jY/lwYj+6E1wSDhfJjLrESMqCJo7q3yR4DgGRE="},"chainType":1,"messageKeys":{}}},"pendingPreKey":{"signedKeyId":5,"baseKey":"BdXTKwMLMdQodW41LwU4dTN8fJN3YTe796jrWvvd/Cxc","preKeyId":5912088}}},"version":"v1"}