{"_sessions":{"BWFqv6Fq8vjPn155p/YwSC3VkClSNYXec10isLhBLMNn":{"registrationId":597503555,"currentRatchet":{"ephemeralKeyPair":{"pubKey":"BblgfW0nrjd86uiqbJ1waK6RuW6Qy/lMtYf08sxhYxVH","privKey":"gDlZ/LHQ9ry6cKaRkIGr43QRR9K64semnZhBYh/obnA="},"lastRemoteEphemeralKey":"Bc7NNi87bv5DxzawWFsBK5jTNvR4Q0W6qDAixuX71mpL","previousCounter":0,"rootKey":"3WaNOYG4Io6uzZDVvLL7aodRIdSeahwaIronF1WO2UQ="},"indexInfo":{"baseKey":"BWFqv6Fq8vjPn155p/YwSC3VkClSNYXec10isLhBLMNn","baseKeyType":1,"closed":-1,"used":1721059323036,"created":1721059323036,"remoteIdentityKey":"BXQjf4H0sqUX3vXXYTRh9iMHac82v3ZlrAYXui60Yug1"},"_chains":{"BblgfW0nrjd86uiqbJ1waK6RuW6Qy/lMtYf08sxhYxVH":{"chainKey":{"counter":5,"key":"ZK4dTeohcRoaeD7WU1vm/BjDslSXxU9qioW2L8QHfjU="},"chainType":1,"messageKeys":{}}},"pendingPreKey":{"signedKeyId":4,"baseKey":"BWFqv6Fq8vjPn155p/YwSC3VkClSNYXec10isLhBLMNn","preKeyId":1292115}}},"version":"v1"}