{"_sessions":{"BeZN9oxyKx5MenvPa7IgUIIIDfs7w/npOcJEEzvjQh8F":{"registrationId":194,"currentRatchet":{"ephemeralKeyPair":{"pubKey":"BU7A+q8WRbM/e/q+/ADMf8fXUg/Vs9pDg1VBQ05siEgE","privKey":"iH5UFbE6fq9Avda4IgKm7XdHdH3PUJwBwoddG/b1RHY="},"lastRemoteEphemeralKey":"BcFDzahNwT4PncXulhHJMiC9jkbUEiCXMv9AAcHOes8M","previousCounter":13,"rootKey":"0SkMqmJgGipBSFRuylkUdp+d7Z8BYpL+c2mAA9lnsnQ="},"indexInfo":{"baseKey":"BeZN9oxyKx5MenvPa7IgUIIIDfs7w/npOcJEEzvjQh8F","baseKeyType":1,"closed":1721051298731,"used":1721051302976,"created":1721051170257,"remoteIdentityKey":"BVhcgd0LVPiESa5AZvhXqj4MAYC6UXzScszzyIqvizk8"},"_chains":{"BcFDzahNwT4PncXulhHJMiC9jkbUEiCXMv9AAcHOes8M":{"chainKey":{"counter":0,"key":"KfnYG2BYdlGY5PG+MNsOpoVaeS1JFUtGkThRZtkOqQg="},"chainType":2,"messageKeys":{}},"BU7A+q8WRbM/e/q+/ADMf8fXUg/Vs9pDg1VBQ05siEgE":{"chainKey":{"counter":-1,"key":"7BFtZzAYozdVXPFg1yk1q/6a4gV94iadOkojoOKA3wo="},"chainType":1,"messageKeys":{}}}},"BYstJg8q3Ob8NLkYvlCEBjPK2HemKzQBxpr9NhKFJJQv":{"registrationId":194,"currentRatchet":{"ephemeralKeyPair":{"pubKey":"BTj4jnuCmVGoQiYs6zKvqP2LduzULxCPgD25LXzwdwga","privKey":"wMSajp4jew8EC25q9bamUbRx/lDVAufi0JfW6FoLb0Y="},"lastRemoteEphemeralKey":"BcFDzahNwT4PncXulhHJMiC9jkbUEiCXMv9AAcHOes8M","previousCounter":0,"rootKey":"yEgjt2ErNdIJTH921+iTpmwh/CjWGPlQK9zA5R4taGI="},"indexInfo":{"baseKey":"BYstJg8q3Ob8NLkYvlCEBjPK2HemKzQBxpr9NhKFJJQv","baseKeyType":1,"closed":1721051299462,"used":1721051298677,"created":1721051298677,"remoteIdentityKey":"BVhcgd0LVPiESa5AZvhXqj4MAYC6UXzScszzyIqvizk8"},"_chains":{"BcFDzahNwT4PncXulhHJMiC9jkbUEiCXMv9AAcHOes8M":{"chainKey":{"counter":0,"key":"THS2rOSAhfSXOSHZ6IUr0rUraWRNYTgKaR3HNMOrK3I="},"chainType":2,"messageKeys":{}},"BTj4jnuCmVGoQiYs6zKvqP2LduzULxCPgD25LXzwdwga":{"chainKey":{"counter":-1,"key":"FRGSglGS/qDAAemsWaUgeyGrdiBCQHpPgkW/3XW+NOs="},"chainType":1,"messageKeys":{}}},"pendingPreKey":{"signedKeyId":1,"baseKey":"BYstJg8q3Ob8NLkYvlCEBjPK2HemKzQBxpr9NhKFJJQv","preKeyId":291}},"BeruTl2bxJ9CF7EgniOxAPidW0OIAHHWUSFbi/Wcbh5A":{"registrationId":194,"currentRatchet":{"ephemeralKeyPair":{"pubKey":"BeBitFh7TiDG7WMq19Kv7xg6tAg6D8wyi+Im0JVpKrMR","privKey":"YLJlXECdHHXwGDNRA4hlcxGwsKRoarWtb4iat5+lhEM="},"lastRemoteEphemeralKey":"BcFDzahNwT4PncXulhHJMiC9jkbUEiCXMv9AAcHOes8M","previousCounter":0,"rootKey":"nU5ExTEDlP4TJvW5xEDzcFTzJxn+JJ4e4VoGTpx840w="},"indexInfo":{"baseKey":"BeruTl2bxJ9CF7EgniOxAPidW0OIAHHWUSFbi/Wcbh5A","baseKeyType":1,"closed":1721051300146,"used":1721051299459,"created":1721051299459,"remoteIdentityKey":"BVhcgd0LVPiESa5AZvhXqj4MAYC6UXzScszzyIqvizk8"},"_chains":{"BcFDzahNwT4PncXulhHJMiC9jkbUEiCXMv9AAcHOes8M":{"chainKey":{"counter":0,"key":"dkvBrBHrCriDYVbQKJShlDaNuiWGQUlXt/gwEuWSZ6U="},"chainType":2,"messageKeys":{}},"BeBitFh7TiDG7WMq19Kv7xg6tAg6D8wyi+Im0JVpKrMR":{"chainKey":{"counter":-1,"key":"LBaXw954QeJjiy3iMsB5B41EYVdZM+50+B/+9IeievA="},"chainType":1,"messageKeys":{}}},"pendingPreKey":{"signedKeyId":1,"baseKey":"BeruTl2bxJ9CF7EgniOxAPidW0OIAHHWUSFbi/Wcbh5A","preKeyId":295}},"BWvfPjX7ZsMobLB3wXHRqOz2QA5Nt2/0rM2vQLDB6dgz":{"registrationId":194,"currentRatchet":{"ephemeralKeyPair":{"pubKey":"BSJAykDV4QJyFqd6V/LMZ7NCVW2IeBfpwxTxKzJl31Bh","privKey":"QDF++ydW8ESBNiOQb4mTDaI9nxZ9g3MlW5iOKdxISlY="},"lastRemoteEphemeralKey":"BcFDzahNwT4PncXulhHJMiC9jkbUEiCXMv9AAcHOes8M","previousCounter":-1,"rootKey":"9gjtkDtCWm0LD2YVCtkLqYcMiM2oE/7PDv1m0526Hd8="},"indexInfo":{"baseKey":"BWvfPjX7ZsMobLB3wXHRqOz2QA5Nt2/0rM2vQLDB6dgz","baseKeyType":1,"closed":1721051300456,"used":1721051300144,"created":1721051300144,"remoteIdentityKey":"BVhcgd0LVPiESa5AZvhXqj4MAYC6UXzScszzyIqvizk8"},"_chains":{"BcFDzahNwT4PncXulhHJMiC9jkbUEiCXMv9AAcHOes8M":{"chainKey":{"counter":0,"key":"bHILbJVYKxNigCzcujputm/lR7Ohi5FCXtLce361pcA="},"chainType":2,"messageKeys":{}},"BSJAykDV4QJyFqd6V/LMZ7NCVW2IeBfpwxTxKzJl31Bh":{"chainKey":{"counter":-1,"key":"MlzdtuLrwlK6v5zQ8De40qtdJUQn9u9qJQB7Ww0boFI="},"chainType":1,"messageKeys":{}}},"pendingPreKey":{"signedKeyId":1,"baseKey":"BWvfPjX7ZsMobLB3wXHRqOz2QA5Nt2/0rM2vQLDB6dgz","preKeyId":271}},"BS7x/gGgELz3aKu9F7AXvyrR9tTFFzbYVzsj6XDbL640":{"registrationId":194,"currentRatchet":{"ephemeralKeyPair":{"pubKey":"BdKqslnpmwouwgK0uncywE6XFs5B3MtnW+xw0gehVGlx","privKey":"ACePqHQl4p/qyxxDss/rmEZHxOiaMXj5DUFrsvEoFk8="},"lastRemoteEphemeralKey":"BcFDzahNwT4PncXulhHJMiC9jkbUEiCXMv9AAcHOes8M","previousCounter":0,"rootKey":"z902Rm4TuTTU+a9vE7Q08/7+e33FW4D0KV0AevNLcSI="},"indexInfo":{"baseKey":"BS7x/gGgELz3aKu9F7AXvyrR9tTFFzbYVzsj6XDbL640","baseKeyType":1,"closed":1721051301145,"used":1721051300441,"created":1721051300441,"remoteIdentityKey":"BVhcgd0LVPiESa5AZvhXqj4MAYC6UXzScszzyIqvizk8"},"_chains":{"BcFDzahNwT4PncXulhHJMiC9jkbUEiCXMv9AAcHOes8M":{"chainKey":{"counter":0,"key":"GRX6gQfFGnthfS9iXKdqg/FwNWTOgQqw3ejiOhK6hVo="},"chainType":2,"messageKeys":{}},"BdKqslnpmwouwgK0uncywE6XFs5B3MtnW+xw0gehVGlx":{"chainKey":{"counter":-1,"key":"V+Z25X6pgUFoOaVWJs7290bbKsxk1IaM3Dzko0a/vA0="},"chainType":1,"messageKeys":{}}},"pendingPreKey":{"signedKeyId":1,"baseKey":"BS7x/gGgELz3aKu9F7AXvyrR9tTFFzbYVzsj6XDbL640","preKeyId":286}},"BQmydtqdkTsOjS73ZqZaLAtR/gX5W/4FBxdAHwZwmN4a":{"registrationId":194,"currentRatchet":{"ephemeralKeyPair":{"pubKey":"BTzImiiVL1udtqPIZc6So1ac9104ixMGYB0wg3eJHMg7","privKey":"aKvigsQs5vdaCk3nMUzmunbWS/abJdRr67LTwk/QdWY="},"lastRemoteEphemeralKey":"BcFDzahNwT4PncXulhHJMiC9jkbUEiCXMv9AAcHOes8M","previousCounter":-1,"rootKey":"uhyl13JGiz4p9Vo0MgHQo6MXQmC80LIR66pNB44uT9U="},"indexInfo":{"baseKey":"BQmydtqdkTsOjS73ZqZaLAtR/gX5W/4FBxdAHwZwmN4a","baseKeyType":1,"closed":1721051301462,"used":1721051301136,"created":1721051301136,"remoteIdentityKey":"BVhcgd0LVPiESa5AZvhXqj4MAYC6UXzScszzyIqvizk8"},"_chains":{"BcFDzahNwT4PncXulhHJMiC9jkbUEiCXMv9AAcHOes8M":{"chainKey":{"counter":0,"key":"Cbp9jpoXaWxbdwmh3C2RmNfC9jP2DNPyyKHV+g3jXcA="},"chainType":2,"messageKeys":{}},"BTzImiiVL1udtqPIZc6So1ac9104ixMGYB0wg3eJHMg7":{"chainKey":{"counter":-1,"key":"MYRHT0EYTfbkuK/iG8HJ/sIZma1TnL4l31cocodFMSo="},"chainType":1,"messageKeys":{}}},"pendingPreKey":{"signedKeyId":1,"baseKey":"BQmydtqdkTsOjS73ZqZaLAtR/gX5W/4FBxdAHwZwmN4a","preKeyId":296}},"BXhTgasiGSyKsElI69njpDjtITepg+Oic1glaEgxUoVs":{"registrationId":194,"currentRatchet":{"ephemeralKeyPair":{"pubKey":"BXXJrLze2XNIWJXRv9w0Po/MC2ZS4Y1h8+FtanZZOwFg","privKey":"oP9rpGhXbNnj2lcf0YpAxIIGYdm9LGwBm5EiNxY+NW8="},"lastRemoteEphemeralKey":"BcFDzahNwT4PncXulhHJMiC9jkbUEiCXMv9AAcHOes8M","previousCounter":0,"rootKey":"NckL+C6VZuoBnYEe6diQmac8y5/CFm7hZhWrVmBJvSY="},"indexInfo":{"baseKey":"BXhTgasiGSyKsElI69njpDjtITepg+Oic1glaEgxUoVs","baseKeyType":1,"closed":1721051302053,"used":1721051301454,"created":1721051301454,"remoteIdentityKey":"BVhcgd0LVPiESa5AZvhXqj4MAYC6UXzScszzyIqvizk8"},"_chains":{"BcFDzahNwT4PncXulhHJMiC9jkbUEiCXMv9AAcHOes8M":{"chainKey":{"counter":0,"key":"M2cWPvlR/VtYhP5QCcSauEfZfq8Hv6bGxweeyr+rQj4="},"chainType":2,"messageKeys":{}},"BXXJrLze2XNIWJXRv9w0Po/MC2ZS4Y1h8+FtanZZOwFg":{"chainKey":{"counter":-1,"key":"EyD3bQ0PdRVgr23ipGaeFpuVxtyttIzw9G+DiyO3I38="},"chainType":1,"messageKeys":{}}},"pendingPreKey":{"signedKeyId":1,"baseKey":"BXhTgasiGSyKsElI69njpDjtITepg+Oic1glaEgxUoVs","preKeyId":279}},"Be3loyU8LyjWR6aAfdMN1CAiaq53tYsT2tRrEIcQYCds":{"registrationId":194,"currentRatchet":{"ephemeralKeyPair":{"pubKey":"BUHO9WkVxICrH3ELZ/Nptf2j7Smylk291+NAf0Iu6vBb","privKey":"gF7OCUXu9Qk85YNdxmHo0v45ACaECAfXaXhEWLY/AXs="},"lastRemoteEphemeralKey":"BcFDzahNwT4PncXulhHJMiC9jkbUEiCXMv9AAcHOes8M","previousCounter":-1,"rootKey":"zTQRSKPQODBOuAZpxgBY3v8FFGUF303NPP/3ZBTAkWg="},"indexInfo":{"baseKey":"Be3loyU8LyjWR6aAfdMN1CAiaq53tYsT2tRrEIcQYCds","baseKeyType":1,"closed":1721051302338,"used":1721051302050,"created":1721051302050,"remoteIdentityKey":"BVhcgd0LVPiESa5AZvhXqj4MAYC6UXzScszzyIqvizk8"},"_chains":{"BcFDzahNwT4PncXulhHJMiC9jkbUEiCXMv9AAcHOes8M":{"chainKey":{"counter":0,"key":"3AbV9KYD6Di81JVB5pAPPT8L1lYL/4HuFqDhf2Mf/1E="},"chainType":2,"messageKeys":{}},"BUHO9WkVxICrH3ELZ/Nptf2j7Smylk291+NAf0Iu6vBb":{"chainKey":{"counter":-1,"key":"ohsKu/xWSe9ldP/i5mqk11S3IE5PTHDoEmnUpTwdvYQ="},"chainType":1,"messageKeys":{}}},"pendingPreKey":{"signedKeyId":1,"baseKey":"Be3loyU8LyjWR6aAfdMN1CAiaq53tYsT2tRrEIcQYCds","preKeyId":275}},"BaMgjd/uYIMMTtwKIRfefDRU+jW0o41LqH6VoIi9UP43":{"registrationId":194,"currentRatchet":{"ephemeralKeyPair":{"pubKey":"BbwWWGh9Tw/iZivzcDouEFYK/A+3Pq0PUaEVnMa3+slj","privKey":"GI+pjseSNRhWDoo2EOUGSwJK2f5wAawSnMYkVrSVZ1c="},"lastRemoteEphemeralKey":"BcFDzahNwT4PncXulhHJMiC9jkbUEiCXMv9AAcHOes8M","previousCounter":-1,"rootKey":"+xJ+kMR3SDsxgY7DF2OHKJtYnf1vl3yXwEcPNMoeSi0="},"indexInfo":{"baseKey":"BaMgjd/uYIMMTtwKIRfefDRU+jW0o41LqH6VoIi9UP43","baseKeyType":1,"closed":1721051302652,"used":1721051302336,"created":1721051302336,"remoteIdentityKey":"BVhcgd0LVPiESa5AZvhXqj4MAYC6UXzScszzyIqvizk8"},"_chains":{"BcFDzahNwT4PncXulhHJMiC9jkbUEiCXMv9AAcHOes8M":{"chainKey":{"counter":0,"key":"B4QnX9SBCQajfvR3HcJ/CEzNdI0gFl+32bPbxcTa3hY="},"chainType":2,"messageKeys":{}},"BbwWWGh9Tw/iZivzcDouEFYK/A+3Pq0PUaEVnMa3+slj":{"chainKey":{"counter":-1,"key":"5k3+Rps0JrpJkn+vEIqYtm7PwlP4giET16b/wU0Kr8Q="},"chainType":1,"messageKeys":{}}},"pendingPreKey":{"signedKeyId":1,"baseKey":"BaMgjd/uYIMMTtwKIRfefDRU+jW0o41LqH6VoIi9UP43","preKeyId":273}},"BVbMoFc3z609BLFXVYq3HK3xhLO/cDPPYSqiM5f1To9c":{"registrationId":194,"currentRatchet":{"ephemeralKeyPair":{"pubKey":"BfTH2oem9rL5yJS5QaHFSgYNNs5WbPgsFOL5wwAH5IVQ","privKey":"GFv/0PgRLBM/E5Uo3X0eBc7Eut7usTQ7CxTUKXItNFM="},"lastRemoteEphemeralKey":"BcFDzahNwT4PncXulhHJMiC9jkbUEiCXMv9AAcHOes8M","previousCounter":0,"rootKey":"Z6Rs3KlP1oQ40wO/DxpRp1/I3pT5g0DFct5JSVk5skM="},"indexInfo":{"baseKey":"BVbMoFc3z609BLFXVYq3HK3xhLO/cDPPYSqiM5f1To9c","baseKeyType":1,"closed":1721051368108,"used":1721051302649,"created":1721051302649,"remoteIdentityKey":"BVhcgd0LVPiESa5AZvhXqj4MAYC6UXzScszzyIqvizk8"},"_chains":{"BcFDzahNwT4PncXulhHJMiC9jkbUEiCXMv9AAcHOes8M":{"chainKey":{"counter":0,"key":"+GMT/T8okrnBSXbuxWKWsbqIqAmFr8ow4t05Urob+S8="},"chainType":2,"messageKeys":{}},"BfTH2oem9rL5yJS5QaHFSgYNNs5WbPgsFOL5wwAH5IVQ":{"chainKey":{"counter":1,"key":"la4Df+za8JbRuGSBAXQc6mFHnAmrkre0nM7Gb1oDBs0="},"chainType":1,"messageKeys":{}}},"pendingPreKey":{"signedKeyId":1,"baseKey":"BVbMoFc3z609BLFXVYq3HK3xhLO/cDPPYSqiM5f1To9c","preKeyId":287}},"BfGJaIbbOcD0e9OtTswBN/SNhTrN0RZONen0RUoB1cgV":{"registrationId":194,"currentRatchet":{"ephemeralKeyPair":{"pubKey":"Bcj7lzujf/tKNff++9lOudxg0jyCucbfx73IGbk5Ss8g","privKey":"oLRLYFj9lBghTi9cMv9S0hiLHfDqkNn6v1Wy1Qj0KV8="},"lastRemoteEphemeralKey":"BcTYcrFV9Zn5pNIH8XsVmf8aLVYM6YEG5zrtNW5O0c10","previousCounter":0,"rootKey":"YMFVnIO5mYD9vBG7Ly8A+6eeHq4q+t4klMJYogXNyg8="},"indexInfo":{"baseKey":"BfGJaIbbOcD0e9OtTswBN/SNhTrN0RZONen0RUoB1cgV","baseKeyType":1,"closed":1721051368615,"used":1721051368106,"created":1721051368106,"remoteIdentityKey":"BVhcgd0LVPiESa5AZvhXqj4MAYC6UXzScszzyIqvizk8"},"_chains":{"Bcj7lzujf/tKNff++9lOudxg0jyCucbfx73IGbk5Ss8g":{"chainKey":{"counter":0,"key":"A6/YhhLRAh5nKduO9pVXJNdptMcaeW+Leq+oKeQ6HkY="},"chainType":1,"messageKeys":{}}},"pendingPreKey":{"signedKeyId":1,"baseKey":"BfGJaIbbOcD0e9OtTswBN/SNhTrN0RZONen0RUoB1cgV","preKeyId":303}},"BWfx+7miEssrvksMlYkATVnAs3SIqsZlYlUAizkaFONG":{"registrationId":194,"currentRatchet":{"ephemeralKeyPair":{"pubKey":"BTCqHFgkYTf+x1ae8GqkANtQkQx7g40bjXe33cjjqTYX","privKey":"gLuo83v3XrryG9f34zMCmLAzklu91qi6AAPIumk/fXA="},"lastRemoteEphemeralKey":"BcTYcrFV9Zn5pNIH8XsVmf8aLVYM6YEG5zrtNW5O0c10","previousCounter":0,"rootKey":"CSHezlhdN7VNCbefmBrwDynSgS5HvaghmbboXIvf5Zg="},"indexInfo":{"baseKey":"BWfx+7miEssrvksMlYkATVnAs3SIqsZlYlUAizkaFONG","baseKeyType":1,"closed":1721052755317,"used":1721051368614,"created":1721051368614,"remoteIdentityKey":"BVhcgd0LVPiESa5AZvhXqj4MAYC6UXzScszzyIqvizk8"},"_chains":{"BTCqHFgkYTf+x1ae8GqkANtQkQx7g40bjXe33cjjqTYX":{"chainKey":{"counter":0,"key":"yfEADKhN5E7wkM68PoqInDfccTj4CPVJf5n3DQzfym8="},"chainType":1,"messageKeys":{}}},"pendingPreKey":{"signedKeyId":1,"baseKey":"BWfx+7miEssrvksMlYkATVnAs3SIqsZlYlUAizkaFONG","preKeyId":311}},"BeSgcBDZIRdcNCT4bROJP3YBYbRloNdPnRLjHxHJcOJx":{"registrationId":194,"currentRatchet":{"ephemeralKeyPair":{"pubKey":"BQf/q2yvD9/mviZVsXtHt/zBUhOBxg3gpZRs8tsWDFsr","privKey":"QO1ba+W5O872lN8hcUZnBmGs7Poe3OkgFuEHkcIir2s="},"lastRemoteEphemeralKey":"BSIOZ4B7b4yFjOguZNdnV1DhS732boRts6zFWVGOos9r","previousCounter":9,"rootKey":"ni/Zqq/ds1aSBE/G2xIMbMm/HDG1tfs+MP0Y7OuCIbk="},"indexInfo":{"baseKey":"BeSgcBDZIRdcNCT4bROJP3YBYbRloNdPnRLjHxHJcOJx","baseKeyType":2,"closed":1721053853052,"used":1721075925837,"created":1721052755320,"remoteIdentityKey":"BVhcgd0LVPiESa5AZvhXqj4MAYC6UXzScszzyIqvizk8"},"_chains":{"BawAlWKhvKmBP7C0TuSq0tMgajeQkNCEBFVD0jfE+K8L":{"chainKey":{"counter":1},"chainType":2,"messageKeys":{"0":"nrvUa9IS8aE3K42YQLVNOwq/jnDFtTat/2Y/JHNn6Jg="}},"BSIOZ4B7b4yFjOguZNdnV1DhS732boRts6zFWVGOos9r":{"chainKey":{"counter":2,"key":"Bc0ThC1cMT4nyCHzusnbi4TJZoXp4ASfvkfDQAcZ3QY="},"chainType":2,"messageKeys":{}},"BQf/q2yvD9/mviZVsXtHt/zBUhOBxg3gpZRs8tsWDFsr":{"chainKey":{"counter":-1,"key":"T/yq/zF7pf89uPm/qIz+Y+jsjcBP266Vub7OfXwPk/c="},"chainType":1,"messageKeys":{}}}},"BTW87Zq5EV+pZPfy6sXgACQfILFcAB9NG6vXXjpXWuo9":{"registrationId":194,"currentRatchet":{"ephemeralKeyPair":{"pubKey":"BTfBINz+lvhB/XsuimlnTJv67flqL9AVliixrh2Pwq1h","privKey":"qO8WDD+6knyh7iw5cgk85BAMLrOZzaUNmJIlwQq772U="},"lastRemoteEphemeralKey":"BSIOZ4B7b4yFjOguZNdnV1DhS732boRts6zFWVGOos9r","previousCounter":0,"rootKey":"YCuP3GxZWRjcaXkJYa6ezh9RAPGM4Oebg1XQL/Z9/Xg="},"indexInfo":{"baseKey":"BTW87Zq5EV+pZPfy6sXgACQfILFcAB9NG6vXXjpXWuo9","baseKeyType":1,"closed":1721053853573,"used":1721053853045,"created":1721053853045,"remoteIdentityKey":"BVhcgd0LVPiESa5AZvhXqj4MAYC6UXzScszzyIqvizk8"},"_chains":{"BSIOZ4B7b4yFjOguZNdnV1DhS732boRts6zFWVGOos9r":{"chainKey":{"counter":0,"key":"ZW/izZXuwMPxNp/h7Z9TDrEsFDy3FYKAeYJYFuX8I9E="},"chainType":2,"messageKeys":{}},"BTfBINz+lvhB/XsuimlnTJv67flqL9AVliixrh2Pwq1h":{"chainKey":{"counter":-1,"key":"nPS4IcIX8EBgBCHLs0l0nJRcz3wy2JdMs/Td4R5iuTQ="},"chainType":1,"messageKeys":{}}},"pendingPreKey":{"signedKeyId":1,"baseKey":"BTW87Zq5EV+pZPfy6sXgACQfILFcAB9NG6vXXjpXWuo9","preKeyId":308}},"BdKKBZinfKhhznKN0cOGa9nXBiBg4RcorGZLl/b6xj4K":{"registrationId":194,"currentRatchet":{"ephemeralKeyPair":{"pubKey":"BV3ayuNVJ42fPUZIa0MQfzMVnlLmcDVzWq246LIPcd4Q","privKey":"2FqxSQqvejeVcsWrrosHfnWozpRfxgr7SGPLeGcHbFM="},"lastRemoteEphemeralKey":"BSIOZ4B7b4yFjOguZNdnV1DhS732boRts6zFWVGOos9r","previousCounter":0,"rootKey":"W9PWCuF84h8ILWpLNgl8M5RcQRHNCuLZ3RuUfh6c8o4="},"indexInfo":{"baseKey":"BdKKBZinfKhhznKN0cOGa9nXBiBg4RcorGZLl/b6xj4K","baseKeyType":1,"closed":1721053854149,"used":1721053853570,"created":1721053853570,"remoteIdentityKey":"BVhcgd0LVPiESa5AZvhXqj4MAYC6UXzScszzyIqvizk8"},"_chains":{"BSIOZ4B7b4yFjOguZNdnV1DhS732boRts6zFWVGOos9r":{"chainKey":{"counter":0,"key":"0LqtNbg6FCUL1NcWjLIvGtPQWRhWPOZ381ckvxmh+I8="},"chainType":2,"messageKeys":{}},"BV3ayuNVJ42fPUZIa0MQfzMVnlLmcDVzWq246LIPcd4Q":{"chainKey":{"counter":-1,"key":"+gmUwvWaO5mw9Mlo9YwFjc0CK9Xnz+crynrrOGX13Tk="},"chainType":1,"messageKeys":{}}},"pendingPreKey":{"signedKeyId":1,"baseKey":"BdKKBZinfKhhznKN0cOGa9nXBiBg4RcorGZLl/b6xj4K","preKeyId":328}},"BUUw5oFYY/jks0yywT9fSc60lbT8El1IuvqgKF0L06MX":{"registrationId":194,"currentRatchet":{"ephemeralKeyPair":{"pubKey":"BaTp5IXJKvswoMNojeYgDNSGtP/MRjsAS4KA2Gvb/pJ6","privKey":"sBKg0n75Mq4jChZYfCZCZzuR1Sc/i6ETrps6ih7x93c="},"lastRemoteEphemeralKey":"BSIOZ4B7b4yFjOguZNdnV1DhS732boRts6zFWVGOos9r","previousCounter":0,"rootKey":"4z7I39HoplBQjyKmlokIlXXJyiSfJ+tD4+IIKnMWDXs="},"indexInfo":{"baseKey":"BUUw5oFYY/jks0yywT9fSc60lbT8El1IuvqgKF0L06MX","baseKeyType":1,"closed":1721058580153,"used":1721053854147,"created":1721053854147,"remoteIdentityKey":"BVhcgd0LVPiESa5AZvhXqj4MAYC6UXzScszzyIqvizk8"},"_chains":{"BSIOZ4B7b4yFjOguZNdnV1DhS732boRts6zFWVGOos9r":{"chainKey":{"counter":0,"key":"ZP7+xJAGarsSVpj8UJmqDfqQy2r06iZH4XYBwCs9lIY="},"chainType":2,"messageKeys":{}},"BaTp5IXJKvswoMNojeYgDNSGtP/MRjsAS4KA2Gvb/pJ6":{"chainKey":{"counter":0,"key":"QJ3Qsv1nS4gSes1v12ZFBGrMvsi4f+MWvAHX60S/u4o="},"chainType":1,"messageKeys":{}}},"pendingPreKey":{"signedKeyId":1,"baseKey":"BUUw5oFYY/jks0yywT9fSc60lbT8El1IuvqgKF0L06MX","preKeyId":313}},"BWf40m1hhNEwoMwCH3p0C+Y9xJ6/U8KraHDZx3L1OrYc":{"registrationId":194,"currentRatchet":{"ephemeralKeyPair":{"pubKey":"BbRw+OSaEugiKXpti8uVCpvgdjrPaNSaQFevnmxLbncu","privKey":"YCHW2uuHhBDDGhX1+4pfFrS992BDzWa/URV6cmiCxWw="},"lastRemoteEphemeralKey":"BSIOZ4B7b4yFjOguZNdnV1DhS732boRts6zFWVGOos9r","previousCounter":0,"rootKey":"nudYKcHGC0H17IPXpI+p2Ec7tIktby4HLakdwQH7phA="},"indexInfo":{"baseKey":"BWf40m1hhNEwoMwCH3p0C+Y9xJ6/U8KraHDZx3L1OrYc","baseKeyType":1,"closed":1721062939929,"used":1721058580149,"created":1721058580149,"remoteIdentityKey":"BVhcgd0LVPiESa5AZvhXqj4MAYC6UXzScszzyIqvizk8"},"_chains":{"BSIOZ4B7b4yFjOguZNdnV1DhS732boRts6zFWVGOos9r":{"chainKey":{"counter":1,"key":"g4YCmZYMkFQ+YMtQwN6aCxf6Na2hr3No3ooHBhCa8S0="},"chainType":2,"messageKeys":{"0":"94yOPnC6TsMwS6gD6YF+eKLROuzG4OXUUMM299/86+I="}},"BbRw+OSaEugiKXpti8uVCpvgdjrPaNSaQFevnmxLbncu":{"chainKey":{"counter":-1,"key":"607ml5o6BN+zcubXSy83qpsRUL8W1qFz+oIJHkWjiQk="},"chainType":1,"messageKeys":{}}},"pendingPreKey":{"signedKeyId":1,"baseKey":"BWf40m1hhNEwoMwCH3p0C+Y9xJ6/U8KraHDZx3L1OrYc","preKeyId":355}},"BSB2kpVQVmyilX2J9TADz534+of5FKhh1pk7htsfGJ4l":{"registrationId":194,"currentRatchet":{"ephemeralKeyPair":{"pubKey":"Bey+FLPMyb2IR1LQ2ashguQ3WS0nT8rsqPjVQGU6MNtZ","privKey":"IJqdeM1R+/IaredJSi8lxhgSRuQ+7xYAJ7UN56rnkUk="},"lastRemoteEphemeralKey":"BSIOZ4B7b4yFjOguZNdnV1DhS732boRts6zFWVGOos9r","previousCounter":0,"rootKey":"T41Pr/lqKtz3fH4d2ta7NFtTYtJYLPsw4rydAphzBlo="},"indexInfo":{"baseKey":"BSB2kpVQVmyilX2J9TADz534+of5FKhh1pk7htsfGJ4l","baseKeyType":1,"closed":1721062940438,"used":1721062939919,"created":1721062939918,"remoteIdentityKey":"BVhcgd0LVPiESa5AZvhXqj4MAYC6UXzScszzyIqvizk8"},"_chains":{"BSIOZ4B7b4yFjOguZNdnV1DhS732boRts6zFWVGOos9r":{"chainKey":{"counter":1,"key":"KKKLMLn0A3SID16HzrdTErt7iwz7M9fX3x9xddG2w3o="},"chainType":2,"messageKeys":{"0":"mmvUXD3okO6NCZNeo4ExeUzQcwIZ7GLuTkaAEzS0Jv0="}},"Bey+FLPMyb2IR1LQ2ashguQ3WS0nT8rsqPjVQGU6MNtZ":{"chainKey":{"counter":-1,"key":"3OA41FojleClcXqalr8j4mFcyRbVoZRQue4WmJkIC9A="},"chainType":1,"messageKeys":{}}},"pendingPreKey":{"signedKeyId":1,"baseKey":"BSB2kpVQVmyilX2J9TADz534+of5FKhh1pk7htsfGJ4l","preKeyId":390}},"BZ9G7PHBAqbIOzejWgjpjinqK0yrVBLe6XYGYlnzIdAg":{"registrationId":194,"currentRatchet":{"ephemeralKeyPair":{"pubKey":"BZSu4J/XVAueGsUZJb4+Ox6WSVKkLp9RCevMIFfi0eAH","privKey":"WFEImZQpPXdGxRR9Oq8aRFeMSLpcLc6x2YDfalMxGUM="},"lastRemoteEphemeralKey":"BSIOZ4B7b4yFjOguZNdnV1DhS732boRts6zFWVGOos9r","previousCounter":0,"rootKey":"fTGGlDE+ZIppy4rWh0uUqeRuo4pZqG6mOiAZHaZegZY="},"indexInfo":{"baseKey":"BZ9G7PHBAqbIOzejWgjpjinqK0yrVBLe6XYGYlnzIdAg","baseKeyType":1,"closed":1721068803791,"used":1721062940436,"created":1721062940436,"remoteIdentityKey":"BVhcgd0LVPiESa5AZvhXqj4MAYC6UXzScszzyIqvizk8"},"_chains":{"BSIOZ4B7b4yFjOguZNdnV1DhS732boRts6zFWVGOos9r":{"chainKey":{"counter":1,"key":"b2Kr+Z5Q7eRC2eNfO6t71hV/rLudNODsE6zFBrWzVsQ="},"chainType":2,"messageKeys":{"0":"iZWyGrgZsbWjSFel/+UjzNg65lWBk7H6UhaH7ZajjDU="}},"BZSu4J/XVAueGsUZJb4+Ox6WSVKkLp9RCevMIFfi0eAH":{"chainKey":{"counter":-1,"key":"gHtjkxcZ4neFsyUZOVC0jy6nUGPS3sX0aSQm+4lTDDY="},"chainType":1,"messageKeys":{}}},"pendingPreKey":{"signedKeyId":1,"baseKey":"BZ9G7PHBAqbIOzejWgjpjinqK0yrVBLe6XYGYlnzIdAg","preKeyId":375}},"BTeJsvCZvOnIgNBkh1yCJ2DIUdYRWFYkbiE/fqIE7Ixx":{"registrationId":194,"currentRatchet":{"ephemeralKeyPair":{"pubKey":"BU2PJbBSgYzqa0KA4WnGNHkD0Q2sVGXNJxnn4m8YNaRf","privKey":"sHRMWpCUBKMjY9HFS5e7Y5yGa6IgEcc/PkmdOfY2HGQ="},"lastRemoteEphemeralKey":"BSIOZ4B7b4yFjOguZNdnV1DhS732boRts6zFWVGOos9r","previousCounter":0,"rootKey":"d9VYmaA2GJqJDHOqne/QhuMhHEgQRGugP9UyGAi4LZY="},"indexInfo":{"baseKey":"BTeJsvCZvOnIgNBkh1yCJ2DIUdYRWFYkbiE/fqIE7Ixx","baseKeyType":1,"closed":1721074800867,"used":1721068803786,"created":1721068803786,"remoteIdentityKey":"BVhcgd0LVPiESa5AZvhXqj4MAYC6UXzScszzyIqvizk8"},"_chains":{"BSIOZ4B7b4yFjOguZNdnV1DhS732boRts6zFWVGOos9r":{"chainKey":{"counter":1,"key":"wd8w2rphDNh9jqZK1D168U/ko4+tfT7cFoRR0yGwiPU="},"chainType":2,"messageKeys":{"0":"8cmSYS1R5YnNKBrsHp9mOEOkFEvFHvXm5wK5Ru5vIM8="}},"BU2PJbBSgYzqa0KA4WnGNHkD0Q2sVGXNJxnn4m8YNaRf":{"chainKey":{"counter":-1,"key":"+DTHivVg925f0lUVAkzqkJXXabt2blv2VrBbwh9zkK4="},"chainType":1,"messageKeys":{}}},"pendingPreKey":{"signedKeyId":1,"baseKey":"BTeJsvCZvOnIgNBkh1yCJ2DIUdYRWFYkbiE/fqIE7Ixx","preKeyId":409}},"BT16Wm3CeLmqUGO/qdoDr1gVfLH550KSZuP5zBHD7nZR":{"registrationId":194,"currentRatchet":{"ephemeralKeyPair":{"pubKey":"BS2ZABAuKaOveVEZ4BG4euFaH7LJ2T6uX/UclEjaCyoX","privKey":"0P8zGR0faOS9FYCE+YD9IeYTVW6W8E63HPpwhvIVm1Q="},"lastRemoteEphemeralKey":"BSIOZ4B7b4yFjOguZNdnV1DhS732boRts6zFWVGOos9r","previousCounter":0,"rootKey":"2PDxQ3lgXAlpSoDiWITSWY+7wzE5F8SuZgiFDq4mIQI="},"indexInfo":{"baseKey":"BT16Wm3CeLmqUGO/qdoDr1gVfLH550KSZuP5zBHD7nZR","baseKeyType":1,"closed":1721076267649,"used":1721074800865,"created":1721074800865,"remoteIdentityKey":"BVhcgd0LVPiESa5AZvhXqj4MAYC6UXzScszzyIqvizk8"},"_chains":{"BSIOZ4B7b4yFjOguZNdnV1DhS732boRts6zFWVGOos9r":{"chainKey":{"counter":2,"key":"CFJJ8Ns4c6r5MZxOmnnXOLpr7OKukO/BDrEaENmNKZI="},"chainType":2,"messageKeys":{"0":"6bboWPBMrjVK/+KEVJVqwYpeO8NjRF/F68UxVzCe2Sc=","1":"fKJAWhNnPD/qIt2KERSnOJ5p2unUmPpsTavD6mOWrhc="}},"BS2ZABAuKaOveVEZ4BG4euFaH7LJ2T6uX/UclEjaCyoX":{"chainKey":{"counter":-1,"key":"iITL1Dj18dMwvYrJ4kn+Wqlew3aKb77bvH39vBWvBS0="},"chainType":1,"messageKeys":{}}},"pendingPreKey":{"signedKeyId":1,"baseKey":"BT16Wm3CeLmqUGO/qdoDr1gVfLH550KSZuP5zBHD7nZR","preKeyId":429}},"BanNUFRJe9ubSjrB40GE9biTJAnt82HjONSVMoXZyEln":{"registrationId":194,"currentRatchet":{"ephemeralKeyPair":{"pubKey":"Bdf4pdDgDRxT4WJxfaekFTkjYn1jX4sSowUefAwiyVVE","privKey":"CLWRJrxGM196/VR9loU4wrvi2aTM5M6NsV4vdkvicXs="},"lastRemoteEphemeralKey":"BcTYcrFV9Zn5pNIH8XsVmf8aLVYM6YEG5zrtNW5O0c10","previousCounter":0,"rootKey":"bXYLXFvnGQehUIW0/K6hzIxXTjiSs1uBnVvxxODZcUo="},"indexInfo":{"baseKey":"BanNUFRJe9ubSjrB40GE9biTJAnt82HjONSVMoXZyEln","baseKeyType":1,"closed":1721078119145,"used":1721076267642,"created":1721076267642,"remoteIdentityKey":"BVhcgd0LVPiESa5AZvhXqj4MAYC6UXzScszzyIqvizk8"},"_chains":{"Bdf4pdDgDRxT4WJxfaekFTkjYn1jX4sSowUefAwiyVVE":{"chainKey":{"counter":4,"key":"N2v8Uh28oW75tU07vvgvy+I3/crpFLJ4WFNXX8XOokE="},"chainType":1,"messageKeys":{}}},"pendingPreKey":{"signedKeyId":1,"baseKey":"BanNUFRJe9ubSjrB40GE9biTJAnt82HjONSVMoXZyEln","preKeyId":432}},"Bc1JwBImvJm9iTPqKwLKVuidtZL7reDf8rz8KSd+Ru9b":{"registrationId":194,"currentRatchet":{"ephemeralKeyPair":{"pubKey":"Bas7khY6HOEjPX1cOfoVAfLUFLkaZY78ijDfgDaIT611","privKey":"wC40kUyOCuPOjZUAleZ0ppZ4XKvkSpNOWxs0btyl2FM="},"lastRemoteEphemeralKey":"BcTYcrFV9Zn5pNIH8XsVmf8aLVYM6YEG5zrtNW5O0c10","previousCounter":0,"rootKey":"PGLqh/wJYpmeGiAu2UZyZ4KkTZSgPqefeplp6Rb7nG4="},"indexInfo":{"baseKey":"Bc1JwBImvJm9iTPqKwLKVuidtZL7reDf8rz8KSd+Ru9b","baseKeyType":1,"closed":1721078119633,"used":1721078119142,"created":1721078119142,"remoteIdentityKey":"BVhcgd0LVPiESa5AZvhXqj4MAYC6UXzScszzyIqvizk8"},"_chains":{"Bas7khY6HOEjPX1cOfoVAfLUFLkaZY78ijDfgDaIT611":{"chainKey":{"counter":0,"key":"8lgNztokBA/o1u8iLxdhBLFXEHl7Ef8iKzwcy/pkPDs="},"chainType":1,"messageKeys":{}}},"pendingPreKey":{"signedKeyId":1,"baseKey":"Bc1JwBImvJm9iTPqKwLKVuidtZL7reDf8rz8KSd+Ru9b","preKeyId":424}},"BV82vJm7052nWjcQdB3O4qSv1W3ucGQrmzuQVEncfkcp":{"registrationId":194,"currentRatchet":{"ephemeralKeyPair":{"pubKey":"BQ9a4u2+zhT1x9nDF0aBb3GaqSKqyLaGOmozyjGDdsMn","privKey":"cChdnrKqLDQdyVtrqT1g/IgWdnZSfK3whBBKqujXJk0="},"lastRemoteEphemeralKey":"BcTYcrFV9Zn5pNIH8XsVmf8aLVYM6YEG5zrtNW5O0c10","previousCounter":0,"rootKey":"m7Q/2kYx5B0pFfNA3BIShBePXLu4ZmdgKzjZbSO1U3g="},"indexInfo":{"baseKey":"BV82vJm7052nWjcQdB3O4qSv1W3ucGQrmzuQVEncfkcp","baseKeyType":1,"closed":1721078419668,"used":1721078119632,"created":1721078119632,"remoteIdentityKey":"BVhcgd0LVPiESa5AZvhXqj4MAYC6UXzScszzyIqvizk8"},"_chains":{"BQ9a4u2+zhT1x9nDF0aBb3GaqSKqyLaGOmozyjGDdsMn":{"chainKey":{"counter":0,"key":"OE2pE2/66rUcxrRztUJIMT1WA37U/qDW/WQQxxOiXBM="},"chainType":1,"messageKeys":{}}},"pendingPreKey":{"signedKeyId":1,"baseKey":"BV82vJm7052nWjcQdB3O4qSv1W3ucGQrmzuQVEncfkcp","preKeyId":444}},"BXLjD6+yJzBzYwPGKW8dF7KIcZSSPJtc7p8BNGx+O+4g":{"registrationId":194,"currentRatchet":{"ephemeralKeyPair":{"pubKey":"BdVVku6r9+M5MqxduUsXYshRvvSOnRVyScyOwj2z9E5/","privKey":"GDv0iRI8Q+GLEUAEhAcDfHiSD7foX71GJeWBN4uPdkQ="},"lastRemoteEphemeralKey":"BcTYcrFV9Zn5pNIH8XsVmf8aLVYM6YEG5zrtNW5O0c10","previousCounter":0,"rootKey":"MJ3oSQ7bZjpjQSX/7xDjqTyFAdWyoXYfoHRk51+AaGw="},"indexInfo":{"baseKey":"BXLjD6+yJzBzYwPGKW8dF7KIcZSSPJtc7p8BNGx+O+4g","baseKeyType":1,"closed":1721078420859,"used":1721078419662,"created":1721078419662,"remoteIdentityKey":"BVhcgd0LVPiESa5AZvhXqj4MAYC6UXzScszzyIqvizk8"},"_chains":{"BdVVku6r9+M5MqxduUsXYshRvvSOnRVyScyOwj2z9E5/":{"chainKey":{"counter":0,"key":"cVayahhZIJsHn2IGPww+QsLW2KB47AQEWbMcSppdeOk="},"chainType":1,"messageKeys":{}}},"pendingPreKey":{"signedKeyId":1,"baseKey":"BXLjD6+yJzBzYwPGKW8dF7KIcZSSPJtc7p8BNGx+O+4g","preKeyId":464}},"BSSxPu4hGXzSI6j60D2Y83W4m7drtcUSCFMhkuK+PZVa":{"registrationId":194,"currentRatchet":{"ephemeralKeyPair":{"pubKey":"Bf6SyBJFFc0NjGnHz8ua/804XBMFM2pyKnJb6bDEKfl/","privKey":"ANTlFwNKRM5QQaPFQeY4fc4ejHB1m17KubOuEKMbI3Q="},"lastRemoteEphemeralKey":"BcTYcrFV9Zn5pNIH8XsVmf8aLVYM6YEG5zrtNW5O0c10","previousCounter":0,"rootKey":"OK7druo+FpHLcD8snwcAwa7kz7yeqWnEoWDZXL6VaMs="},"indexInfo":{"baseKey":"BSSxPu4hGXzSI6j60D2Y83W4m7drtcUSCFMhkuK+PZVa","baseKeyType":1,"closed":1721078422129,"used":1721078420856,"created":1721078420856,"remoteIdentityKey":"BVhcgd0LVPiESa5AZvhXqj4MAYC6UXzScszzyIqvizk8"},"_chains":{"Bf6SyBJFFc0NjGnHz8ua/804XBMFM2pyKnJb6bDEKfl/":{"chainKey":{"counter":0,"key":"V8TkT0w1BXXBzmXPfi7ZhXdNrbAKhHUpBiv0x4cQRts="},"chainType":1,"messageKeys":{}}},"pendingPreKey":{"signedKeyId":1,"baseKey":"BSSxPu4hGXzSI6j60D2Y83W4m7drtcUSCFMhkuK+PZVa","preKeyId":471}},"BQTlLli8MOWno9VxwCzNoETS8pPoYBx6HsWyADgzY24Q":{"registrationId":194,"currentRatchet":{"ephemeralKeyPair":{"pubKey":"BZ7MQPxvEcjZoC/F4obHDTNxfQSkU/rsur2x+xaE16Bg","privKey":"EDUojRKUYGAbQpyHTyyap++heDpywyoqk++sgBBeiVs="},"lastRemoteEphemeralKey":"BcTYcrFV9Zn5pNIH8XsVmf8aLVYM6YEG5zrtNW5O0c10","previousCounter":0,"rootKey":"3EpwaGGcYABJsNe7u8UJZ2nzRtUnnY/wGQEJLuwtnnU="},"indexInfo":{"baseKey":"BQTlLli8MOWno9VxwCzNoETS8pPoYBx6HsWyADgzY24Q","baseKeyType":1,"closed":1721078937451,"used":1721078422127,"created":1721078422127,"remoteIdentityKey":"BVhcgd0LVPiESa5AZvhXqj4MAYC6UXzScszzyIqvizk8"},"_chains":{"BZ7MQPxvEcjZoC/F4obHDTNxfQSkU/rsur2x+xaE16Bg":{"chainKey":{"counter":0,"key":"u8eZbnTDNA3KpBHJhGOZvTyeH7ZR3sEUdS1knRzLv/4="},"chainType":1,"messageKeys":{}}},"pendingPreKey":{"signedKeyId":1,"baseKey":"BQTlLli8MOWno9VxwCzNoETS8pPoYBx6HsWyADgzY24Q","preKeyId":473}},"BRaI0/2eNepeeORIGZBmaFKga9ySi+24RTJZ5A/tndtY":{"registrationId":194,"currentRatchet":{"ephemeralKeyPair":{"pubKey":"BcctCsCH3hzLiY1QQmNi0lG89qaNE2TWC8bNVLqskngZ","privKey":"aH5kA+I9qSVVruFs6Eak7TGgfaAVFF+T8iNF1V+zZkI="},"lastRemoteEphemeralKey":"BcTYcrFV9Zn5pNIH8XsVmf8aLVYM6YEG5zrtNW5O0c10","previousCounter":0,"rootKey":"3TMJLF/9I8PSIetD+wD+e7mW0QtI5ajIySdTSAIyQqY="},"indexInfo":{"baseKey":"BRaI0/2eNepeeORIGZBmaFKga9ySi+24RTJZ5A/tndtY","baseKeyType":1,"closed":1721078938628,"used":1721078937446,"created":1721078937446,"remoteIdentityKey":"BVhcgd0LVPiESa5AZvhXqj4MAYC6UXzScszzyIqvizk8"},"_chains":{"BcctCsCH3hzLiY1QQmNi0lG89qaNE2TWC8bNVLqskngZ":{"chainKey":{"counter":0,"key":"gygWN2ONwGxu6/8aRMEzlqRzfBZKKl+7ajkQTm9781c="},"chainType":1,"messageKeys":{}}},"pendingPreKey":{"signedKeyId":1,"baseKey":"BRaI0/2eNepeeORIGZBmaFKga9ySi+24RTJZ5A/tndtY","preKeyId":468}},"BfgRrTNz8xQcxp6TD9sljbY/CavLvUdl0D+xZ+ZBB5Eg":{"registrationId":194,"currentRatchet":{"ephemeralKeyPair":{"pubKey":"BYY7rLWuqQOYWtHBcb7Bd438YR/rwVROq3ReI3vM2UtL","privKey":"yBGRdDObS88MWrkUgP7FoAx9KOlRnqcnw4Vf0UlOXVQ="},"lastRemoteEphemeralKey":"BcTYcrFV9Zn5pNIH8XsVmf8aLVYM6YEG5zrtNW5O0c10","previousCounter":0,"rootKey":"NJsfokMEPtFNW3t8A/KY+wyQxq8z2EH7DSwL5weLDPY="},"indexInfo":{"baseKey":"BfgRrTNz8xQcxp6TD9sljbY/CavLvUdl0D+xZ+ZBB5Eg","baseKeyType":1,"closed":-1,"used":1721078938626,"created":1721078938626,"remoteIdentityKey":"BVhcgd0LVPiESa5AZvhXqj4MAYC6UXzScszzyIqvizk8"},"_chains":{"BYY7rLWuqQOYWtHBcb7Bd438YR/rwVROq3ReI3vM2UtL":{"chainKey":{"counter":0,"key":"VTGEt53+ceiXqtoSWC6xJjHd64OHz3gKIzyyZBx+f10="},"chainType":1,"messageKeys":{}}},"pendingPreKey":{"signedKeyId":1,"baseKey":"BfgRrTNz8xQcxp6TD9sljbY/CavLvUdl0D+xZ+ZBB5Eg","preKeyId":457}}},"version":"v1"}