{"_sessions":{"BWU0TOwSFkLtFWvjN6DfIU5i1VQ3s1PfsUcgD2IEN+g3":{"registrationId":160,"currentRatchet":{"ephemeralKeyPair":{"pubKey":"Bb61aPLLz5zqAQgsNQcf/w8/z5Uvj7q7PWmZxmD9XGdp","privKey":"sD5Cvtmp1k4DJct/OzxqMRJVVagIcn+v76mYfHSkaUo="},"lastRemoteEphemeralKey":"BagopKrrzKn5jg3iwUvXSoSbA5WQHia+XSHvRDsrctln","previousCounter":0,"rootKey":"tQ+6Pv5PLWDhrNj3fE2OdOPWQYE0Ei7+oZxKk2mbJeg="},"indexInfo":{"baseKey":"BWU0TOwSFkLtFWvjN6DfIU5i1VQ3s1PfsUcgD2IEN+g3","baseKeyType":1,"closed":-1,"used":1721144671533,"created":1721144671533,"remoteIdentityKey":"BWYi8uYo8AhrH62NTA5HwR/yem7nm6FQnhmyyO4elEAR"},"_chains":{"Bb61aPLLz5zqAQgsNQcf/w8/z5Uvj7q7PWmZxmD9XGdp":{"chainKey":{"counter":45,"key":"xKdf8Hm1jOQs26E6e4cNReGcDOymXbbF0NwUILjTuY8="},"chainType":1,"messageKeys":{}}},"pendingPreKey":{"signedKeyId":1,"baseKey":"BWU0TOwSFkLtFWvjN6DfIU5i1VQ3s1PfsUcgD2IEN+g3"}}},"version":"v1"}