{"_sessions":{"BWUyFgAq8jHY7L+QIaf2aMir3y5dW+GxW5bDjWB7lOcg":{"registrationId":1724697982,"currentRatchet":{"ephemeralKeyPair":{"pubKey":"Ba/oznJPKMhxbnrUmGc+OhM0qmb2E45dFM95uf8T7tND","privKey":"eN3Ud3sddEMG4vDi80BM4umUsKuyBfi8D4l9O+j4hXE="},"lastRemoteEphemeralKey":"BUEUgSsKDFZ/QMUVU4fjta1RmSdFDoFawUo+/xQipkII","previousCounter":0,"rootKey":"7ZgKr1o2xo3o2XMgsLwIqEEnYdtZMVQ/mH6BIEBwxKo="},"indexInfo":{"baseKey":"BWUyFgAq8jHY7L+QIaf2aMir3y5dW+GxW5bDjWB7lOcg","baseKeyType":1,"closed":-1,"used":1721061609716,"created":1721061609716,"remoteIdentityKey":"BahTtBCkt8IqmTKOM6ZIxpKTZtl+M9HcwRuyz/8TZ7YG"},"_chains":{"Ba/oznJPKMhxbnrUmGc+OhM0qmb2E45dFM95uf8T7tND":{"chainKey":{"counter":4,"key":"YZVqmwfyDlpFEoZpgtCZIu4Q/BruW8OvbGgSiF89l1g="},"chainType":1,"messageKeys":{}}},"pendingPreKey":{"signedKeyId":1,"baseKey":"BWUyFgAq8jHY7L+QIaf2aMir3y5dW+GxW5bDjWB7lOcg","preKeyId":14761726}}},"version":"v1"}