{"_sessions":{"BQGPDMnTuud7mPhDKGXDqEtMba/y5hOrD3oDNlvRFWUu":{"registrationId":2027633095,"currentRatchet":{"ephemeralKeyPair":{"pubKey":"BaNumzrcQe5q12ip9sVFWff5BWdwx0u+h9O5J+ewM2Ai","privKey":"kPN25rH3JHqSOBRKjmhBgHKaQkV0yM81dbvtAnP+8GA="},"lastRemoteEphemeralKey":"BV8ZkWo2ocGCZRD5ULRrySnOsqE8bQqMPDuLAmbDL651","previousCounter":0,"rootKey":"opOV1PFDB09qtc59U0ZFhHj86NWaTNL9ZdgDcxI1ZB0="},"indexInfo":{"baseKey":"BQGPDMnTuud7mPhDKGXDqEtMba/y5hOrD3oDNlvRFWUu","baseKeyType":1,"closed":-1,"used":1721127675512,"created":1721127675512,"remoteIdentityKey":"BTmHXNA5uR6G/+UKNHOAsPr2W1OAHNhz1uJ6mui8H+5Z"},"_chains":{"BaNumzrcQe5q12ip9sVFWff5BWdwx0u+h9O5J+ewM2Ai":{"chainKey":{"counter":85,"key":"wdvGuFPHQKoT9H+6Bb5npfiiMoeC+Bpp+/mU6BMHSeU="},"chainType":1,"messageKeys":{}}},"pendingPreKey":{"signedKeyId":4,"baseKey":"BQGPDMnTuud7mPhDKGXDqEtMba/y5hOrD3oDNlvRFWUu","preKeyId":13963069}}},"version":"v1"}