{"_sessions":{"BaR4Qy0XZjZbfsEFljpkqMPY+YpBPm1lFrw6vpTaOvsq":{"registrationId":58,"currentRatchet":{"ephemeralKeyPair":{"pubKey":"BTd03IZ1rT0mD3vVjX0QxP3iIzUysI+gw4glcn2lKCQb","privKey":"8ARCAb6F5u8qU1irOLXHTRLtwWpGIXyCkIBI/QlSY2s="},"lastRemoteEphemeralKey":"BQ+Y/3SWT5SbyWjnc22TqbgQDqaVFH/DlLAJ0mcIIgoA","previousCounter":0,"rootKey":"7bXVzUkMt9ZF3DMjIeNUGbIJ1SsCKR/AeJzemQlqylo="},"indexInfo":{"baseKey":"BaR4Qy0XZjZbfsEFljpkqMPY+YpBPm1lFrw6vpTaOvsq","baseKeyType":1,"closed":-1,"used":1721137572275,"created":1721137572275,"remoteIdentityKey":"BX/TirGOHtbPJFmuhnwBHWVG5bvOd33br8FpMRg5YNlr"},"_chains":{"BTd03IZ1rT0mD3vVjX0QxP3iIzUysI+gw4glcn2lKCQb":{"chainKey":{"counter":51,"key":"IHaogq7B6y8He5y33VxLJIyw0lFRDGltja7sxnXoafg="},"chainType":1,"messageKeys":{}}},"pendingPreKey":{"signedKeyId":1,"baseKey":"BaR4Qy0XZjZbfsEFljpkqMPY+YpBPm1lFrw6vpTaOvsq"}}},"version":"v1"}