{"_sessions":{"BeD9caGdgcyvTmEKwdQS6qt2a4qAmOI39HRwF7eXUI19":{"registrationId":117,"currentRatchet":{"ephemeralKeyPair":{"pubKey":"BUclIvi1MDMpi0US7LMuJmv8VPTLZYAB6p2o9PEC7Cd6","privKey":"+A72TcbIT9mKUeSaJbQ8sKlSxiiP6RFR5lZwlZ1LcVI="},"lastRemoteEphemeralKey":"BRuP1uaKuJVuzBY3NJCcDupgyrN/AbFs5Iu0LxN1dAMC","previousCounter":0,"rootKey":"xhM7k1RMrOcNt0FxTqk5l+rFMB8prTKjf8bj9cA1R2g="},"indexInfo":{"baseKey":"BeD9caGdgcyvTmEKwdQS6qt2a4qAmOI39HRwF7eXUI19","baseKeyType":1,"closed":-1,"used":1721061609642,"created":1721061609642,"remoteIdentityKey":"BUyY4umOSH41Fexw/Uhg5PY6rOMIlPljNwchJ2pQmYcE"},"_chains":{"BUclIvi1MDMpi0US7LMuJmv8VPTLZYAB6p2o9PEC7Cd6":{"chainKey":{"counter":4,"key":"9syzxyUxlr34D+lG5UCj8UhITcguYxmbe4zrZf0s72g="},"chainType":1,"messageKeys":{}}},"pendingPreKey":{"signedKeyId":1,"baseKey":"BeD9caGdgcyvTmEKwdQS6qt2a4qAmOI39HRwF7eXUI19"}}},"version":"v1"}