{"_sessions":{"BVCWQYVUAw1+zB3rqPFe1xyW6UbUBUl/7ktJHeOb0zxh":{"registrationId":317523010,"currentRatchet":{"ephemeralKeyPair":{"pubKey":"BZlgFMPqoz/UH+adr1N6g1JD1NjxeenN/eK+2hRUu+p+","privKey":"ABAhWqtB+AybR08j2+jJFmTMEhp0MQi2tCtKblfeuEM="},"lastRemoteEphemeralKey":"BSRMYJAymgfXNi3UsyxDYt/xRFD+8+CTii7xbW9ZJJtu","previousCounter":81,"rootKey":"lAcqvIM260duDiyAxsDvMskvkRffDzDj4h0f1qe3JwA="},"indexInfo":{"baseKey":"BVCWQYVUAw1+zB3rqPFe1xyW6UbUBUl/7ktJHeOb0zxh","baseKeyType":1,"closed":-1,"used":1721138881205,"created":1721051170649,"remoteIdentityKey":"BfuNb85Pe4bEqlErYBKfQVpvOo/acWxli59V1oOVPRtw"},"_chains":{"BSRMYJAymgfXNi3UsyxDYt/xRFD+8+CTii7xbW9ZJJtu":{"chainKey":{"counter":0,"key":"eLRTmBj2Pw6d2vO0BDl4l4I5bHYo+eHAr9qCG+qCyfA="},"chainType":2,"messageKeys":{}},"BZlgFMPqoz/UH+adr1N6g1JD1NjxeenN/eK+2hRUu+p+":{"chainKey":{"counter":49,"key":"rCkQ0WWGvSTHhC3+AhIslFfE6+gRmkM+ct1ThWowbHY="},"chainType":1,"messageKeys":{}}}}},"version":"v1"}