{"_sessions":{"BWRrC2VKf5ADzn4Aqotc1UtxB7Lgfj5fSHVX4EPw31o1":{"registrationId":1352903035,"currentRatchet":{"ephemeralKeyPair":{"pubKey":"BVkWLoSk9tYYJhtpiD/hTzPLTTdRJmFRStiUipyd63YQ","privKey":"+CBQ1ymu/ysnfUifpTK7p0r63OelofsYT2TvBId0YVE="},"lastRemoteEphemeralKey":"BWAdUH0mWlPnrCRubdPCDgoAWoRHgF0PkGztG3My5V0r","previousCounter":130,"rootKey":"uZxFaDsVl5Xzzj/Pysb9MbSOS26gIIjRplN8NqB2zXg="},"indexInfo":{"baseKey":"BWRrC2VKf5ADzn4Aqotc1UtxB7Lgfj5fSHVX4EPw31o1","baseKeyType":1,"closed":-1,"used":1721157448057,"created":1721051170659,"remoteIdentityKey":"BVyz2P9q9UtqxTIIvI8MGnGWQ4IfXncRC2jrqAvz1ZMS"},"_chains":{"BWAdUH0mWlPnrCRubdPCDgoAWoRHgF0PkGztG3My5V0r":{"chainKey":{"counter":0,"key":"uVNfDFNZcLiDVo8H4GcW9OSA64Lg9giVQzmBLlD4MV8="},"chainType":2,"messageKeys":{}},"BVkWLoSk9tYYJhtpiD/hTzPLTTdRJmFRStiUipyd63YQ":{"chainKey":{"counter":-1,"key":"rkpXvNZFi5Yi/wa8EboiJmh5hpxaSf3c6TlB/SdCT9s="},"chainType":1,"messageKeys":{}}}}},"version":"v1"}