{"_sessions":{"BYr53Yl0WrOaX9PvjN8GTGlIyk4Sa611oA91HxqCnRNx":{"registrationId":2131856885,"currentRatchet":{"ephemeralKeyPair":{"pubKey":"BRoDGxvHHoOedH7Ujw9atTRl9OUt0kA+qNDMPy5RNtE5","privKey":"6Loi8KJ1ujLGVmqd5EgfmrwiiL15EhRvugLphSZMJmA="},"lastRemoteEphemeralKey":"BWwA+HBS6LPC3Ho4//d4lSQVMUXhon1VG3bvlNJGL5Fx","previousCounter":0,"rootKey":"RiBmNFELeq6VBx0bxuVJkcbbzG3brmtkbg0aGJyVWF4="},"indexInfo":{"baseKey":"BYr53Yl0WrOaX9PvjN8GTGlIyk4Sa611oA91HxqCnRNx","baseKeyType":1,"closed":-1,"used":1721069705465,"created":1721069705465,"remoteIdentityKey":"BWA56DI2IAHfAarnRfHokr54U9tYSCwDvHhagyuLFSQ/"},"_chains":{"BRoDGxvHHoOedH7Ujw9atTRl9OUt0kA+qNDMPy5RNtE5":{"chainKey":{"counter":0,"key":"skdSeqgXWez7zAmDR7FwffneoEBi7MrH+B0JtyY1JXc="},"chainType":1,"messageKeys":{}}},"pendingPreKey":{"signedKeyId":2,"baseKey":"BYr53Yl0WrOaX9PvjN8GTGlIyk4Sa611oA91HxqCnRNx","preKeyId":13465814}}},"version":"v1"}