{"_sessions":{"BTOYnLQP+O0Df3/pMGkHBKp0CfKCDOYEbE8oAaxKRfUp":{"registrationId":1736889558,"currentRatchet":{"ephemeralKeyPair":{"pubKey":"Bcd9vnABPlPq1t0/T242KLR7100L7YD8q7ojN/F/TU8l","privKey":"SKLBWJf+bEml0IJyCd0vTTbolC/gTOJbIzK0b6WrzEc="},"lastRemoteEphemeralKey":"BUTBEi4gKOn7fssNGrVcYLaQi66l1Ywt5FWeB4yTQs13","previousCounter":0,"rootKey":"HxvU10Ma3F7vOrUSy39/WXDiFZh7z+D95xBa+QQRDw8="},"indexInfo":{"baseKey":"BTOYnLQP+O0Df3/pMGkHBKp0CfKCDOYEbE8oAaxKRfUp","baseKeyType":1,"closed":-1,"used":1721051170866,"created":1721051170866,"remoteIdentityKey":"BceU6vfSzaB6bhuBUpyGbIqS6R2vqFgN3tyZT5r+1/QV"},"_chains":{"Bcd9vnABPlPq1t0/T242KLR7100L7YD8q7ojN/F/TU8l":{"chainKey":{"counter":132,"key":"U0ebAK5wbiuTW55QZbhOF8kotQersnocQ6BqhDjVAMg="},"chainType":1,"messageKeys":{}}},"pendingPreKey":{"signedKeyId":0,"baseKey":"BTOYnLQP+O0Df3/pMGkHBKp0CfKCDOYEbE8oAaxKRfUp","preKeyId":13332815}}},"version":"v1"}