{"_sessions":{"BXyoJc3R8ljChG23+HE4SJSUFOEXOkJXE2Yxpxt+iIdi":{"registrationId":37587804,"currentRatchet":{"ephemeralKeyPair":{"pubKey":"BRtVas+/i3OSSbiGnqvyA/ssudID4k7vNaBRu4QHDfwW","privKey":"yA1CoPPqmFTQQH0PxNzn++haCYz9G7XCxb/tep7GjEA="},"lastRemoteEphemeralKey":"BeDR0fOayqLOWhqo9P8yY4rVOcBM7jhD4OAFIqjZdlVl","previousCounter":130,"rootKey":"hSbfhMKGmOHknPLdZzKzFkogMIBgOjKYT+cbFEL7Qtg="},"indexInfo":{"baseKey":"BXyoJc3R8ljChG23+HE4SJSUFOEXOkJXE2Yxpxt+iIdi","baseKeyType":1,"closed":-1,"used":1721157579746,"created":1721051170667,"remoteIdentityKey":"BcAkIgKeRXxghDU9fVIsPqmVWj9RlBqsJvvJ4DtYNZ9v"},"_chains":{"BeDR0fOayqLOWhqo9P8yY4rVOcBM7jhD4OAFIqjZdlVl":{"chainKey":{"counter":0,"key":"udzStvZ2m6peJ1UB6DLQwVq6u4haP/LuTbNLd7SDqAI="},"chainType":2,"messageKeys":{}},"BRtVas+/i3OSSbiGnqvyA/ssudID4k7vNaBRu4QHDfwW":{"chainKey":{"counter":-1,"key":"yCROyjv0Gken9A/hMCzlpB6gq7GfVlZDb5kdIeBhGsg="},"chainType":1,"messageKeys":{}}}}},"version":"v1"}