{"_sessions":{"BQ0qwMZZpTouN2KhO0Hp3LfcrQwDaAizIcEb71Z6rglI":{"registrationId":1524229883,"currentRatchet":{"ephemeralKeyPair":{"pubKey":"Baay9G4AmvwBN7mw8kAz+6QygcnMPELwYsI2WQAUSw1o","privKey":"iLOnoH+u9K1eAAxnx4wPtJiFWwXbTQI9HsPeYQJormo="},"lastRemoteEphemeralKey":"BRhW7Ji7uHhOphmYGj5M/MbmY+VNzxWEBU9nCIdDXBBg","previousCounter":0,"rootKey":"kW73Xof8fJmNqcZAp4XYVDD79l2+MpPpF7vNPVNBrkg="},"indexInfo":{"baseKey":"BQ0qwMZZpTouN2KhO0Hp3LfcrQwDaAizIcEb71Z6rglI","baseKeyType":1,"closed":-1,"used":1721061609731,"created":1721061609731,"remoteIdentityKey":"BT3paXefkHNpJjDdflJg7pOUT3NDkP93qUyf2hpI1Vo8"},"_chains":{"Baay9G4AmvwBN7mw8kAz+6QygcnMPELwYsI2WQAUSw1o":{"chainKey":{"counter":4,"key":"pL/u6Q0aVUayV5W5d4OqHAlnOJSdo2yuco5icJsalu8="},"chainType":1,"messageKeys":{}}},"pendingPreKey":{"signedKeyId":2,"baseKey":"BQ0qwMZZpTouN2KhO0Hp3LfcrQwDaAizIcEb71Z6rglI","preKeyId":3761535}}},"version":"v1"}