{"_sessions":{"BUzDoofNwJvtpF5ZHpQHm2WhSO7SaWtRinbYZI7r9t06":{"registrationId":592033608,"currentRatchet":{"ephemeralKeyPair":{"pubKey":"BQJc4LasuSTGDSsHxfh/4oRMcuV0XB+n8JoklZizCbFE","privKey":"oFL4vhuf2hbgVjdd9FhidvRB1Ng6Z4+8bA3dpbpP3m8="},"lastRemoteEphemeralKey":"BYdcqFda9oZEo4Qhbg00QxTP7yZpqDyjHZLupckgMq42","previousCounter":0,"rootKey":"KT+7cgAGqW3hxswGv49PR/B/cdojHkclNAKWQIvK7xQ="},"indexInfo":{"baseKey":"BUzDoofNwJvtpF5ZHpQHm2WhSO7SaWtRinbYZI7r9t06","baseKeyType":1,"closed":-1,"used":1721051170833,"created":1721051170833,"remoteIdentityKey":"BeY9roiZmMCCo+2JXmEVINNL/hBg6qzmTiP52b8l4GAv"},"_chains":{"BQJc4LasuSTGDSsHxfh/4oRMcuV0XB+n8JoklZizCbFE":{"chainKey":{"counter":131,"key":"Ym+VJ6v8afUpEoq7s0AdZEeMB4mdUvrLM4eclQhmlS0="},"chainType":1,"messageKeys":{}}},"pendingPreKey":{"signedKeyId":1,"baseKey":"BUzDoofNwJvtpF5ZHpQHm2WhSO7SaWtRinbYZI7r9t06","preKeyId":13047968}}},"version":"v1"}