{"_sessions":{"BUkh1aqut+8KGZ9zAmEUB/SqfMdeCfD++rF85TlPGMZi":{"registrationId":563564144,"currentRatchet":{"ephemeralKeyPair":{"pubKey":"Bc3DL/lR22Qv2N1rgFoEATpH/8UzCXxVGKLSinhB1MN/","privKey":"+J0qDL7WnfwadPYYwbIoDyAcRPcYqdDBzT8pOkRcpXE="},"lastRemoteEphemeralKey":"BU7PQyUuWRihBDjCCkcSFnGd99ZLy33HugNbcUfpzwoa","previousCounter":0,"rootKey":"dtNkKvuQWCsbRvgIZpxEyeAcUOmI8zWE9wKebTzg+RE="},"indexInfo":{"baseKey":"BUkh1aqut+8KGZ9zAmEUB/SqfMdeCfD++rF85TlPGMZi","baseKeyType":1,"closed":-1,"used":1721069705629,"created":1721069705629,"remoteIdentityKey":"BejHBB8RdzcrWbMp7Ghm3CYLZLqDbMWGugyOJ8GoKDlk"},"_chains":{"Bc3DL/lR22Qv2N1rgFoEATpH/8UzCXxVGKLSinhB1MN/":{"chainKey":{"counter":0,"key":"ocBi4HEOJwsch+ilErLmUtjmagTs9ODvjpGg8prcA4o="},"chainType":1,"messageKeys":{}}},"pendingPreKey":{"signedKeyId":2,"baseKey":"BUkh1aqut+8KGZ9zAmEUB/SqfMdeCfD++rF85TlPGMZi","preKeyId":2196608}}},"version":"v1"}