{"_sessions":{"BQ61eYkQwT/k4cu55qT8GMebGS18B6ScF260nfC2Da9o":{"registrationId":1691669082,"currentRatchet":{"ephemeralKeyPair":{"pubKey":"BQNyUIBI1IoOh6BxK9jlmOsROtdqIhnYqoz5JQ0t+iNx","privKey":"wAmkiJk4JNIqN/692hKWnr2n+Vu1+YQNlST+6NPAGXM="},"lastRemoteEphemeralKey":"BZahsEdOXhLPjqLyMl0JvEd7zyX4R841Hlr0wiFKLTk+","previousCounter":0,"rootKey":"3qlDW9Lp8sVQa0Ovjr0MMLO/CHTzt7I5NUF9FtfRngY="},"indexInfo":{"baseKey":"BQ61eYkQwT/k4cu55qT8GMebGS18B6ScF260nfC2Da9o","baseKeyType":1,"closed":-1,"used":1721051170560,"created":1721051170560,"remoteIdentityKey":"BXhV2ynS4Zf3lIkSfYD1W78pTCZEt9neGuS1vMGpnX0D"},"_chains":{"BQNyUIBI1IoOh6BxK9jlmOsROtdqIhnYqoz5JQ0t+iNx":{"chainKey":{"counter":130,"key":"ytxrsP+B/jes/7HQtlXZKFiK9QfyZ9/tkEtlO7Ufsao="},"chainType":1,"messageKeys":{}}},"pendingPreKey":{"signedKeyId":2,"baseKey":"BQ61eYkQwT/k4cu55qT8GMebGS18B6ScF260nfC2Da9o","preKeyId":9327592}}},"version":"v1"}