{"_sessions":{"BSu3CQv1E33w6OTGwN8I6baUcMhzO7x4YIN7iYYyeCdh":{"registrationId":39710823,"currentRatchet":{"ephemeralKeyPair":{"pubKey":"BXU4/EEnMs4mvuxISF9Lk+szOe93TINhU5QmwHp3+g0m","privKey":"uATPgbYtdOxjQPfHdaKR0VWiVI48IemRSdG0mzcbg2c="},"lastRemoteEphemeralKey":"BTLYl06F9MF/+iBKWQ7sc/qFziQCZ3ypI4bpN6rlYKdS","previousCounter":0,"rootKey":"eVc7ziGUXib9RXhb+AaNiPeSf5K4BS5Hfmn+I2P7hoQ="},"indexInfo":{"baseKey":"BSu3CQv1E33w6OTGwN8I6baUcMhzO7x4YIN7iYYyeCdh","baseKeyType":1,"closed":-1,"used":1721069705558,"created":1721069705558,"remoteIdentityKey":"BTVBzSg8jlCdwY0q/zCb6xFD7PiNWuwlwsX0IxaoPQUR"},"_chains":{"BXU4/EEnMs4mvuxISF9Lk+szOe93TINhU5QmwHp3+g0m":{"chainKey":{"counter":0,"key":"FJAdk+J4jde+fn0aujedHbTsFcKllQWw6ENqDr+a+VE="},"chainType":1,"messageKeys":{}}},"pendingPreKey":{"signedKeyId":21,"baseKey":"BSu3CQv1E33w6OTGwN8I6baUcMhzO7x4YIN7iYYyeCdh","preKeyId":51221}}},"version":"v1"}