{"_sessions":{"BXl+GNrH4gGfzxkpCERgs4vCsRN5l4rZscivJXahOnto":{"registrationId":142961120,"currentRatchet":{"ephemeralKeyPair":{"pubKey":"BXKft4o92JXNIWEN4jxSyF2JfH6Mi2Iqu27C5PY/Os5u","privKey":"MJhpVXOmoj5pUG557u9daaE16i7ZCj+S452w7bTWcFc="},"lastRemoteEphemeralKey":"BfRUkfi/8T6MxawSRTBNKnDU4YO9bmZK/AEmABtQGj0F","previousCounter":0,"rootKey":"V/GQbju4Q8nnBFIDeV6rwk989mkF4pIYS3ajKPDH5/o="},"indexInfo":{"baseKey":"BXl+GNrH4gGfzxkpCERgs4vCsRN5l4rZscivJXahOnto","baseKeyType":1,"closed":-1,"used":1721069705447,"created":1721069705447,"remoteIdentityKey":"BZzlS+arSi96qOUQ9AXExrcJsB79KEbis+KQytaZZqpA"},"_chains":{"BXKft4o92JXNIWEN4jxSyF2JfH6Mi2Iqu27C5PY/Os5u":{"chainKey":{"counter":0,"key":"usks5iLz/h/jSJw6TpsUXR7fTOyYqpK5csMso171tig="},"chainType":1,"messageKeys":{}}},"pendingPreKey":{"signedKeyId":4,"baseKey":"BXl+GNrH4gGfzxkpCERgs4vCsRN5l4rZscivJXahOnto","preKeyId":9289794}}},"version":"v1"}