{"_sessions":{"BbtIZponkX7R52NKKHWQaEV+lIUYBd1+vSLZLGR2LOpi":{"registrationId":521909306,"currentRatchet":{"ephemeralKeyPair":{"pubKey":"BXidjeP2bTKW12ndnD9cHJdX+VkDMWR8COWuo4AKL3Ff","privKey":"cAMzs3OnnH8gfRKg2dmunNR0g4Z3Uel8H3ImakyP+l8="},"lastRemoteEphemeralKey":"Bfn81scqmyIyOFqXfAxQoznEUKshSctm7gxzKeg5LWF+","previousCounter":0,"rootKey":"76aPsXhxHSVIftCAioqjmLLfWeLvPNt1qcZa62KqnuE="},"indexInfo":{"baseKey":"BbtIZponkX7R52NKKHWQaEV+lIUYBd1+vSLZLGR2LOpi","baseKeyType":1,"closed":-1,"used":1721051170544,"created":1721051170544,"remoteIdentityKey":"Bdsp50Osf/w/XsRQgrEzVhmgtcWf4QgvShR5Bh6n3WI1"},"_chains":{"BXidjeP2bTKW12ndnD9cHJdX+VkDMWR8COWuo4AKL3Ff":{"chainKey":{"counter":131,"key":"nXYLA4iv1q6BN2JP8PDI53h9HJwxpjAZetQBz7evQ+Y="},"chainType":1,"messageKeys":{}}},"pendingPreKey":{"signedKeyId":13,"baseKey":"BbtIZponkX7R52NKKHWQaEV+lIUYBd1+vSLZLGR2LOpi","preKeyId":1398012}}},"version":"v1"}