{"_sessions":{"BVSfWvGzzyEBmbd1ZMm5Gv5kqX0Jz1+KEETqttSvufhC":{"registrationId":13155,"currentRatchet":{"ephemeralKeyPair":{"pubKey":"BVgQxUOlWej/SMTG3VH+m3xyz1ZwHHMo7ZzDi4G7Phtj","privKey":"ENtkaWnStvnRJd049LgfIX84+jrFgekEVzP/6p+YEGg="},"lastRemoteEphemeralKey":"BQO3Z1t4S0OkyYuXBrmyHia19jC1B3KOXK+yQ+cXVpoe","previousCounter":0,"rootKey":"tnAhqPepNzpw/X45tkZFSRi7yRm6JGRvwqfXHNxQrB4="},"indexInfo":{"baseKey":"BVSfWvGzzyEBmbd1ZMm5Gv5kqX0Jz1+KEETqttSvufhC","baseKeyType":1,"closed":-1,"used":1721059322853,"created":1721059322853,"remoteIdentityKey":"BWRSSR5P7dtqMSZ8rAKFg39aC6DAicXf/gKJ4i3lGLhX"},"_chains":{"BVgQxUOlWej/SMTG3VH+m3xyz1ZwHHMo7ZzDi4G7Phtj":{"chainKey":{"counter":5,"key":"8I4Gr9oiWfrs3IbBhCdcwpyvVahWU3NHw/dEsjP167M="},"chainType":1,"messageKeys":{}}},"pendingPreKey":{"signedKeyId":1,"baseKey":"BVSfWvGzzyEBmbd1ZMm5Gv5kqX0Jz1+KEETqttSvufhC"}}},"version":"v1"}