{"_sessions":{"BTZv3ctHqOxFCfAHHJNlk8/fc2+MzPrWv8bxwAejdAVq":{"registrationId":311510260,"currentRatchet":{"ephemeralKeyPair":{"pubKey":"BYZimdoMpPMRNo5g3pB0BF8QByph0F5XQJ4/St7Ea4Mg","privKey":"qEFIfZ9G6othxhHlHVhjDnDIGbrg3uHOVIxCbDMI9ls="},"lastRemoteEphemeralKey":"BQqJc6c0KLG69KwfS5twBlz+yoicDbeqBnCjFh5X+0UZ","previousCounter":0,"rootKey":"n4xIfHop0yVwcGCEv7rMfWxTnmrmVYvm+qUKV1+pgwM="},"indexInfo":{"baseKey":"BTZv3ctHqOxFCfAHHJNlk8/fc2+MzPrWv8bxwAejdAVq","baseKeyType":1,"closed":-1,"used":1721069705555,"created":1721069705555,"remoteIdentityKey":"Bf0AgR6doryjZPA/vTszZJ/8q7jfJQ/S38waBcgSD5AO"},"_chains":{"BYZimdoMpPMRNo5g3pB0BF8QByph0F5XQJ4/St7Ea4Mg":{"chainKey":{"counter":0,"key":"Zdy7EzCVWF3nq+rD7iwf4NEjcbBsFGbrFFWdlIN2rAs="},"chainType":1,"messageKeys":{}}},"pendingPreKey":{"signedKeyId":15296658,"baseKey":"BTZv3ctHqOxFCfAHHJNlk8/fc2+MzPrWv8bxwAejdAVq","preKeyId":10178}}},"version":"v1"}