{"_sessions":{"BVDQyQhDXwUf5zj1hMUL4xtv8/BJ5hkQECrDBOPA8rZH":{"registrationId":1280863861,"currentRatchet":{"ephemeralKeyPair":{"pubKey":"BWBZ1MKioNLHaxe9pH5OsSzShzxc+OadrXb4akhWgCcU","privKey":"qLB3JzHi/eN5YZHrPVHlB8tuWUEJOJhnxJAQdJrgcFw="},"lastRemoteEphemeralKey":"BW/aWfyNUh6PhRfOQxbGZ966YL7N7mG4qyLaPl1O73cg","previousCounter":0,"rootKey":"Si05dkCenSJhed5xiXn3Y7JYJiZumKClnTlo7qM+aWk="},"indexInfo":{"baseKey":"BVDQyQhDXwUf5zj1hMUL4xtv8/BJ5hkQECrDBOPA8rZH","baseKeyType":1,"closed":-1,"used":1721059323057,"created":1721059323057,"remoteIdentityKey":"BQVaeWMSGbDtBto1VLJSFqXPcDRBBPr0tOymly4LldhE"},"_chains":{"BWBZ1MKioNLHaxe9pH5OsSzShzxc+OadrXb4akhWgCcU":{"chainKey":{"counter":5,"key":"BQpVhMjuEqL72JYsGjT6qhARoJODVstLIPeB9wuFgKo="},"chainType":1,"messageKeys":{}}},"pendingPreKey":{"signedKeyId":16,"baseKey":"BVDQyQhDXwUf5zj1hMUL4xtv8/BJ5hkQECrDBOPA8rZH","preKeyId":14935768}}},"version":"v1"}