{"_sessions":{"BXv2Iwrixgnx8amsYlpGRhBA9D2bN9tstDOG/NGWJ7VN":{"registrationId":888753073,"currentRatchet":{"ephemeralKeyPair":{"pubKey":"BXqtbmW1JOPpXZ7CUsZZEwSxVBSx9I0bnwpMSq7nNfkx","privKey":"QMhuxqGjH0a/J6VrBlSwySqjV1kOZAF58T3tuRDqgWA="},"lastRemoteEphemeralKey":"BSPLBYxETAWDHQXFF98IJfV1OSljOdZiObEHGADJzKZC","previousCounter":0,"rootKey":"YUK2asEorSU1NzyISzfmy3SPnC324+dN9QjxonxTPu4="},"indexInfo":{"baseKey":"BXv2Iwrixgnx8amsYlpGRhBA9D2bN9tstDOG/NGWJ7VN","baseKeyType":1,"closed":-1,"used":1721051170456,"created":1721051170456,"remoteIdentityKey":"BVzWHTqrHIuIxKXRgVTaDw7syq6gvmpsgorTH9Fs4A4J"},"_chains":{"BXqtbmW1JOPpXZ7CUsZZEwSxVBSx9I0bnwpMSq7nNfkx":{"chainKey":{"counter":131,"key":"ET/aNBREYLCHyJIvb1U1ZA8NoBM+9iB4Pmge88y8DIk="},"chainType":1,"messageKeys":{}}},"pendingPreKey":{"signedKeyId":3,"baseKey":"BXv2Iwrixgnx8amsYlpGRhBA9D2bN9tstDOG/NGWJ7VN"}}},"version":"v1"}