{"_sessions":{"Bf6K92QE5VdD6l7Kl9EGJdU8Woz2kEuUEhLT4BImf/B/":{"registrationId":482545783,"currentRatchet":{"ephemeralKeyPair":{"pubKey":"BcaDUqluPah/YIlWYGmdEwXcR81KavwmTqPJ/kKfPkBh","privKey":"YEnX0sSzadmaUbdFJWMMhRyUWAKUYXQ3K5NY4s1K3mo="},"lastRemoteEphemeralKey":"BW1Yk3byLh8fnSSOB5HJlG5BqfGBOfQ7Tl1YuEOiktdn","previousCounter":0,"rootKey":"42rfCKUaqVzD9KfGbvMAFkeU2PUQyyho+86sUgsB1v8="},"indexInfo":{"baseKey":"Bf6K92QE5VdD6l7Kl9EGJdU8Woz2kEuUEhLT4BImf/B/","baseKeyType":1,"closed":-1,"used":1721051170861,"created":1721051170861,"remoteIdentityKey":"BTnHS2RXmJS226nPf/DVQADui+8CgKpZXeL0j6j2/mxN"},"_chains":{"BcaDUqluPah/YIlWYGmdEwXcR81KavwmTqPJ/kKfPkBh":{"chainKey":{"counter":130,"key":"gMeSh0UStDD/PGZo0qHKtKkoUl2RtrvFJw1Ksm0NKww="},"chainType":1,"messageKeys":{}}},"pendingPreKey":{"signedKeyId":0,"baseKey":"Bf6K92QE5VdD6l7Kl9EGJdU8Woz2kEuUEhLT4BImf/B/","preKeyId":781279}}},"version":"v1"}