{"_sessions":{"BeGehLsW8Fs1ZG48diLLdsjIuVnr1wLlGKOvASYndrFh":{"registrationId":680095144,"currentRatchet":{"ephemeralKeyPair":{"pubKey":"BfFp6L+8tduGhHBVzLApwxS12Kh3SGV52DJyle036MA7","privKey":"IEzcm4mg1BcD4x/ANCUdW930heRPqSceStNb/uD9nHQ="},"lastRemoteEphemeralKey":"BZ/Amj9Gcnstff5+t2hocMSo6PEvAtLcHhPFE9N3W2gJ","previousCounter":0,"rootKey":"XWJiwIdLsXF+3UNL2f2LJFew8K3NjD8ciBTIsmmc7GM="},"indexInfo":{"baseKey":"BeGehLsW8Fs1ZG48diLLdsjIuVnr1wLlGKOvASYndrFh","baseKeyType":1,"closed":-1,"used":1721069705650,"created":1721069705650,"remoteIdentityKey":"BZO9pZ+XHTi21viB4Oje058KzTQM1KtFIJ/rObsS9qwl"},"_chains":{"BfFp6L+8tduGhHBVzLApwxS12Kh3SGV52DJyle036MA7":{"chainKey":{"counter":0,"key":"u/Tvt/E5zd1fTa1DGTbmmsIJEAE7Y56WY8ER/i9w/dw="},"chainType":1,"messageKeys":{}}},"pendingPreKey":{"signedKeyId":13,"baseKey":"BeGehLsW8Fs1ZG48diLLdsjIuVnr1wLlGKOvASYndrFh","preKeyId":14580977}}},"version":"v1"}