{"_sessions":{"BbwzL200aF4xJu6TQHghQcn197HotNF6505RF3UKp74l":{"registrationId":717656771,"currentRatchet":{"ephemeralKeyPair":{"pubKey":"BbCfuWYRbMHcKB0YOEKZgvRexjr5erMt3TJExOoYOtoa","privKey":"oFQCknUZJpwP/+CwAuAWZhNSVJt5woS8mVx5VyIwaFA="},"lastRemoteEphemeralKey":"BeKh1NAg+iVm4P+TNaE58sazmQEvkE8nsvMs5yT2Uzhe","previousCounter":0,"rootKey":"2NUEDsc3c72HJtbHXphae8joe9jPhJw3kzjkuaPugTE="},"indexInfo":{"baseKey":"BbwzL200aF4xJu6TQHghQcn197HotNF6505RF3UKp74l","baseKeyType":2,"closed":-1,"used":1721108401592,"created":1721108401592,"remoteIdentityKey":"BT/XR/3S3iTKl6jolwm59Zhgz097T1gPKEPrtsMD1RFk"},"_chains":{"BeKh1NAg+iVm4P+TNaE58sazmQEvkE8nsvMs5yT2Uzhe":{"chainKey":{"counter":1,"key":"s7dQGp1U06qeOzfvfwV4S3FLyQqx2gupuVt5O/pEsE4="},"chainType":2,"messageKeys":{}},"BbCfuWYRbMHcKB0YOEKZgvRexjr5erMt3TJExOoYOtoa":{"chainKey":{"counter":41,"key":"sVYiiFHXBkY28oviCI7JjanCPYxUAAv1TJT6787GcTY="},"chainType":1,"messageKeys":{}}}}},"version":"v1"}