{"_sessions":{"BTTQVqwYnU4eJDM3d2NOeIl02/q3jEomdkafvsyvQh1v":{"registrationId":1630616975,"currentRatchet":{"ephemeralKeyPair":{"pubKey":"BbertHPI4CpMEvj957drudx9yOUtmlQTnTuWROClMLhQ","privKey":"EOqNIvtq2lO1K2MIIX1oLsCOg5AIDjjYEtPeT/gyhXc="},"lastRemoteEphemeralKey":"BZb/1HZA5PmnI+yHSpBRvfpv3M3iSWwmJJFxfCb3WyRu","previousCounter":0,"rootKey":"j0NDLUPu0MSNbM7buIM/oasw8I04KdCWzkHO3TVdLGc="},"indexInfo":{"baseKey":"BTTQVqwYnU4eJDM3d2NOeIl02/q3jEomdkafvsyvQh1v","baseKeyType":1,"closed":1721103873040,"used":1721051170760,"created":1721051170760,"remoteIdentityKey":"BeM3uttfgYaWfM1e3q1AMsQ07/s6wnpwf+VbLZ4got93"},"_chains":{"BbertHPI4CpMEvj957drudx9yOUtmlQTnTuWROClMLhQ":{"chainKey":{"counter":40,"key":"D9wQMyMc6KrdqWTAWzaL1C7aQplFBSTlkJgUiBd3Qdw="},"chainType":1,"messageKeys":{}}},"pendingPreKey":{"signedKeyId":4,"baseKey":"BTTQVqwYnU4eJDM3d2NOeIl02/q3jEomdkafvsyvQh1v","preKeyId":6323034}},"BQRWAaC5xpYhrjo6F+i4Tsp3SuPheWFJmQxDYjlJbsBT":{"registrationId":1630616975,"currentRatchet":{"ephemeralKeyPair":{"pubKey":"BYrhjMWoS05SXv2wqYnkTtQEBzdCtUtPEqikKwY41kJb","privKey":"MI1z82uyGHZfgSDm7hIrvBoaNcv5aki40/cHA4B6YV0="},"lastRemoteEphemeralKey":"BZb/1HZA5PmnI+yHSpBRvfpv3M3iSWwmJJFxfCb3WyRu","previousCounter":0,"rootKey":"3F6Un955WNDwYAFOXm7US/jdQJzRmCruQRfkWButKD4="},"indexInfo":{"baseKey":"BQRWAaC5xpYhrjo6F+i4Tsp3SuPheWFJmQxDYjlJbsBT","baseKeyType":1,"closed":-1,"used":1721103873034,"created":1721103873034,"remoteIdentityKey":"BeM3uttfgYaWfM1e3q1AMsQ07/s6wnpwf+VbLZ4got93"},"_chains":{"BYrhjMWoS05SXv2wqYnkTtQEBzdCtUtPEqikKwY41kJb":{"chainKey":{"counter":89,"key":"4GP+u2bGM5f0zeoz8YPupTyhISXkL5yGZD6MRCi71fA="},"chainType":1,"messageKeys":{}}},"pendingPreKey":{"signedKeyId":4,"baseKey":"BQRWAaC5xpYhrjo6F+i4Tsp3SuPheWFJmQxDYjlJbsBT","preKeyId":6322468}}},"version":"v1"}