{"_sessions":{"Bbd9YmbQ/GyFLFsgwY9ketSRxU/I6ubq+SB1Ola6R6RU":{"registrationId":1909,"currentRatchet":{"ephemeralKeyPair":{"pubKey":"BYhuMgX8Xe+5KdmblZ8/3VFmIrrrKRm1mBTZlor9Htsv","privKey":"8JBkcxPNCmJHyV9kBRrEFyueB9L+5HUxs9dsG2crnGU="},"lastRemoteEphemeralKey":"BbvBTTPfMI/GKUqVXsMPNdHFq73WSPrT6T1MCbg282do","previousCounter":0,"rootKey":"l6XhCpXK793tHmeWwI1ClUePqm+Jl6zcBicYIcfxU7k="},"indexInfo":{"baseKey":"Bbd9YmbQ/GyFLFsgwY9ketSRxU/I6ubq+SB1Ola6R6RU","baseKeyType":1,"closed":-1,"used":1721069705364,"created":1721069705364,"remoteIdentityKey":"BT5JHh3ezFod7xoTkLQHSmRY8u9j5DkFcUVVJpLFdHcE"},"_chains":{"BYhuMgX8Xe+5KdmblZ8/3VFmIrrrKRm1mBTZlor9Htsv":{"chainKey":{"counter":0,"key":"1L+j6yp9GdIhm1M0kkVBx67ntv8q0GxDo96NmkaNHKI="},"chainType":1,"messageKeys":{}}},"pendingPreKey":{"signedKeyId":1,"baseKey":"Bbd9YmbQ/GyFLFsgwY9ketSRxU/I6ubq+SB1Ola6R6RU"}}},"version":"v1"}