{"_sessions":{"BWnSnePlfim1YD3ZvEXAdN5naTvtag5Jf1oISa2nVDU6":{"registrationId":1184469737,"currentRatchet":{"ephemeralKeyPair":{"pubKey":"BSmOROb5tekAW4ZUJhDT7XrDLCbPZvAw2ZVTPzW5mDBK","privKey":"GOGjR9KSjnPqb9fNY1wsBKuVaynDrWBLxBAvP8TPn34="},"lastRemoteEphemeralKey":"BQZVtDHS3tJrHlBMrouRcz7Q7Ajea/eaUSXM3/zDTpQm","previousCounter":0,"rootKey":"uiBf547dn+OigYgW6jYCpAOVduLquom9/dtAAwkNP3g="},"indexInfo":{"baseKey":"BWnSnePlfim1YD3ZvEXAdN5naTvtag5Jf1oISa2nVDU6","baseKeyType":1,"closed":-1,"used":1721069705472,"created":1721069705472,"remoteIdentityKey":"Ba8TpDKzjU3qCAVnH3QOfnYF1YYTW+zTbeC+cEhTj2g0"},"_chains":{"BSmOROb5tekAW4ZUJhDT7XrDLCbPZvAw2ZVTPzW5mDBK":{"chainKey":{"counter":0,"key":"qiDkSREbzK5cBywgGngaCCHqmQBSq4TN84JhanV/hTw="},"chainType":1,"messageKeys":{}}},"pendingPreKey":{"signedKeyId":20,"baseKey":"BWnSnePlfim1YD3ZvEXAdN5naTvtag5Jf1oISa2nVDU6","preKeyId":8590686}}},"version":"v1"}