{"_sessions":{"BYFvmF1KxLIxtgyejbZW5zt2rSfCqI2OIrFu1SOW/Awu":{"registrationId":13929,"currentRatchet":{"ephemeralKeyPair":{"pubKey":"Bc8tcmP+aq24dqRxozoRd9sHai8CGNq1IcTOQQqQbi5h","privKey":"qKpEXvjrxg1OY5RlxbMdB1rmZEFY69T2vmIGINIi+2Y="},"lastRemoteEphemeralKey":"BbNr8I6IdIHuoHou8sYFHNgUqRGIhSlSfWRg1Jh1XIUH","previousCounter":0,"rootKey":"qOUw3Q6l+fC2tFAYTEzhqCX9Xv6t9B8YwUpl9GRpVss="},"indexInfo":{"baseKey":"BYFvmF1KxLIxtgyejbZW5zt2rSfCqI2OIrFu1SOW/Awu","baseKeyType":2,"closed":-1,"used":1721113464851,"created":1721113464851,"remoteIdentityKey":"Bdz7m6iryUywYm3hZoXYRdriCtW9gaSjhaGhROVyfMk5"},"_chains":{"BbNr8I6IdIHuoHou8sYFHNgUqRGIhSlSfWRg1Jh1XIUH":{"chainKey":{"counter":0,"key":"cnME3kBeYtcN9xjZB0OjZZjHjXQhZiV0m9V1nCR3kJ4="},"chainType":2,"messageKeys":{}},"Bc8tcmP+aq24dqRxozoRd9sHai8CGNq1IcTOQQqQbi5h":{"chainKey":{"counter":8,"key":"qsCjqwXcRI7z2BkuZpAQc4TWDS+7eHP4wJZocqimy0U="},"chainType":1,"messageKeys":{}}}}},"version":"v1"}