{"_sessions":{"BdO2ixU9sCCHyzFQ9uGfbyVC2n+3509O6UPrtj56IgBp":{"registrationId":1839722235,"currentRatchet":{"ephemeralKeyPair":{"pubKey":"BUPdfpGcZkHyEBsOGb1PDZfup7lKEyAyJUMVeW2WtqRj","privKey":"COHu3G1oYMW8LxpYQzRPfsZs/mpOs0K3Wm7GbE8zSnU="},"lastRemoteEphemeralKey":"BTG0q40EyvgBk4Y9HnSpacrFwslGnsdI5ih14l2h/4o/","previousCounter":0,"rootKey":"354bXxksd96HVV1Xflvv+ESz/Zlo8NNvZJVzlrtFx20="},"indexInfo":{"baseKey":"BdO2ixU9sCCHyzFQ9uGfbyVC2n+3509O6UPrtj56IgBp","baseKeyType":1,"closed":-1,"used":1721059323216,"created":1721059323216,"remoteIdentityKey":"BWmK5+uuBXz6B8XxFqaU9VpYsoaXw67wN231jJh3hHY0"},"_chains":{"BUPdfpGcZkHyEBsOGb1PDZfup7lKEyAyJUMVeW2WtqRj":{"chainKey":{"counter":5,"key":"CrFL44XXHPuKIl0nnpOR6lZk9CdwqOwAFJD6I36wUYI="},"chainType":1,"messageKeys":{}}},"pendingPreKey":{"signedKeyId":2,"baseKey":"BdO2ixU9sCCHyzFQ9uGfbyVC2n+3509O6UPrtj56IgBp","preKeyId":5430345}}},"version":"v1"}