{"_sessions":{"BeZ6n+ZD4nGJyV1QF3kPJKXgvqdacR2laI/3TdKFMipz":{"registrationId":106420362,"currentRatchet":{"ephemeralKeyPair":{"pubKey":"Bd8iHx/FTYGEpmm00cAq5nZkNimkqvtwrfAiIdpl6/5w","privKey":"6EZBIMrrwiseVFJCAJN70WSzLWYFqsaUVtssg7zv22w="},"lastRemoteEphemeralKey":"BaV9DEffWhJNs4cpg2B55oC/M4yXrnWazL3CaSC/PVs4","previousCounter":79,"rootKey":"Jk5MXcFA9BeaU9ot1CohoIz0j9FYLWrH9NXj25mpmM0="},"indexInfo":{"baseKey":"BeZ6n+ZD4nGJyV1QF3kPJKXgvqdacR2laI/3TdKFMipz","baseKeyType":1,"closed":-1,"used":1721135534406,"created":1721051170564,"remoteIdentityKey":"BctwLHjImBxjKU1p9dPwnD9cf446PiGp6LoVsgx3WSE7"},"_chains":{"BaV9DEffWhJNs4cpg2B55oC/M4yXrnWazL3CaSC/PVs4":{"chainKey":{"counter":0,"key":"b6U30PCDsFXiLU9wNPztqd+rIVLyB+vJY33dlQZUrSk="},"chainType":2,"messageKeys":{}},"Bd8iHx/FTYGEpmm00cAq5nZkNimkqvtwrfAiIdpl6/5w":{"chainKey":{"counter":51,"key":"aYyZ//XqfIvy8Pki0ZVUjQ+b6wEnOMwVF2aIsUAPzXc="},"chainType":1,"messageKeys":{}}}}},"version":"v1"}