{"_sessions":{"BUspYszLMmi7Zxzq5Te0dogPnQ5+4SwG3IVl9dgILaxo":{"registrationId":1586648760,"currentRatchet":{"ephemeralKeyPair":{"pubKey":"BYJ9V2/2vIEmb5l5OgfuYArcDXopN6E8iiR+sOdXtnFv","privKey":"+HcA8o/R6nstcgxI076OYTI2zfO/PMTBMWN2L8+Lqlo="},"lastRemoteEphemeralKey":"BTgVc3IOPAnx/57jQtiVkrPQdPT+xGTPGRESvzRBvqNq","previousCounter":0,"rootKey":"cRTVVZJfZ1leTXKsuNSeJLPTcT/X5gc0VlfmsYxng4s="},"indexInfo":{"baseKey":"BUspYszLMmi7Zxzq5Te0dogPnQ5+4SwG3IVl9dgILaxo","baseKeyType":1,"closed":-1,"used":1721051170547,"created":1721051170547,"remoteIdentityKey":"BRXpf0FBwIjMzAWhOsry3znEKns93TgsJxL+TgGS2kMg"},"_chains":{"BYJ9V2/2vIEmb5l5OgfuYArcDXopN6E8iiR+sOdXtnFv":{"chainKey":{"counter":131,"key":"Kco4CKu6RizpBVIKZyq5HKZETQmrYwhDoaxkIABAd2Y="},"chainType":1,"messageKeys":{}}},"pendingPreKey":{"signedKeyId":8,"baseKey":"BUspYszLMmi7Zxzq5Te0dogPnQ5+4SwG3IVl9dgILaxo","preKeyId":1278217}}},"version":"v1"}