{"_sessions":{"BW0wOvz9ry/mv37WJu5BjhZ2GZi7oxKaIabvi3Gskc5d":{"registrationId":83,"currentRatchet":{"ephemeralKeyPair":{"pubKey":"Bbypi0ze4WZbamqg8myJ8/G3qXXGDRkR/yNJvW6KKeEe","privKey":"mCxQWZ51xnFA28qqZZFFn13+uikWNxXPMdd4VLLi9U0="},"lastRemoteEphemeralKey":"BSqWYmUlcLWCVktfh9FxAHjhO7Ck3o2SSLECiDiDkQhx","previousCounter":0,"rootKey":"bdfTTETg738LKQxqSSHY15CJ4qjHX2CWpUds3KhxMNY="},"indexInfo":{"baseKey":"BW0wOvz9ry/mv37WJu5BjhZ2GZi7oxKaIabvi3Gskc5d","baseKeyType":1,"closed":-1,"used":1721061609656,"created":1721061609656,"remoteIdentityKey":"BX+VRSLSk2rnXTivaFbTTUjF5p+5pKbTk1OWVi4my2Ek"},"_chains":{"Bbypi0ze4WZbamqg8myJ8/G3qXXGDRkR/yNJvW6KKeEe":{"chainKey":{"counter":4,"key":"xGFySYOB2iWO6mPXrNixVf7bYEgOBW6W6tCvnXSw8sI="},"chainType":1,"messageKeys":{}}},"pendingPreKey":{"signedKeyId":1,"baseKey":"BW0wOvz9ry/mv37WJu5BjhZ2GZi7oxKaIabvi3Gskc5d","preKeyId":98}}},"version":"v1"}