{"_sessions":{"BdWXoA07KJTHznxW6lOBrFkUHYiDUfvBrdmL3Ffx+C5x":{"registrationId":310072441,"currentRatchet":{"ephemeralKeyPair":{"pubKey":"BRFscVa4Aa00oCduSQwKTQL1lrDrPOdylVPMyT42uek6","privKey":"cC6BsePDYN+VlpcE7pa/KpRI8rsdwg70xucedDC0IEQ="},"lastRemoteEphemeralKey":"BU+C5vJhI4NiLFcgm6KSQrysWh8/76N8wE31rRn+xwpY","previousCounter":0,"rootKey":"t3561dI31xXwf3SnE97FuJrlV51/jVajw0qSf2okAnE="},"indexInfo":{"baseKey":"BdWXoA07KJTHznxW6lOBrFkUHYiDUfvBrdmL3Ffx+C5x","baseKeyType":1,"closed":-1,"used":1721147101465,"created":1721061609749,"remoteIdentityKey":"BWyzNMlLGIGx/YLB+fnO2C8fXRxdDAhkcK1gmvakU6wu"},"_chains":{"BU+C5vJhI4NiLFcgm6KSQrysWh8/76N8wE31rRn+xwpY":{"chainKey":{"counter":0,"key":"QPlOPNumP+jvjjsQuk2ONLaf9nS+ZgnMqQZe+BxgksE="},"chainType":2,"messageKeys":{}},"BRFscVa4Aa00oCduSQwKTQL1lrDrPOdylVPMyT42uek6":{"chainKey":{"counter":3,"key":"vfnhyYoItDhUOsF+WVJbHlvPR4J09b638RWbBZTBR80="},"chainType":1,"messageKeys":{}}}}},"version":"v1"}