{"_sessions":{"BcONG4ITYB+srluUb3fHK+kWRbyVPP169WaGUcLVi6pu":{"registrationId":2119816974,"currentRatchet":{"ephemeralKeyPair":{"pubKey":"BXnEEO+O2DwVpibipoiM4UaXFqiiki/iOdJ0EW2ZeNA0","privKey":"CDDmBkrtcdQn7MsmHZCeh337hHSSdol5fLlcdNnaeXg="},"lastRemoteEphemeralKey":"BWxTpja3ozUx8uGVFbEGyDHP5MHn7FxOqT5fleJBOM41","previousCounter":0,"rootKey":"fHRF2yZK3eDUr4yq9rvyNZoiwGqH+SpDzEoo9uG1Mxc="},"indexInfo":{"baseKey":"BcONG4ITYB+srluUb3fHK+kWRbyVPP169WaGUcLVi6pu","baseKeyType":1,"closed":-1,"used":1721059323028,"created":1721059323028,"remoteIdentityKey":"BcXkRpXlhILUUKTjEGoDNxuzUw3xEVGAh4vr33gNU0Vh"},"_chains":{"BXnEEO+O2DwVpibipoiM4UaXFqiiki/iOdJ0EW2ZeNA0":{"chainKey":{"counter":5,"key":"bfQJPGSwwI4xI7ykyTOUQzj+fvVCgdHk5mExlpNnaw8="},"chainType":1,"messageKeys":{}}},"pendingPreKey":{"signedKeyId":13,"baseKey":"BcONG4ITYB+srluUb3fHK+kWRbyVPP169WaGUcLVi6pu","preKeyId":13127552}}},"version":"v1"}