{"_sessions":{"BX+1MtE0UzkQwHfbadJ92AgMCH41MAvKremmzuDfT0dA":{"registrationId":1784034797,"currentRatchet":{"ephemeralKeyPair":{"pubKey":"Beeun0AYK5oBUMSk56W4gBZOGACgSdnUTC4SGDX7u2x8","privKey":"EHrTXhrbf80PNIQtRP1eMsgumLiwz+IrmYep8whWg0k="},"lastRemoteEphemeralKey":"BSJhu3L5OJtirBXz6+QxIUGY7pV5jPOST/UshneM9IBX","previousCounter":0,"rootKey":"gdktIZORhGMHcqeqBLmpZVw8hVuAD5cV3r3daxB5UJo="},"indexInfo":{"baseKey":"BX+1MtE0UzkQwHfbadJ92AgMCH41MAvKremmzuDfT0dA","baseKeyType":2,"closed":-1,"used":1721117140948,"created":1721117140948,"remoteIdentityKey":"Bdf5LupKmBxPgJUBe402a/VktRoH3al6pWlScy9XrNED"},"_chains":{"BSJhu3L5OJtirBXz6+QxIUGY7pV5jPOST/UshneM9IBX":{"chainKey":{"counter":1,"key":"IIF6Ul9Eii0SlB4+upuM6d5953b2a0sSJBSu6VGJgs0="},"chainType":2,"messageKeys":{}},"Beeun0AYK5oBUMSk56W4gBZOGACgSdnUTC4SGDX7u2x8":{"chainKey":{"counter":-1,"key":"rwvaONy2Iw8Pw39f9qMhS6Kp2ZotBy9sA4HoBBQi4Uo="},"chainType":1,"messageKeys":{}}}}},"version":"v1"}