{"_sessions":{"BWJPtjyrYpyPLoKrkweVxf7syNjucBM6GKUMYx9hoEo8":{"registrationId":2075491001,"currentRatchet":{"ephemeralKeyPair":{"pubKey":"Bf3QCsus1PGwsdUqB+M7K4rKtM0PjtiC8bwuJEMYgeV0","privKey":"mPGyYNHn1ds6aENnAB/q+siX6u6WeriW9xq/+VBFjFQ="},"lastRemoteEphemeralKey":"BeYN45c7rmeNgkx8AL89F7/sgLq9FSQPLZhpd3QbiSxz","previousCounter":85,"rootKey":"PujKMAVTUfRxIsTOmPp3htPGGAdUVeAmctvLV58dGiU="},"indexInfo":{"baseKey":"BWJPtjyrYpyPLoKrkweVxf7syNjucBM6GKUMYx9hoEo8","baseKeyType":1,"closed":-1,"used":1721144354155,"created":1721051170869,"remoteIdentityKey":"Bek0a09WfLbfcfCBC6VnLeA+SmBz9rHrlBB06/s4+XtR"},"_chains":{"BeYN45c7rmeNgkx8AL89F7/sgLq9FSQPLZhpd3QbiSxz":{"chainKey":{"counter":0,"key":"pF4k1iVf88nAhEGvY/cP6IICa4+cAcvuX8mVP6VMWhE="},"chainType":2,"messageKeys":{}},"Bf3QCsus1PGwsdUqB+M7K4rKtM0PjtiC8bwuJEMYgeV0":{"chainKey":{"counter":-1,"key":"hsRQ+/6lKeinsaUWALWWMqXb3jSMS13zVlqCQjBL6V8="},"chainType":1,"messageKeys":{}}}}},"version":"v1"}