{"_sessions":{"BeTlV0iZHMpDwewmU955GGOUKgszZm2hvT2z1yV9L+Yb":{"registrationId":9827,"currentRatchet":{"ephemeralKeyPair":{"pubKey":"BTITsQNa3fA3JFfszViTYP1mFuTWbJu+8/ztL3IEyulA","privKey":"AEvhscqSU2IszWvY/dXPZ9koNXXRbZWVjQxmT4bdSXo="},"lastRemoteEphemeralKey":"BTQrye8ak67trT2rEuFR59N/NU8ELtUZFC/faYKYS8t/","previousCounter":0,"rootKey":"Y8pDbxF+qF5fqIGc+OrXoBNyB6WbJMA7/TW+WxexUFE="},"indexInfo":{"baseKey":"BeTlV0iZHMpDwewmU955GGOUKgszZm2hvT2z1yV9L+Yb","baseKeyType":1,"closed":-1,"used":1721059322833,"created":1721059322833,"remoteIdentityKey":"BYWmFtTqhOHENa4fMc5H97iuI8L0oTIH9wHrKNkdvFw5"},"_chains":{"BTITsQNa3fA3JFfszViTYP1mFuTWbJu+8/ztL3IEyulA":{"chainKey":{"counter":5,"key":"S3YsM9P1IAbx7eQYFxVushvoNNUaPNpKJUDZx27eU24="},"chainType":1,"messageKeys":{}}},"pendingPreKey":{"signedKeyId":6,"baseKey":"BeTlV0iZHMpDwewmU955GGOUKgszZm2hvT2z1yV9L+Yb","preKeyId":5155}}},"version":"v1"}