{"_sessions":{"Bd+aVuIT29Ksxk7MAs9ERZjJwAhNHd5WwbgmJuRTzsR5":{"registrationId":1612589012,"currentRatchet":{"ephemeralKeyPair":{"pubKey":"BeZyKkdvALdYi00DdJKsBbnwHEY9OXmeCWZXdQ5s/A8e","privKey":"QBiDt8cv1Z3Wa0awRY9EnEuJMe9HrD56sqIpCjaw2Es="},"lastRemoteEphemeralKey":"BXfx5gZe3bjtp0qWuc41gSv00v1bYzo955+D50/9lkw5","previousCounter":0,"rootKey":"yr/ROq+93huVUbq+aOPkdyldoRXcefE6/oki2buvgnA="},"indexInfo":{"baseKey":"Bd+aVuIT29Ksxk7MAs9ERZjJwAhNHd5WwbgmJuRTzsR5","baseKeyType":1,"closed":-1,"used":1721059323016,"created":1721059323016,"remoteIdentityKey":"BX/wOTDChggMCyY1HixdSfUZZdhi8NTc0TjKZvIPxCJV"},"_chains":{"BeZyKkdvALdYi00DdJKsBbnwHEY9OXmeCWZXdQ5s/A8e":{"chainKey":{"counter":10,"key":"Mp7Ke9TJ/Bzm9giM16dbCKj/gxlz/WypPCCK8rKazGE="},"chainType":1,"messageKeys":{}}},"pendingPreKey":{"signedKeyId":1,"baseKey":"Bd+aVuIT29Ksxk7MAs9ERZjJwAhNHd5WwbgmJuRTzsR5"}}},"version":"v1"}