{"_sessions":{"Bf49lPlaaW9+J7YcXYjfXMzj8fg3Xr8fvVj3skA7DZVC":{"registrationId":1193445741,"currentRatchet":{"ephemeralKeyPair":{"pubKey":"BfGnPUEjBIzorwcGJfMjXY2ISam4p5LOA3UCe/D6aQcV","privKey":"AARdWqQptsNMcKKn1zGZD7/K1d5f5mgAuwtCoXWYGmw="},"lastRemoteEphemeralKey":"BeUmqIIwZLBO2FQ9CKNzl9SX8WRwjkMq0bYvPHHWN/86","previousCounter":0,"rootKey":"8chT/KmHZG+Xt9TGtcb0Gs78bRDSTw0iXDfxy77AX8M="},"indexInfo":{"baseKey":"Bf49lPlaaW9+J7YcXYjfXMzj8fg3Xr8fvVj3skA7DZVC","baseKeyType":1,"closed":-1,"used":1721051171053,"created":1721051171053,"remoteIdentityKey":"BT4MYQEvTmpi5mAxpUilVoz8mRXT8gDPAIfH85SRe/YN"},"_chains":{"BfGnPUEjBIzorwcGJfMjXY2ISam4p5LOA3UCe/D6aQcV":{"chainKey":{"counter":132,"key":"WicgllJ3CvWd5Z7fmvQdiwZpHxL7Eq1S/VhuegS7lwM="},"chainType":1,"messageKeys":{}}},"pendingPreKey":{"signedKeyId":16,"baseKey":"Bf49lPlaaW9+J7YcXYjfXMzj8fg3Xr8fvVj3skA7DZVC"}}},"version":"v1"}