{"_sessions":{"BUvHkeleIrS+LGYYboeHSjiswABoKk/3gwyCIXBHV6pj":{"registrationId":12887,"currentRatchet":{"ephemeralKeyPair":{"pubKey":"BZLpBkoBV99iKkWFk4Cp2SD+L8sh1pUxuzz0aD9dZsxm","privKey":"kK8i3aM1KPiAnkV5DHMaoR63wlMi+ZQ62RigZadnHW4="},"lastRemoteEphemeralKey":"BYs8E2TgIvKhNeMQIPZwtv7PgzDk7N9afQHm2nZWhHxj","previousCounter":0,"rootKey":"I1iUfer0ByXGYyWgUPY7lm7S98CuSA8NHonpgtPaFvI="},"indexInfo":{"baseKey":"BUvHkeleIrS+LGYYboeHSjiswABoKk/3gwyCIXBHV6pj","baseKeyType":1,"closed":-1,"used":1721069705368,"created":1721069705368,"remoteIdentityKey":"BURU3U1hlW6Mp8WeNlevaFzTx09asT3FiUCm9meWbR9o"},"_chains":{"BZLpBkoBV99iKkWFk4Cp2SD+L8sh1pUxuzz0aD9dZsxm":{"chainKey":{"counter":0,"key":"pf2nRLpRMTvPtmgCYHeE53BjazsDk5kmI0OM8Z3OGv8="},"chainType":1,"messageKeys":{}}},"pendingPreKey":{"signedKeyId":1,"baseKey":"BUvHkeleIrS+LGYYboeHSjiswABoKk/3gwyCIXBHV6pj","preKeyId":1001}}},"version":"v1"}