{"_sessions":{"BadhIrhGnie7pLaQeYqQdSFFjK50p1EvYN/rQXsqu/og":{"registrationId":597503555,"currentRatchet":{"ephemeralKeyPair":{"pubKey":"Bfpc3yxQW3brYjMWvpfNzNUU9cLMGoai6kIUzWSGuMVH","privKey":"AMjdNDFT6BfueCDBB20eACDX3w4U08IZXypMPK5SsXw="},"lastRemoteEphemeralKey":"Bc7NNi87bv5DxzawWFsBK5jTNvR4Q0W6qDAixuX71mpL","previousCounter":0,"rootKey":"cCH/r3jQEfsd0pfWHgy3qDrAwuDt0MkCcPacJtCZ4IE="},"indexInfo":{"baseKey":"BadhIrhGnie7pLaQeYqQdSFFjK50p1EvYN/rQXsqu/og","baseKeyType":1,"closed":-1,"used":1721059323132,"created":1721059323132,"remoteIdentityKey":"BXQjf4H0sqUX3vXXYTRh9iMHac82v3ZlrAYXui60Yug1"},"_chains":{"Bfpc3yxQW3brYjMWvpfNzNUU9cLMGoai6kIUzWSGuMVH":{"chainKey":{"counter":5,"key":"0bLQ2CQsiXpTZvqDWBF3q9DXkROBcNBHOf0hhNNeQPM="},"chainType":1,"messageKeys":{}}},"pendingPreKey":{"signedKeyId":4,"baseKey":"BadhIrhGnie7pLaQeYqQdSFFjK50p1EvYN/rQXsqu/og","preKeyId":1291304}}},"version":"v1"}