{"_sessions":{"BUGbFRlmdZuur2moFkKARj53sOgOjLSc/x7RodRhyrFw":{"registrationId":2075980186,"currentRatchet":{"ephemeralKeyPair":{"pubKey":"Bee5tzP4pqrtN1OVOi46qMk9374b41sN4PgwaRKhUFln","privKey":"aJ1S1RC1qELojFzc1AhiDaIp7VQ75MgFbeyYcgV7fX8="},"lastRemoteEphemeralKey":"BVBaopmGmRJBWz4fKUBfJHYPfDssz4aMVPoYHQTcLsQT","previousCounter":0,"rootKey":"KKXrjynI2Jjoqh03m3Pp+M3BqifDv7zNwg8mGfbfbgI="},"indexInfo":{"baseKey":"BUGbFRlmdZuur2moFkKARj53sOgOjLSc/x7RodRhyrFw","baseKeyType":1,"closed":-1,"used":1721138571061,"created":1721138571061,"remoteIdentityKey":"BQ1PRk82mN0+yrwj9rn/pXNFUuXFjk4MbJSNLxQPwG0s"},"_chains":{"Bee5tzP4pqrtN1OVOi46qMk9374b41sN4PgwaRKhUFln":{"chainKey":{"counter":51,"key":"47UbkTI2bO+c/vtlCZLucvig2DbdF0LY07h+ruhjEdk="},"chainType":1,"messageKeys":{}}},"pendingPreKey":{"signedKeyId":3,"baseKey":"BUGbFRlmdZuur2moFkKARj53sOgOjLSc/x7RodRhyrFw","preKeyId":13960442}}},"version":"v1"}