{"_sessions":{"BdmxMGXgFoh6mGyz+lYLtfGRgSXaus9Kx7x7yXEHKHoX":{"registrationId":6139,"currentRatchet":{"ephemeralKeyPair":{"pubKey":"BXoRxpEbfJ4vTzgWhxNI7T4+l2R+cP9dES9c7l0cJVAb","privKey":"qEUkEAotV5LhOAJ99EdfIfbJRziq8+6FOHZK2M0lfGQ="},"lastRemoteEphemeralKey":"BfcY25rdKyd6PP9PPTxMiPVamClqHRc3SD8Fe29hRltH","previousCounter":0,"rootKey":"XYVw+VyfI499ohtg0J2xypwgc+EEFEmAIow3lQCu0nQ="},"indexInfo":{"baseKey":"BdmxMGXgFoh6mGyz+lYLtfGRgSXaus9Kx7x7yXEHKHoX","baseKeyType":1,"closed":-1,"used":1721051170266,"created":1721051170266,"remoteIdentityKey":"Bf928SachyvaQp6kMWiIkTmOqMNDxj3sAoot687Z9Yha"},"_chains":{"BXoRxpEbfJ4vTzgWhxNI7T4+l2R+cP9dES9c7l0cJVAb":{"chainKey":{"counter":130,"key":"IDaj8iu3PbWxO6ImkQh08WMB0mEq8gdGBrd9gKE8ofU="},"chainType":1,"messageKeys":{}}},"pendingPreKey":{"signedKeyId":1,"baseKey":"BdmxMGXgFoh6mGyz+lYLtfGRgSXaus9Kx7x7yXEHKHoX","preKeyId":387}}},"version":"v1"}