{"_sessions":{"BURVMFfQ9Wl4ExvMkMyQ5uaKdaM4ZS1JB1cs8FbO+6gR":{"registrationId":3915703699,"currentRatchet":{"ephemeralKeyPair":{"pubKey":"BSPObEIQKxoh6LqhWOx5jVTpbdo8iIE7sgYc1O3GhAwe","privKey":"eHzUG2A5lezEGVfhHqWjNcQzepjdnvpxvU9cOBMSMFQ="},"lastRemoteEphemeralKey":"BbOOIVN7oJLkAfdUkE+EbjCOGVCpk2JE4bF0lu4DzdkV","previousCounter":0,"rootKey":"3urws4OOYdtut5mVpYLQKei5YVgPSXoCy9AlbR311B8="},"indexInfo":{"baseKey":"BURVMFfQ9Wl4ExvMkMyQ5uaKdaM4ZS1JB1cs8FbO+6gR","baseKeyType":1,"closed":-1,"used":1721059322953,"created":1721059322953,"remoteIdentityKey":"Bfg62nGmMF/Y7jaTH/2/ePE9m03pFp4LcSQaraQNqVQt"},"_chains":{"BSPObEIQKxoh6LqhWOx5jVTpbdo8iIE7sgYc1O3GhAwe":{"chainKey":{"counter":5,"key":"ZjvvuuWxhH5XPWMO+mChVXTP5l4ZHQSU+KjUH9y3EdI="},"chainType":1,"messageKeys":{}}},"pendingPreKey":{"signedKeyId":1,"baseKey":"BURVMFfQ9Wl4ExvMkMyQ5uaKdaM4ZS1JB1cs8FbO+6gR"}}},"version":"v1"}