{"_sessions":{"BTToZwddd6v6zRpEix4Jt2kV6wnzEqbCkCwAu6TXufkc":{"registrationId":768671228,"currentRatchet":{"ephemeralKeyPair":{"pubKey":"BdfOy9xEqqrkQtg3vGSmbbBw8cmU4hBDTL255ztMKE8G","privKey":"AOQzGC3KeITySIG4mIEB/k/kIZr+3N5POt6SrivaVEE="},"lastRemoteEphemeralKey":"BQ3VUnko2zlVO9pFowbg+mXtfxqoJsVZ+i0q9+PvbpxJ","previousCounter":0,"rootKey":"Os/WQbUFWdVwizWQ3k77nzt/tuahy/eDPApcWofL//Y="},"indexInfo":{"baseKey":"BTToZwddd6v6zRpEix4Jt2kV6wnzEqbCkCwAu6TXufkc","baseKeyType":2,"closed":-1,"used":1721087697639,"created":1721087697639,"remoteIdentityKey":"BX2xUq6uF4CHpndJBT1L1/Ae3Ixp3Olr0dgBYYDQ1NgD"},"_chains":{"BQ3VUnko2zlVO9pFowbg+mXtfxqoJsVZ+i0q9+PvbpxJ":{"chainKey":{"counter":2,"key":"56mIOrawAJrkvtbuHp0RZdv7/WznZLn13EU+rINaE9A="},"chainType":2,"messageKeys":{}},"BdfOy9xEqqrkQtg3vGSmbbBw8cmU4hBDTL255ztMKE8G":{"chainKey":{"counter":-1,"key":"8vx1irehWMHvRgFVLuFoBN+PZrYoCsdPFqH3IzM43L4="},"chainType":1,"messageKeys":{}}}}},"version":"v1"}