{"_sessions":{"BYm4nXz2xQB+r45nXz5XeLnMTyw4v81ywvthf3B8NS4K":{"registrationId":29,"currentRatchet":{"ephemeralKeyPair":{"pubKey":"Bb6i2l8k4800ozqlRvnpw3j4jD8s+5Imgunkp4H8nHpY","privKey":"6PreY17eVHblOpzu+hBqpOjzAG6iUb+9OuqH/vWpGWY="},"lastRemoteEphemeralKey":"BcXmC2A9zbdRoywF03pJMP1spW5KsBE7U0/vMHD618o7","previousCounter":0,"rootKey":"3mdzeQo26GXoTqcs/smNgbSIqHjSEGpL0MhpG2AMI48="},"indexInfo":{"baseKey":"BYm4nXz2xQB+r45nXz5XeLnMTyw4v81ywvthf3B8NS4K","baseKeyType":1,"closed":1721082375352,"used":1721082936667,"created":1721059322821,"remoteIdentityKey":"BayJvB/VIYTF7YZiZtkxc0VN+LeJLv85pePCpTTAUFMg"},"_chains":{"BcXmC2A9zbdRoywF03pJMP1spW5KsBE7U0/vMHD618o7":{"chainKey":{"counter":1,"key":"MYiQsjh3cMQoIri70eOhzqPW3VtgF1MxzGB5ceYuRp8="},"chainType":2,"messageKeys":{}},"Bb6i2l8k4800ozqlRvnpw3j4jD8s+5Imgunkp4H8nHpY":{"chainKey":{"counter":-1,"key":"VuSD+cNzDadTbQvskt3DN38ma0+ha7LRdtb4XhiH298="},"chainType":1,"messageKeys":{}}}},"BV5MA3OkuVEP7kY/QmN8cGwQG2YpK/97ltSJi79SBl9Q":{"registrationId":29,"currentRatchet":{"ephemeralKeyPair":{"pubKey":"Bbkambyb27P0M0iiHroMe09k8v2ADtqW2/axAbXFifQp","privKey":"MAqWaBx1IkYOr7nvu88Mn4TvDAKdqAt/ycPIjRqSGFA="},"lastRemoteEphemeralKey":"BcXmC2A9zbdRoywF03pJMP1spW5KsBE7U0/vMHD618o7","previousCounter":0,"rootKey":"ajPubHoRc0RwPT7KWkRVBQ5giviJV6+pWRL96XmLdC8="},"indexInfo":{"baseKey":"BV5MA3OkuVEP7kY/QmN8cGwQG2YpK/97ltSJi79SBl9Q","baseKeyType":1,"closed":1721083537639,"used":1721082375347,"created":1721082375347,"remoteIdentityKey":"BayJvB/VIYTF7YZiZtkxc0VN+LeJLv85pePCpTTAUFMg"},"_chains":{"BcXmC2A9zbdRoywF03pJMP1spW5KsBE7U0/vMHD618o7":{"chainKey":{"counter":1,"key":"oJQ79m3JIcN0pmWft0z59S6f88CBgQkaUIoXbOkWjs4="},"chainType":2,"messageKeys":{"0":"SaPLjPPoUtWfdfNDBlZLuZsScU112xciaUJcfrRf5n4="}},"Bbkambyb27P0M0iiHroMe09k8v2ADtqW2/axAbXFifQp":{"chainKey":{"counter":0,"key":"ry/8ZFGfgz62CD/rG0qSo/gaCsVTVxYzYi8NqZZ79ww="},"chainType":1,"messageKeys":{}}},"pendingPreKey":{"signedKeyId":1,"baseKey":"BV5MA3OkuVEP7kY/QmN8cGwQG2YpK/97ltSJi79SBl9Q","preKeyId":124}},"BdgEMzF1mPBaXyhbL3NOcETtE8tCAoWDCz+gwLJV5gR5":{"registrationId":29,"currentRatchet":{"ephemeralKeyPair":{"pubKey":"BWBqvI3R56O/5Np5pKW4wZh46g8axt1V2GSRXgPp0BpF","privKey":"sPSRKSaMmSB8mHHsi2WG35gD/zwzMHNX8EVPzbjYbkY="},"lastRemoteEphemeralKey":"BYHvHcS0CAu/M0ZxnJf+CwniYdVCWjczGiuwkwVk6R4n","previousCounter":0,"rootKey":"tOwvnlKtp/W79GQE/UnZA9z5lKhb+TA4xk3BPgZBZdw="},"indexInfo":{"baseKey":"BdgEMzF1mPBaXyhbL3NOcETtE8tCAoWDCz+gwLJV5gR5","baseKeyType":1,"closed":1721128647160,"used":1721083537637,"created":1721083537637,"remoteIdentityKey":"BayJvB/VIYTF7YZiZtkxc0VN+LeJLv85pePCpTTAUFMg"},"_chains":{"BWBqvI3R56O/5Np5pKW4wZh46g8axt1V2GSRXgPp0BpF":{"chainKey":{"counter":0,"key":"YFlXCIIQ4lkRQwW2sc5xiccf5FjxuT7JlBPF+rnBnSM="},"chainType":1,"messageKeys":{}}},"pendingPreKey":{"signedKeyId":1,"baseKey":"BdgEMzF1mPBaXyhbL3NOcETtE8tCAoWDCz+gwLJV5gR5","preKeyId":130}},"BdZ74hQrt4Pu3vdc2ruL+jQxO9Vo6QK+Vhn1X8utXZsQ":{"registrationId":29,"currentRatchet":{"ephemeralKeyPair":{"pubKey":"Bd6oA/SWFXDcChjS9n08GzNUFxCkhjCLh6iubCyQPnZD","privKey":"EGPK4PStiuQrJ9yIFmpdAnwcswJySdAvNmbKkXuFrUA="},"lastRemoteEphemeralKey":"BXxsDqi1YkAbZD/PybW6gFOz9m3MjXrDUBH7WSutR3AP","previousCounter":3,"rootKey":"k409Al45L3/am5KBar6b/Ys7uP4uh9oW7vtvrgb6foU="},"indexInfo":{"baseKey":"BdZ74hQrt4Pu3vdc2ruL+jQxO9Vo6QK+Vhn1X8utXZsQ","baseKeyType":1,"closed":-1,"used":1721141197155,"created":1721128647152,"remoteIdentityKey":"BayJvB/VIYTF7YZiZtkxc0VN+LeJLv85pePCpTTAUFMg"},"_chains":{"BXxsDqi1YkAbZD/PybW6gFOz9m3MjXrDUBH7WSutR3AP":{"chainKey":{"counter":0,"key":"aMtLQ87dNANdVSRFTG4ZcGzw4NMunauhy1GS3PKyBHU="},"chainType":2,"messageKeys":{}},"Bd6oA/SWFXDcChjS9n08GzNUFxCkhjCLh6iubCyQPnZD":{"chainKey":{"counter":-1,"key":"pZPHjyCqsQ2BIYhmozbGYPzIRu+ADrAby4CN2qy3m+o="},"chainType":1,"messageKeys":{}}}}},"version":"v1"}