{"_sessions":{"BWkcNyWTT/or9SDA1H6YanUIUJ9/yfY4L/khSKNjnhoN":{"registrationId":1519626155,"currentRatchet":{"ephemeralKeyPair":{"pubKey":"BQtV7qBu+Jex5lejKn7sUcv0RlaqL3g5IewWVmZVFz5Z","privKey":"GLhJ1OC8HWlasTPQEAiY4KPV6Hgcb+AVcDNLI7MdZFw="},"lastRemoteEphemeralKey":"BViL/2QlCPHi3unMQN11l2KTIPS6iTFilmATNP7anWta","previousCounter":0,"rootKey":"QTAjjV8YrE6tLnchOR3hLHgdgrIz0dufXhe7drGzaGI="},"indexInfo":{"baseKey":"BWkcNyWTT/or9SDA1H6YanUIUJ9/yfY4L/khSKNjnhoN","baseKeyType":1,"closed":-1,"used":1721051171066,"created":1721051171066,"remoteIdentityKey":"BTrKKW/ZvhGrzFvvIVzRV+eLFiDK1l6y6GNqXnfVC7oF"},"_chains":{"BQtV7qBu+Jex5lejKn7sUcv0RlaqL3g5IewWVmZVFz5Z":{"chainKey":{"counter":130,"key":"t/w2ELyRq1ysj9DvWgWH/noxbZ/ASmiHKzmDIDvKwLw="},"chainType":1,"messageKeys":{}}},"pendingPreKey":{"signedKeyId":4,"baseKey":"BWkcNyWTT/or9SDA1H6YanUIUJ9/yfY4L/khSKNjnhoN","preKeyId":6794926}}},"version":"v1"}