{"_sessions":{"Bf9S7KJw3g4TukTQNydekwyKRgU6+GNeAYM+Ff2iFoRh":{"registrationId":2086666834,"currentRatchet":{"ephemeralKeyPair":{"pubKey":"BZ+Z4di5CfSO4wVW5+HFGb4dwL1kQ6IhJ01HMg8FpUkB","privKey":"KCxnHO5STFRQL8PfLbt+gMx6FtO+R+yQESb3qQHlAHU="},"lastRemoteEphemeralKey":"BdLZ9x+ib3tJXGAKqoKdDZ0NqQTiE9VOFybw0izSueNF","previousCounter":0,"rootKey":"XkC0HHy5ahJ+bGuHsj9J5m0KALvIrR5xR6gZNMzGXxQ="},"indexInfo":{"baseKey":"Bf9S7KJw3g4TukTQNydekwyKRgU6+GNeAYM+Ff2iFoRh","baseKeyType":1,"closed":-1,"used":1721051170877,"created":1721051170877,"remoteIdentityKey":"BQbuc8MXLejN/1AQArlxEQvCcy1VYE7+bs+1pg8t6fhu"},"_chains":{"BZ+Z4di5CfSO4wVW5+HFGb4dwL1kQ6IhJ01HMg8FpUkB":{"chainKey":{"counter":130,"key":"A+Kes43rNBhIDVo34o7WMHfT1oNeTEN4OMmeTcJWAho="},"chainType":1,"messageKeys":{}}},"pendingPreKey":{"signedKeyId":2,"baseKey":"Bf9S7KJw3g4TukTQNydekwyKRgU6+GNeAYM+Ff2iFoRh","preKeyId":12869103}}},"version":"v1"}