{"_sessions":{"BfdA48badUBzmFHJmOrmCatXkGbz2/gKKlim1xfQ5pcj":{"registrationId":2109864069,"currentRatchet":{"ephemeralKeyPair":{"pubKey":"BXhJGD7vbkIAEMuv2WsOq7pGkTNY/IeoI390IejEZzMW","privKey":"OAtb1bc5p8vnYxZrHaqWR+Mw0h57i2WIDIa1OgXSOVg="},"lastRemoteEphemeralKey":"BSiizuWrIMgY7ldIQl91PM/niKYipv2wE/nXgsbktrBH","previousCounter":0,"rootKey":"ZhIVipcqNRdHll3u4cDXXyycK4X7jGu7rGbAFUM9bNc="},"indexInfo":{"baseKey":"BfdA48badUBzmFHJmOrmCatXkGbz2/gKKlim1xfQ5pcj","baseKeyType":1,"closed":-1,"used":1721128645645,"created":1721128645645,"remoteIdentityKey":"BaUOiLoplub4RzjrWrnl57AZf+9Rj7SwyyK/e4nZUhFp"},"_chains":{"BXhJGD7vbkIAEMuv2WsOq7pGkTNY/IeoI390IejEZzMW":{"chainKey":{"counter":8,"key":"QR9Ye6ZEnlNhZdHAEg9iAULUEcI2gtHEM6/LsE/dvKI="},"chainType":1,"messageKeys":{}}},"pendingPreKey":{"signedKeyId":1,"baseKey":"BfdA48badUBzmFHJmOrmCatXkGbz2/gKKlim1xfQ5pcj","preKeyId":848}}},"version":"v1"}