{"_sessions":{"BbMVEQdFkCsxYZMNWEermdPnFKv4Qt3p3lCO4jF3ODQ+":{"registrationId":1205611763,"currentRatchet":{"ephemeralKeyPair":{"pubKey":"BTMeZjk7f14PATCOOmH7G59C4WdElA6GtownsYtvgusJ","privKey":"4AN+74eoVKlumaF1LHS5ESc7AbwYQSh/OAztb7VEckA="},"lastRemoteEphemeralKey":"BW8eieUIy8EiguJ2dkwMv1GVjD9fC+5SGGJgdK0nUNIp","previousCounter":0,"rootKey":"eG4Ve4liuCWbQ940PdRa9p+pwv4qb4PLlNF8UgBMRV0="},"indexInfo":{"baseKey":"BbMVEQdFkCsxYZMNWEermdPnFKv4Qt3p3lCO4jF3ODQ+","baseKeyType":1,"closed":-1,"used":1721059323148,"created":1721059323148,"remoteIdentityKey":"BU5D7VSG4f1tCI6A4UF0IsPwpeTk7z9bvhPD3AttWUZj"},"_chains":{"BTMeZjk7f14PATCOOmH7G59C4WdElA6GtownsYtvgusJ":{"chainKey":{"counter":10,"key":"3tY4JU4/Kwx5ewEA03nkglNYzXl4/Xjw2jAS7TTlAWs="},"chainType":1,"messageKeys":{}}},"pendingPreKey":{"signedKeyId":1,"baseKey":"BbMVEQdFkCsxYZMNWEermdPnFKv4Qt3p3lCO4jF3ODQ+","preKeyId":9208457}}},"version":"v1"}