{"_sessions":{"BdA0w1C1aJykCEIjvA6AUbGn+YYk5YC54zkff0/2llpM":{"registrationId":740806546,"currentRatchet":{"ephemeralKeyPair":{"pubKey":"BbEwadN2/49zGZgcoet2NpIHT1jtoHQyP2hnoKfk/HMI","privKey":"sAhiUsemeO4CgbtkvLwbo0/xJYO7dnVdxk6eE5+2nVA="},"lastRemoteEphemeralKey":"BbaWz6pwsNikQ0mdEc6+Hej3a4PKaBJSKAOtvZ41vYYe","previousCounter":0,"rootKey":"qGx+KCis6bqoHdMjhXnjfz0QRRaizRrS8DmqUXfTq2I="},"indexInfo":{"baseKey":"BdA0w1C1aJykCEIjvA6AUbGn+YYk5YC54zkff0/2llpM","baseKeyType":1,"closed":-1,"used":1721051170755,"created":1721051170755,"remoteIdentityKey":"BXkFOszP56GDEwN3ndqCHM6UrR1t09RDJ8gogc5Da4w4"},"_chains":{"BbEwadN2/49zGZgcoet2NpIHT1jtoHQyP2hnoKfk/HMI":{"chainKey":{"counter":130,"key":"2TZMhovfHZWvGWIVUTIAG/YAbJ7Uwx/R4JiGwm26klM="},"chainType":1,"messageKeys":{}}},"pendingPreKey":{"signedKeyId":7,"baseKey":"BdA0w1C1aJykCEIjvA6AUbGn+YYk5YC54zkff0/2llpM","preKeyId":3915983}}},"version":"v1"}