{"_sessions":{"BXWtEoG+AZdB/oor6HtmYKDbd+wK73hVFbFerpkdQ4gn":{"registrationId":520951754,"currentRatchet":{"ephemeralKeyPair":{"pubKey":"BYGjN9X/xxoRhGEeDvmZdc71HZlVpZUcyP7IZWkT/1Bu","privKey":"yLGNx2LkWzIf6TULDgHQ+dha4JHMCHeOk4Y7qCZPg34="},"lastRemoteEphemeralKey":"BVZZuMN52YsHwh/qwY6kJHJaEoLj1p3QUEasOz0zj8Ux","previousCounter":0,"rootKey":"VrOo59yQJnkUja/9mlc+AfdrieXDy7dYq07nuVtwa74="},"indexInfo":{"baseKey":"BXWtEoG+AZdB/oor6HtmYKDbd+wK73hVFbFerpkdQ4gn","baseKeyType":1,"closed":-1,"used":1721139462823,"created":1721139462823,"remoteIdentityKey":"BfaZNKQ9vpbsBnPm3bFCfztjNBai8OoscCPFlhIjIdkW"},"_chains":{"BYGjN9X/xxoRhGEeDvmZdc71HZlVpZUcyP7IZWkT/1Bu":{"chainKey":{"counter":49,"key":"Jki/Y7XmQjzWoG8CbsT3uNgs1APfkZpRj+t0Vtycl6A="},"chainType":1,"messageKeys":{}}},"pendingPreKey":{"signedKeyId":1,"baseKey":"BXWtEoG+AZdB/oor6HtmYKDbd+wK73hVFbFerpkdQ4gn","preKeyId":14981925}}},"version":"v1"}