{"_sessions":{"BR8CwQlqGuwTTGckldu3Bmc68cp5/AVe5cl8FqsZbHg2":{"registrationId":1226984928,"currentRatchet":{"ephemeralKeyPair":{"pubKey":"BVU7pRgaTo6DnlZvDOrDsNarv4dXgiCW6iqaY6jBGMUq","privKey":"EBoHQiBoXmT/q9uLRuhtqz79iBy6lwkQkWUinvw581I="},"lastRemoteEphemeralKey":"BWDeYgcmuI02VAEoU8Ac5hYSS/rajnw8qpF/V9vALrwl","previousCounter":84,"rootKey":"MvjcH5UTYIk4lFYaBS8av+3M54EXJ1WkkTMhBfcJeh0="},"indexInfo":{"baseKey":"BR8CwQlqGuwTTGckldu3Bmc68cp5/AVe5cl8FqsZbHg2","baseKeyType":1,"closed":-1,"used":1721157566301,"created":1721051170568,"remoteIdentityKey":"BQXzUZDyWDhOkfulc6HhOcPxdHzuTKTreP8xEWV2x+AA"},"_chains":{"BapQhvfr1+IYPxo16bOw6pVmSHTfdfWhdsr51XsOXA5w":{"chainKey":{"counter":0},"chainType":2,"messageKeys":{}},"BWDeYgcmuI02VAEoU8Ac5hYSS/rajnw8qpF/V9vALrwl":{"chainKey":{"counter":0,"key":"qAQHgIo9N+Htcx5OhQUJIzioMAO71n2acNBHrfz8GNE="},"chainType":2,"messageKeys":{}},"BVU7pRgaTo6DnlZvDOrDsNarv4dXgiCW6iqaY6jBGMUq":{"chainKey":{"counter":-1,"key":"8/WPj3jLnbfcsP6NHNDMgSgj/NG77oEXZHZsPogCLqU="},"chainType":1,"messageKeys":{}}}}},"version":"v1"}