{"_sessions":{"BRmp0/iNs4N2Qzji8gSVavSVYhMhMHypdeRcqRk67th/":{"registrationId":4913,"currentRatchet":{"ephemeralKeyPair":{"pubKey":"BTunOKbQYsuc3BecI0UQDLcgWaSYuMZ/3QBHMJx7fzUo","privKey":"YITpkP4BoXV0zB3eUx1lMWqEuZmTJR3WJ9C+NTLA41E="},"lastRemoteEphemeralKey":"BYoOebvqCUu3tL4SvQARvnBooG39hmFrU5fBWRxWnKNC","previousCounter":0,"rootKey":"ZTfOC+PbqWhrQXduSrhTRJlE0hzwvCa0DyYO9o1UKjE="},"indexInfo":{"baseKey":"BRmp0/iNs4N2Qzji8gSVavSVYhMhMHypdeRcqRk67th/","baseKeyType":1,"closed":-1,"used":1721051170357,"created":1721051170357,"remoteIdentityKey":"BU0HMSS84DlRNOzh3IG+Lyk2j5+op2vTr0vlmwAOWjIh"},"_chains":{"BTunOKbQYsuc3BecI0UQDLcgWaSYuMZ/3QBHMJx7fzUo":{"chainKey":{"counter":130,"key":"xaVFz/E+eNefla0QJFj80qUiLKZv/lxnNbvptuQ1d/Y="},"chainType":1,"messageKeys":{}}},"pendingPreKey":{"signedKeyId":1,"baseKey":"BRmp0/iNs4N2Qzji8gSVavSVYhMhMHypdeRcqRk67th/"}}},"version":"v1"}