{"_sessions":{"BREm2wr9+23ND7Mj+0J9XU7Dvpx6jiSdVszkZ1rjtv9D":{"registrationId":769889349,"currentRatchet":{"ephemeralKeyPair":{"pubKey":"BaGSU8Yh9V3DeVqpAQaa/hOg4VkQnjpKh0HN8oFLtl88","privKey":"2EFTBYYXEnZkyigBPh98roPcRVU6/JGOvrT69aaz+mY="},"lastRemoteEphemeralKey":"BfrUZ5URwIaXagjMxRf1vr6r8NCZzIMLEWUmnQ5jq54g","previousCounter":0,"rootKey":"aqmlH+93FpPnd803v+2/5OzlZqxFjgZjxsW8KSlBwT0="},"indexInfo":{"baseKey":"BREm2wr9+23ND7Mj+0J9XU7Dvpx6jiSdVszkZ1rjtv9D","baseKeyType":1,"closed":-1,"used":1721051170742,"created":1721051170742,"remoteIdentityKey":"BfqtYpezyRy6viyNO7ksht7HsWxfZ0cyTuNMYDry7PcX"},"_chains":{"BaGSU8Yh9V3DeVqpAQaa/hOg4VkQnjpKh0HN8oFLtl88":{"chainKey":{"counter":132,"key":"os/ljv7aMDmW9dE5wHHMGs1OSa2k30WswpjmwgVqPAg="},"chainType":1,"messageKeys":{}}},"pendingPreKey":{"signedKeyId":8,"baseKey":"BREm2wr9+23ND7Mj+0J9XU7Dvpx6jiSdVszkZ1rjtv9D","preKeyId":5423485}}},"version":"v1"}