{"_sessions":{"BUdHKQKsqg4RBmg/eWDUWcGQYr2jIAbpA8qmnYDH+687":{"registrationId":103825630,"currentRatchet":{"ephemeralKeyPair":{"pubKey":"BZ06XhyToSx9OTAcOPe9mjDe0dD11C7xziyICMAhzBFC","privKey":"kLlh1TM2gHBSDDM8y7WA/+aySAcSRoOroxSswl9RRW4="},"lastRemoteEphemeralKey":"BcDa5uLovxdZkYA+FtVWiB6gGjUsiW2zOmrPNwdWoTch","previousCounter":0,"rootKey":"xGzO0FCNUUzxSzHgxKsNbGcN+hM7tIk1wT6jROrxuQ8="},"indexInfo":{"baseKey":"BUdHKQKsqg4RBmg/eWDUWcGQYr2jIAbpA8qmnYDH+687","baseKeyType":1,"closed":-1,"used":1721051170473,"created":1721051170473,"remoteIdentityKey":"BQmUNXMtYM7qiJnQeuQ7ZuXdoBQjeFYyUnl8e6EZr8gB"},"_chains":{"BZ06XhyToSx9OTAcOPe9mjDe0dD11C7xziyICMAhzBFC":{"chainKey":{"counter":130,"key":"DjHUf5ejDj7YRT3xWC50rpYPZ2C96mSsSXXZtmLPk+I="},"chainType":1,"messageKeys":{}}},"pendingPreKey":{"signedKeyId":10,"baseKey":"BUdHKQKsqg4RBmg/eWDUWcGQYr2jIAbpA8qmnYDH+687","preKeyId":6776260}}},"version":"v1"}