{"_sessions":{"BfvwGLLdDQJqQ+vh3BBQbhbDvJtH1vg8SxmCbgjifywe":{"registrationId":1741684737,"currentRatchet":{"ephemeralKeyPair":{"pubKey":"BZLBJYVqL2limgi5itm2Kd1o4GkZ6aPDEgUrKrGXxlJq","privKey":"YERlWOzNhrC2xvb/HXzMD8O/DMcKxakdjGigFH5WlEM="},"lastRemoteEphemeralKey":"BbHP5m1LPsPMWFTuHzayle9GRNg24Jd8VUN4dJjA7Q59","previousCounter":0,"rootKey":"b8T5Zx1eDD7F1ysoxHkK5bN9jOBdQ/6H5K2xzF8B1G4="},"indexInfo":{"baseKey":"BfvwGLLdDQJqQ+vh3BBQbhbDvJtH1vg8SxmCbgjifywe","baseKeyType":1,"closed":-1,"used":1721051170462,"created":1721051170462,"remoteIdentityKey":"BbWljV2c/bsQbq3EPb4sdNzbAMeJPSENBDh39sGgJ7Je"},"_chains":{"BZLBJYVqL2limgi5itm2Kd1o4GkZ6aPDEgUrKrGXxlJq":{"chainKey":{"counter":131,"key":"+LVftJKHJ1h0IR9jLSkUNiYodNPHROwtWT80NJN4854="},"chainType":1,"messageKeys":{}}},"pendingPreKey":{"signedKeyId":0,"baseKey":"BfvwGLLdDQJqQ+vh3BBQbhbDvJtH1vg8SxmCbgjifywe","preKeyId":11864681}}},"version":"v1"}