{"_sessions":{"BQM8fMOc5T+5VmsgSRAcfLTVVhXP6Vw91Hg5J9vOz+Vh":{"registrationId":46110907,"currentRatchet":{"ephemeralKeyPair":{"pubKey":"BcEwAk53gb4oywR8/QBoIgn8c3ahKnCaotNpapxcIGIs","privKey":"SMq8tLdV/on3RAMDekhlInD25d0p5tI5HuX24Gke70w="},"lastRemoteEphemeralKey":"Bc0pzTSaTMZ6WjKesswo8zf0fXJuQpemWDfYDI891swy","previousCounter":0,"rootKey":"wnb0nGLvfhsgsVq0MW3R/9aisn6M4zOi/6fPJ9coBOA="},"indexInfo":{"baseKey":"BQM8fMOc5T+5VmsgSRAcfLTVVhXP6Vw91Hg5J9vOz+Vh","baseKeyType":1,"closed":-1,"used":1721061609822,"created":1721061609822,"remoteIdentityKey":"BUMhKpC/DQgq510jqwGs+c7Jg+NJSE9NwTJf1ehw/3F2"},"_chains":{"BcEwAk53gb4oywR8/QBoIgn8c3ahKnCaotNpapxcIGIs":{"chainKey":{"counter":4,"key":"uFd+zanaiyPFiMbbtH0SmyqAZW26auPAZdp971oe2Lg="},"chainType":1,"messageKeys":{}}},"pendingPreKey":{"signedKeyId":4,"baseKey":"BQM8fMOc5T+5VmsgSRAcfLTVVhXP6Vw91Hg5J9vOz+Vh","preKeyId":16758642}}},"version":"v1"}