{"_sessions":{"Be/bhieSmEgGP6KBjgF6WXDkxc6yzZeEOSQZWG+R6vcH":{"registrationId":1569742399,"currentRatchet":{"ephemeralKeyPair":{"pubKey":"BYZFcKwV6542/xC8GVIVpC8u63pM4uC4MKT9CvYFwO54","privKey":"2I+IIhA6Z0xGSgUiZL6OoDlS2IAa6WNMXNRtP2PBHV8="},"lastRemoteEphemeralKey":"BUG/oKezjU62ItPfaJ1FIctmFvWzQEr8s7RTw49S0ek7","previousCounter":0,"rootKey":"R67RJaD2EuKZwrsk23SCjNjsSuYRycysfBkNODtAT8g="},"indexInfo":{"baseKey":"Be/bhieSmEgGP6KBjgF6WXDkxc6yzZeEOSQZWG+R6vcH","baseKeyType":1,"closed":-1,"used":1721069705543,"created":1721069705543,"remoteIdentityKey":"BYZHZRzLcDrs2oAVIZ2NYckx1LAuvDg0kbOXM26oJgNU"},"_chains":{"BYZFcKwV6542/xC8GVIVpC8u63pM4uC4MKT9CvYFwO54":{"chainKey":{"counter":0,"key":"cR2mkz8T6MeOimVehkCNksPBwYm6KV/SZ1nLuDoJn8A="},"chainType":1,"messageKeys":{}}},"pendingPreKey":{"signedKeyId":1,"baseKey":"Be/bhieSmEgGP6KBjgF6WXDkxc6yzZeEOSQZWG+R6vcH","preKeyId":16075101}}},"version":"v1"}