{"_sessions":{"BdMtzRpidOkbwxX+/QpaEbwgOz2/mh7xQuM+9nQNmax3":{"registrationId":152525832,"currentRatchet":{"ephemeralKeyPair":{"pubKey":"BfTHtQ0h4wF1LFl6q6TzvlssphImYcFSeG9Psbix8h4Y","privKey":"UA2shAXQlFz2q7jJG89JFiGyih5FY+VJBjm7OiYJ22c="},"lastRemoteEphemeralKey":"BaIfXhXEsQNR8VJ3EakFTr8iM46Y3B7wYNRxvU8H/ucw","previousCounter":0,"rootKey":"pS7F3L4dHnmCcKDs+oMIfrYeUbT6XsPqGA+zB5YYAKk="},"indexInfo":{"baseKey":"BdMtzRpidOkbwxX+/QpaEbwgOz2/mh7xQuM+9nQNmax3","baseKeyType":1,"closed":-1,"used":1721069705569,"created":1721069705569,"remoteIdentityKey":"Bfid6cKhBZZdcluC7JjtXbNzE6JrlhTzSzykykgP5uAs"},"_chains":{"BfTHtQ0h4wF1LFl6q6TzvlssphImYcFSeG9Psbix8h4Y":{"chainKey":{"counter":0,"key":"pkJxHvJfrW5oFOEgLYkpKYvTuL+wLgoAkYpR7b4y8o4="},"chainType":1,"messageKeys":{}}},"pendingPreKey":{"signedKeyId":0,"baseKey":"BdMtzRpidOkbwxX+/QpaEbwgOz2/mh7xQuM+9nQNmax3","preKeyId":9719696}}},"version":"v1"}