{"_sessions":{"BQZS8AGUQnYeC3m/+0qbmFPOSgTvUDW+r07YXlKxLBcm":{"registrationId":142,"currentRatchet":{"ephemeralKeyPair":{"pubKey":"BYH14Q+Bgzte6qXJotwXaCuapSMIidnxZuW1vdF+z1Yw","privKey":"QJWm7dD5IOPGseW+tXcpdIkTd+DtJFDhbEgD+RObvkQ="},"lastRemoteEphemeralKey":"BUhWS/2f2mVdtMJlJ/3TxntVQurPTP1xnq6Hl2s1nWN+","previousCounter":0,"rootKey":"3Cb6/L4AATUc/YOBP8uuK6umaRI3VhScAVxagP23A+I="},"indexInfo":{"baseKey":"BQZS8AGUQnYeC3m/+0qbmFPOSgTvUDW+r07YXlKxLBcm","baseKeyType":1,"closed":-1,"used":1721130583563,"created":1721130583563,"remoteIdentityKey":"BQKwGJ7w9uU2Ic+yIOYWdox9WtdmIJrxgrIksE2bIOJa"},"_chains":{"BYH14Q+Bgzte6qXJotwXaCuapSMIidnxZuW1vdF+z1Yw":{"chainKey":{"counter":83,"key":"JxWZGPppgxIQEW99wmxvP8AH8eQhcnH4MX9EdaYHGkU="},"chainType":1,"messageKeys":{}}},"pendingPreKey":{"signedKeyId":1,"baseKey":"BQZS8AGUQnYeC3m/+0qbmFPOSgTvUDW+r07YXlKxLBcm"}}},"version":"v1"}