{"_sessions":{"BX3FUaB/anb5yXd2pIZtPcedanszeuK0u3eWzJc5Ih85":{"registrationId":76,"currentRatchet":{"ephemeralKeyPair":{"pubKey":"BTU57bsHad4sbMYEvD0+ckCIHYEfeWeu5cmgFWVxAgVI","privKey":"0II5/AorBbTSg2pbtVWTJuM5BIBt042hj595+EzXREI="},"lastRemoteEphemeralKey":"BZmrq5lthgxgsrTK8PV8dWYC/vEvVttpcVSI4zC/FXE0","previousCounter":0,"rootKey":"tXgo5Rca1nQIPVKZnbPDN/WS7SsT4I+PqJl6RgUPTF8="},"indexInfo":{"baseKey":"BX3FUaB/anb5yXd2pIZtPcedanszeuK0u3eWzJc5Ih85","baseKeyType":1,"closed":1721133475637,"used":1721133451891,"created":1721133451891,"remoteIdentityKey":"BdCvovPjEsKIkrMLiti9ZAuUgWK1jP2JSn83FDBnBLsJ"},"_chains":{"BTU57bsHad4sbMYEvD0+ckCIHYEfeWeu5cmgFWVxAgVI":{"chainKey":{"counter":1,"key":"cIldt2TbsGpr6x3j/1iGhBxFPakKtv0Kd1FqmXqjbdk="},"chainType":1,"messageKeys":{}}},"pendingPreKey":{"signedKeyId":1,"baseKey":"BX3FUaB/anb5yXd2pIZtPcedanszeuK0u3eWzJc5Ih85","preKeyId":11}},"BdCsGhVyvhF4DaJyNP9uod7tDWfPc6Nr+yiJod3TS9oQ":{"registrationId":76,"currentRatchet":{"ephemeralKeyPair":{"pubKey":"BS34457LC353X+Oiv5utGtqnsII3xJU+i9LyMBX5yH1J","privKey":"6MmVb7jUWpK4t8ldWN7P2J3BRrj7WvYvdjqrhjIbdX0="},"lastRemoteEphemeralKey":"BZmrq5lthgxgsrTK8PV8dWYC/vEvVttpcVSI4zC/FXE0","previousCounter":0,"rootKey":"QaOxktavFo8Iy8+IvAGQ6dAwgtgTRQxVUn1LaTVVOv4="},"indexInfo":{"baseKey":"BdCsGhVyvhF4DaJyNP9uod7tDWfPc6Nr+yiJod3TS9oQ","baseKeyType":1,"closed":1721133487387,"used":1721133475589,"created":1721133475589,"remoteIdentityKey":"BdCvovPjEsKIkrMLiti9ZAuUgWK1jP2JSn83FDBnBLsJ"},"_chains":{"BS34457LC353X+Oiv5utGtqnsII3xJU+i9LyMBX5yH1J":{"chainKey":{"counter":0,"key":"ChS35KZ3zown3GPwtSkbBSl+0Hz9Q6C9d5uxkH4f2sg="},"chainType":1,"messageKeys":{}}},"pendingPreKey":{"signedKeyId":1,"baseKey":"BdCsGhVyvhF4DaJyNP9uod7tDWfPc6Nr+yiJod3TS9oQ","preKeyId":19}},"BX2wH6T6NgHmf+N7+tIp8B45QcsJcK2uB+lQTXujurt7":{"registrationId":76,"currentRatchet":{"ephemeralKeyPair":{"pubKey":"BbMZ4JCCqWJq+m/7iKBl43xpW4tn86f52BTWetivB9d5","privKey":"0BlaCr/0LX/FUINN3t/YEvjTLrep0+/tNok9M9G9m34="},"lastRemoteEphemeralKey":"BZmrq5lthgxgsrTK8PV8dWYC/vEvVttpcVSI4zC/FXE0","previousCounter":0,"rootKey":"5ejgLUM1WHAkWTyZUuvOEI+immKpD12eTJMq25HR98Q="},"indexInfo":{"baseKey":"BX2wH6T6NgHmf+N7+tIp8B45QcsJcK2uB+lQTXujurt7","baseKeyType":1,"closed":1721133507504,"used":1721133487384,"created":1721133487384,"remoteIdentityKey":"BdCvovPjEsKIkrMLiti9ZAuUgWK1jP2JSn83FDBnBLsJ"},"_chains":{"BbMZ4JCCqWJq+m/7iKBl43xpW4tn86f52BTWetivB9d5":{"chainKey":{"counter":0,"key":"4H7WZtSD7JTp6ghpXKyXP63bv0UGf+bCybmmqZQQpu0="},"chainType":1,"messageKeys":{}}},"pendingPreKey":{"signedKeyId":1,"baseKey":"BX2wH6T6NgHmf+N7+tIp8B45QcsJcK2uB+lQTXujurt7","preKeyId":9}},"BZhc9hoVWtU4ntPzM8iPKfc2E2LvCvTnXMxqUnu016xM":{"registrationId":76,"currentRatchet":{"ephemeralKeyPair":{"pubKey":"BaJFz/SvDH8+PH8XM5hqfFOJknVtSrFFfSGlLX0dNtBf","privKey":"SAJsTK01eBVM7lJGVjB0dYf+If87QWMUTNrNaR3Wflk="},"lastRemoteEphemeralKey":"BZmrq5lthgxgsrTK8PV8dWYC/vEvVttpcVSI4zC/FXE0","previousCounter":0,"rootKey":"3h/rGT2XwkbyAe1QM7AiMSMb7ctdq0C6PCZgxA4fnY0="},"indexInfo":{"baseKey":"BZhc9hoVWtU4ntPzM8iPKfc2E2LvCvTnXMxqUnu016xM","baseKeyType":1,"closed":1721133508778,"used":1721133507502,"created":1721133507502,"remoteIdentityKey":"BdCvovPjEsKIkrMLiti9ZAuUgWK1jP2JSn83FDBnBLsJ"},"_chains":{"BaJFz/SvDH8+PH8XM5hqfFOJknVtSrFFfSGlLX0dNtBf":{"chainKey":{"counter":0,"key":"4NuF2U8z6kKaCyOzm+ZVS59WKxp2J73GvSUwfxmALRY="},"chainType":1,"messageKeys":{}}},"pendingPreKey":{"signedKeyId":1,"baseKey":"BZhc9hoVWtU4ntPzM8iPKfc2E2LvCvTnXMxqUnu016xM","preKeyId":2}},"BdNUdnomYyohNeIqEwfyEXwaJB6FqlDD+GlzDXP3Afts":{"registrationId":76,"currentRatchet":{"ephemeralKeyPair":{"pubKey":"BWUcHyeAKgat03ESarrTLBTnyKFhATVAQJzlVB3qgRdl","privKey":"IDOMgM08mlNyWdxecg0EiolkZcb+wfYXcIhueIlqfWc="},"lastRemoteEphemeralKey":"BZmrq5lthgxgsrTK8PV8dWYC/vEvVttpcVSI4zC/FXE0","previousCounter":0,"rootKey":"qyDQNWmb2mSAIZSeHgNJJLa1T9JLiVIAg0RlAwiEgGM="},"indexInfo":{"baseKey":"BdNUdnomYyohNeIqEwfyEXwaJB6FqlDD+GlzDXP3Afts","baseKeyType":1,"closed":1721133520965,"used":1721133508775,"created":1721133508775,"remoteIdentityKey":"BdCvovPjEsKIkrMLiti9ZAuUgWK1jP2JSn83FDBnBLsJ"},"_chains":{"BWUcHyeAKgat03ESarrTLBTnyKFhATVAQJzlVB3qgRdl":{"chainKey":{"counter":0,"key":"DKksWLdEdoWafCBJhECVjdCS+mVE0n7abq8qUoYzp/Y="},"chainType":1,"messageKeys":{}}},"pendingPreKey":{"signedKeyId":1,"baseKey":"BdNUdnomYyohNeIqEwfyEXwaJB6FqlDD+GlzDXP3Afts","preKeyId":27}},"BV5irkhUfUbOfs300uiEjUjXz2KZLWW6XZ3Xrstl5JQ4":{"registrationId":76,"currentRatchet":{"ephemeralKeyPair":{"pubKey":"Bdt/xCmG90P69WPvNrsz/vCsYhZuD9V4KB4/vPcI0eES","privKey":"qJs/gAQoAagRqztjBaZXJo0eoF4jmwOHFjAwL2tzeHY="},"lastRemoteEphemeralKey":"BZmrq5lthgxgsrTK8PV8dWYC/vEvVttpcVSI4zC/FXE0","previousCounter":0,"rootKey":"AHSGOaldTobBJa6GomeSY5DOr0bsfs6S/eltJFGG6i0="},"indexInfo":{"baseKey":"BV5irkhUfUbOfs300uiEjUjXz2KZLWW6XZ3Xrstl5JQ4","baseKeyType":1,"closed":1721133525734,"used":1721133520962,"created":1721133520962,"remoteIdentityKey":"BdCvovPjEsKIkrMLiti9ZAuUgWK1jP2JSn83FDBnBLsJ"},"_chains":{"Bdt/xCmG90P69WPvNrsz/vCsYhZuD9V4KB4/vPcI0eES":{"chainKey":{"counter":0,"key":"L9LXtp0QZi43Oa/mHasVLQXdfI73LX/D36Cf7vY1sWg="},"chainType":1,"messageKeys":{}}},"pendingPreKey":{"signedKeyId":1,"baseKey":"BV5irkhUfUbOfs300uiEjUjXz2KZLWW6XZ3Xrstl5JQ4","preKeyId":1}},"BZyGSkrWSifppIfItSGO7mRuePLh2GZFR9lx5eIfKqRY":{"registrationId":76,"currentRatchet":{"ephemeralKeyPair":{"pubKey":"BVDuPsngvhbEIAy4KUca9JcE8re9nbjMLvBnkEXT+dE0","privKey":"SDluRkUHr63644skrEmRdnql9ph8wheNaY2G4d+hcXI="},"lastRemoteEphemeralKey":"BZmrq5lthgxgsrTK8PV8dWYC/vEvVttpcVSI4zC/FXE0","previousCounter":0,"rootKey":"aNzKroAaibg1swcp67kwrTLp1+2dMfg/GFLw06Awlb8="},"indexInfo":{"baseKey":"BZyGSkrWSifppIfItSGO7mRuePLh2GZFR9lx5eIfKqRY","baseKeyType":1,"closed":1721133526856,"used":1721133525732,"created":1721133525732,"remoteIdentityKey":"BdCvovPjEsKIkrMLiti9ZAuUgWK1jP2JSn83FDBnBLsJ"},"_chains":{"BVDuPsngvhbEIAy4KUca9JcE8re9nbjMLvBnkEXT+dE0":{"chainKey":{"counter":0,"key":"EAp0N9B6F5/yZgN3w0Ut/iyUiUgqwrw5VpZWH/+jcEE="},"chainType":1,"messageKeys":{}}},"pendingPreKey":{"signedKeyId":1,"baseKey":"BZyGSkrWSifppIfItSGO7mRuePLh2GZFR9lx5eIfKqRY","preKeyId":17}},"Bar210JCFTYRqEJOnan4F1W2HvGHMDBph7Bt/qI8/qsn":{"registrationId":76,"currentRatchet":{"ephemeralKeyPair":{"pubKey":"BUaFls8SStsbMeYDCKUKofjA01afjNg/0VGH25lHW9Uq","privKey":"sBR/SoCbdy9CytmLDPrpwdpnURzF/2WcQMhp0PXCB0E="},"lastRemoteEphemeralKey":"BZmrq5lthgxgsrTK8PV8dWYC/vEvVttpcVSI4zC/FXE0","previousCounter":0,"rootKey":"92wgkZoIYQTDV5Q9Jw6LCEQydmVw53bFyuyHGFoP5O4="},"indexInfo":{"baseKey":"Bar210JCFTYRqEJOnan4F1W2HvGHMDBph7Bt/qI8/qsn","baseKeyType":1,"closed":1721133533952,"used":1721133526853,"created":1721133526853,"remoteIdentityKey":"BdCvovPjEsKIkrMLiti9ZAuUgWK1jP2JSn83FDBnBLsJ"},"_chains":{"BUaFls8SStsbMeYDCKUKofjA01afjNg/0VGH25lHW9Uq":{"chainKey":{"counter":0,"key":"kRtUWTeGjfs+h98+TO7K3IfsnK+c4vxTSKFDPrA8pQs="},"chainType":1,"messageKeys":{}}},"pendingPreKey":{"signedKeyId":1,"baseKey":"Bar210JCFTYRqEJOnan4F1W2HvGHMDBph7Bt/qI8/qsn","preKeyId":24}},"Bf6hv3d6D1LWke0wvBqsLyQxlwGFy8eu21J2AV2Zo2YX":{"registrationId":76,"currentRatchet":{"ephemeralKeyPair":{"pubKey":"BaYJQ+/Z0oTxs/lrNN1U6NyAEUfGjJAZI0ivUm/ph1Yx","privKey":"QFx+PoQSIXGC7uJ4oybsPbv14aEeQ5VVICKyvO50lUY="},"lastRemoteEphemeralKey":"BZmrq5lthgxgsrTK8PV8dWYC/vEvVttpcVSI4zC/FXE0","previousCounter":0,"rootKey":"2RreiTIlgxa0cza67MXpL/nx5dpACtxpucZ3gYXSmas="},"indexInfo":{"baseKey":"Bf6hv3d6D1LWke0wvBqsLyQxlwGFy8eu21J2AV2Zo2YX","baseKeyType":1,"closed":1721133546640,"used":1721133533950,"created":1721133533950,"remoteIdentityKey":"BdCvovPjEsKIkrMLiti9ZAuUgWK1jP2JSn83FDBnBLsJ"},"_chains":{"BaYJQ+/Z0oTxs/lrNN1U6NyAEUfGjJAZI0ivUm/ph1Yx":{"chainKey":{"counter":0,"key":"u6Avgbuz8HBzzhevj6dZQRHs1pHihsaapzBvC4T20/A="},"chainType":1,"messageKeys":{}}},"pendingPreKey":{"signedKeyId":1,"baseKey":"Bf6hv3d6D1LWke0wvBqsLyQxlwGFy8eu21J2AV2Zo2YX","preKeyId":5}},"Bdq0uZqSfPgSuDu0xALzgTDkbaDty7N41TXX8ZABOGod":{"registrationId":76,"currentRatchet":{"ephemeralKeyPair":{"pubKey":"BTBgtpNixMny4kBq2KekTSUeYtaoCeHdbnE8IWFh05Bd","privKey":"qFsvG9cZkuYpsgeyFjSv57XmfIkjqquDgKA/QiYJeXA="},"lastRemoteEphemeralKey":"BZmrq5lthgxgsrTK8PV8dWYC/vEvVttpcVSI4zC/FXE0","previousCounter":0,"rootKey":"SzD18LlfMloqV5fDqdzSYCk7+YJPWbOf7OMBLIv4knQ="},"indexInfo":{"baseKey":"Bdq0uZqSfPgSuDu0xALzgTDkbaDty7N41TXX8ZABOGod","baseKeyType":1,"closed":1721133558740,"used":1721133546634,"created":1721133546634,"remoteIdentityKey":"BdCvovPjEsKIkrMLiti9ZAuUgWK1jP2JSn83FDBnBLsJ"},"_chains":{"BTBgtpNixMny4kBq2KekTSUeYtaoCeHdbnE8IWFh05Bd":{"chainKey":{"counter":0,"key":"6g5HYr/ZI6c3jnXV+x+kRLFAHmpdjmPWIV8mT3MwF4g="},"chainType":1,"messageKeys":{}}},"pendingPreKey":{"signedKeyId":1,"baseKey":"Bdq0uZqSfPgSuDu0xALzgTDkbaDty7N41TXX8ZABOGod","preKeyId":22}},"Bd1KD2j89nbz4sxCet06DHQRSiVftCkzz44EqwvmLPZq":{"registrationId":76,"currentRatchet":{"ephemeralKeyPair":{"pubKey":"BdXZuagajybtivfLTyLBPNwLHVDOvMB360AFpyn8mFpG","privKey":"SJr+HDIk8DPMCgBt/P1wWS0m7PNcaotvuOxtscyWiVs="},"lastRemoteEphemeralKey":"BZmrq5lthgxgsrTK8PV8dWYC/vEvVttpcVSI4zC/FXE0","previousCounter":0,"rootKey":"MF1oXlfcXdNDjtSUAyWjE3ppHsC7KlnkZmeGRtT2nC0="},"indexInfo":{"baseKey":"Bd1KD2j89nbz4sxCet06DHQRSiVftCkzz44EqwvmLPZq","baseKeyType":1,"closed":1721133664459,"used":1721133558738,"created":1721133558738,"remoteIdentityKey":"BdCvovPjEsKIkrMLiti9ZAuUgWK1jP2JSn83FDBnBLsJ"},"_chains":{"BdXZuagajybtivfLTyLBPNwLHVDOvMB360AFpyn8mFpG":{"chainKey":{"counter":0,"key":"y8wI5TG3iSOCpq5ijZMklIlxZypiKlCPPFZ9Fs2LryM="},"chainType":1,"messageKeys":{}}},"pendingPreKey":{"signedKeyId":1,"baseKey":"Bd1KD2j89nbz4sxCet06DHQRSiVftCkzz44EqwvmLPZq","preKeyId":3}},"Bev9MF5IfsV5QA1zjShJrM/+Vfqv7pFa/4Z11BeQg8gf":{"registrationId":76,"currentRatchet":{"ephemeralKeyPair":{"pubKey":"BQqc/PtrakdDCWh/CZFVjR+s7ZAcnHehZx5ZPXkqMCVP","privKey":"aKEZ3/0iyQS0VE5X9H3Gkt3e+7qWPRD7vtNL+zt5PFU="},"lastRemoteEphemeralKey":"BZmrq5lthgxgsrTK8PV8dWYC/vEvVttpcVSI4zC/FXE0","previousCounter":0,"rootKey":"9ksT2HmeQiHU4IcbRP1nv7b2XaOXqMeCq4U0xG0NddM="},"indexInfo":{"baseKey":"Bev9MF5IfsV5QA1zjShJrM/+Vfqv7pFa/4Z11BeQg8gf","baseKeyType":1,"closed":1721133665650,"used":1721133664455,"created":1721133664455,"remoteIdentityKey":"BdCvovPjEsKIkrMLiti9ZAuUgWK1jP2JSn83FDBnBLsJ"},"_chains":{"BQqc/PtrakdDCWh/CZFVjR+s7ZAcnHehZx5ZPXkqMCVP":{"chainKey":{"counter":0,"key":"/Bgcjfj36lmq+yVcNuEqtUlt8gyoJBIhF5cugSeoJgQ="},"chainType":1,"messageKeys":{}}},"pendingPreKey":{"signedKeyId":1,"baseKey":"Bev9MF5IfsV5QA1zjShJrM/+Vfqv7pFa/4Z11BeQg8gf","preKeyId":44}},"BYq343d9acy0z/OCQaLzATE1iB2BnCltwYcgk0j/sGtS":{"registrationId":76,"currentRatchet":{"ephemeralKeyPair":{"pubKey":"BTGeJnq6m3fo1bZ7YWK6h8kAiHgkP6WCHQo4s001hchM","privKey":"0CnsIX81stf5MMohO81wZ70ZpFkNli9I+VuQbFes+H0="},"lastRemoteEphemeralKey":"BZmrq5lthgxgsrTK8PV8dWYC/vEvVttpcVSI4zC/FXE0","previousCounter":0,"rootKey":"fi37Ud3wEAeO6m/6PsvawMsqfMmCeCSqf9e4X979+UI="},"indexInfo":{"baseKey":"BYq343d9acy0z/OCQaLzATE1iB2BnCltwYcgk0j/sGtS","baseKeyType":1,"closed":1721133666808,"used":1721133665649,"created":1721133665649,"remoteIdentityKey":"BdCvovPjEsKIkrMLiti9ZAuUgWK1jP2JSn83FDBnBLsJ"},"_chains":{"BTGeJnq6m3fo1bZ7YWK6h8kAiHgkP6WCHQo4s001hchM":{"chainKey":{"counter":0,"key":"oznbZqVuqNjlfJBjrOVBep+PONJWyY0fe+vaI7H5YC4="},"chainType":1,"messageKeys":{}}},"pendingPreKey":{"signedKeyId":1,"baseKey":"BYq343d9acy0z/OCQaLzATE1iB2BnCltwYcgk0j/sGtS","preKeyId":50}},"BfwPSz8ruGH/PMxNY12zXu8KCv4Rxp4dmXNDpUcE4CI8":{"registrationId":76,"currentRatchet":{"ephemeralKeyPair":{"pubKey":"BWqVgjdcX/bneLaUtag4Qkg9q9+H9sOPuaZ6wJuSMNJM","privKey":"QMBnYSuehY02icq+uLwf5lNjr3a6HjPJb2Z6uJ52vGM="},"lastRemoteEphemeralKey":"BZmrq5lthgxgsrTK8PV8dWYC/vEvVttpcVSI4zC/FXE0","previousCounter":0,"rootKey":"dFktg/jOcaaFWweKgxF55er6ZBt1IgCTkP2fljEes/E="},"indexInfo":{"baseKey":"BfwPSz8ruGH/PMxNY12zXu8KCv4Rxp4dmXNDpUcE4CI8","baseKeyType":1,"closed":1721133671619,"used":1721133666807,"created":1721133666807,"remoteIdentityKey":"BdCvovPjEsKIkrMLiti9ZAuUgWK1jP2JSn83FDBnBLsJ"},"_chains":{"BWqVgjdcX/bneLaUtag4Qkg9q9+H9sOPuaZ6wJuSMNJM":{"chainKey":{"counter":0,"key":"MTa9ULOXQp6OOcCP3meob8Vag2bo+W+gQgTMxtYCj58="},"chainType":1,"messageKeys":{}}},"pendingPreKey":{"signedKeyId":1,"baseKey":"BfwPSz8ruGH/PMxNY12zXu8KCv4Rxp4dmXNDpUcE4CI8","preKeyId":59}},"BUOKArmO+vlzTlj04Rhd5oELBLMxTy6190qSURe8pt8y":{"registrationId":76,"currentRatchet":{"ephemeralKeyPair":{"pubKey":"Bf5LDv2EGrDyVTqk52WEd5ySNQ1Aj7QhvZxZJfnw9RoQ","privKey":"6N5aMopEcxQ4klCaMC2vJXjNbdJ5yRjnpy5E8jE/4Xk="},"lastRemoteEphemeralKey":"BZmrq5lthgxgsrTK8PV8dWYC/vEvVttpcVSI4zC/FXE0","previousCounter":0,"rootKey":"WVgje/RPbaoGqaHOwajJNdXMMK8PCM3iJAe5mjX0uFo="},"indexInfo":{"baseKey":"BUOKArmO+vlzTlj04Rhd5oELBLMxTy6190qSURe8pt8y","baseKeyType":1,"closed":1721133777587,"used":1721133671617,"created":1721133671617,"remoteIdentityKey":"BdCvovPjEsKIkrMLiti9ZAuUgWK1jP2JSn83FDBnBLsJ"},"_chains":{"Bf5LDv2EGrDyVTqk52WEd5ySNQ1Aj7QhvZxZJfnw9RoQ":{"chainKey":{"counter":0,"key":"T8X99C+9pSvpXTSy2qeQcQM41Vl9hsNTbbrk+1+7fHY="},"chainType":1,"messageKeys":{}}},"pendingPreKey":{"signedKeyId":1,"baseKey":"BUOKArmO+vlzTlj04Rhd5oELBLMxTy6190qSURe8pt8y","preKeyId":54}},"BXP/cvfRqIC1wSNe1s1O56Lp1+4scXYh2rlvaiL0/2tH":{"registrationId":76,"currentRatchet":{"ephemeralKeyPair":{"pubKey":"BSgv1YZZNbC6wDB3GeZ9eiLz+05olCY8H6o9w/TayXxm","privKey":"aK/iYTiCAGDtAmwKheCjXTU7i4YaXsDkLc7OeNyV3WU="},"lastRemoteEphemeralKey":"BZmrq5lthgxgsrTK8PV8dWYC/vEvVttpcVSI4zC/FXE0","previousCounter":0,"rootKey":"uZbKYx+3ExI3skRx7Ac0MyJD0bQpdqw8lCuShE0gepQ="},"indexInfo":{"baseKey":"BXP/cvfRqIC1wSNe1s1O56Lp1+4scXYh2rlvaiL0/2tH","baseKeyType":1,"closed":1721133800362,"used":1721133777580,"created":1721133777580,"remoteIdentityKey":"BdCvovPjEsKIkrMLiti9ZAuUgWK1jP2JSn83FDBnBLsJ"},"_chains":{"BSgv1YZZNbC6wDB3GeZ9eiLz+05olCY8H6o9w/TayXxm":{"chainKey":{"counter":0,"key":"m4br+kTmEfki7A1hIw0jvUQ8lpQ17Nh122yHhWsGpK0="},"chainType":1,"messageKeys":{}}},"pendingPreKey":{"signedKeyId":1,"baseKey":"BXP/cvfRqIC1wSNe1s1O56Lp1+4scXYh2rlvaiL0/2tH","preKeyId":60}},"BUZx2BMhkVSWFw4D3az/sSigHjpD7MbpaDSHhZoDvspA":{"registrationId":76,"currentRatchet":{"ephemeralKeyPair":{"pubKey":"BQceghuPgsGBHHs8M25o14V9g034p3wqChCKf2SKyzIA","privKey":"QDtiHyIGRE1TZchZA/uNXPx6LNF106WrxzK5eU2LhlA="},"lastRemoteEphemeralKey":"BZmrq5lthgxgsrTK8PV8dWYC/vEvVttpcVSI4zC/FXE0","previousCounter":0,"rootKey":"qSOrurttfPTWfhvna3hDC/J1/IXlnQ5zvUG6ipjGWvQ="},"indexInfo":{"baseKey":"BUZx2BMhkVSWFw4D3az/sSigHjpD7MbpaDSHhZoDvspA","baseKeyType":1,"closed":1721134147843,"used":1721133800360,"created":1721133800360,"remoteIdentityKey":"BdCvovPjEsKIkrMLiti9ZAuUgWK1jP2JSn83FDBnBLsJ"},"_chains":{"BQceghuPgsGBHHs8M25o14V9g034p3wqChCKf2SKyzIA":{"chainKey":{"counter":0,"key":"SOlkuYzvJcRgrrAPYqPGtyIUW94gKGIxgW/iBJFFMWk="},"chainType":1,"messageKeys":{}}},"pendingPreKey":{"signedKeyId":1,"baseKey":"BUZx2BMhkVSWFw4D3az/sSigHjpD7MbpaDSHhZoDvspA","preKeyId":49}},"BR5rGXhlC8ZGBfy14lzvmJ4Tx+Iw4UlWSzlKAo18OA4P":{"registrationId":76,"currentRatchet":{"ephemeralKeyPair":{"pubKey":"BW/pdiATlE9pSsAbbOLjF3XBc1n4RLgN+9YEl4EdPOlv","privKey":"QHL7/1mXo/1kRhVQxs43uck++hsgmqR9zcGPP1rbX10="},"lastRemoteEphemeralKey":"BZmrq5lthgxgsrTK8PV8dWYC/vEvVttpcVSI4zC/FXE0","previousCounter":0,"rootKey":"n+Nrrxem2qOWwAJNj+6vaX5dt8FvmMqz0vHPeSTSNzw="},"indexInfo":{"baseKey":"BR5rGXhlC8ZGBfy14lzvmJ4Tx+Iw4UlWSzlKAo18OA4P","baseKeyType":1,"closed":1721134176133,"used":1721134147811,"created":1721134147811,"remoteIdentityKey":"BdCvovPjEsKIkrMLiti9ZAuUgWK1jP2JSn83FDBnBLsJ"},"_chains":{"BW/pdiATlE9pSsAbbOLjF3XBc1n4RLgN+9YEl4EdPOlv":{"chainKey":{"counter":0,"key":"y4w5viV4uf+ihX+pZ4RsVf+yPRHJljMH5JDVP9cvfZ4="},"chainType":1,"messageKeys":{}}},"pendingPreKey":{"signedKeyId":1,"baseKey":"BR5rGXhlC8ZGBfy14lzvmJ4Tx+Iw4UlWSzlKAo18OA4P","preKeyId":37}},"BRTCBX/fzBOumNzbFj7zznDzoZWReow5XFmdCirWGoFI":{"registrationId":76,"currentRatchet":{"ephemeralKeyPair":{"pubKey":"BdgBDwu1/gPQu0WNGqHSBfYSlJvj9tIsQWg1FhF5J0V5","privKey":"QKOTN93MvUjc7fXyMEM0y+P/FAr43Tp3mZvMnzZU+lo="},"lastRemoteEphemeralKey":"BZmrq5lthgxgsrTK8PV8dWYC/vEvVttpcVSI4zC/FXE0","previousCounter":0,"rootKey":"MG1HrIEsHWAxFgVD9XQeURMf6Wcez1MdBzS3WX7pmCU="},"indexInfo":{"baseKey":"BRTCBX/fzBOumNzbFj7zznDzoZWReow5XFmdCirWGoFI","baseKeyType":1,"closed":1721134194274,"used":1721134176130,"created":1721134176130,"remoteIdentityKey":"BdCvovPjEsKIkrMLiti9ZAuUgWK1jP2JSn83FDBnBLsJ"},"_chains":{"BdgBDwu1/gPQu0WNGqHSBfYSlJvj9tIsQWg1FhF5J0V5":{"chainKey":{"counter":0,"key":"rK7gw3JpZHdbOHckhMMo70JUGzKHr7QMd/OMAm1odPE="},"chainType":1,"messageKeys":{}}},"pendingPreKey":{"signedKeyId":1,"baseKey":"BRTCBX/fzBOumNzbFj7zznDzoZWReow5XFmdCirWGoFI","preKeyId":51}},"Ba5OvL/JILQt+laeYSFZU4kANTriekrzpT57DqllcrgZ":{"registrationId":76,"currentRatchet":{"ephemeralKeyPair":{"pubKey":"BZJnLu4xO4ZetV1cmdHCSWJMe3+Dp+LS3BEBWkpyUxsI","privKey":"SHOvim6yqhLAk+fRTyw1K0sQ7o3+f4xjkcZcLaddWGw="},"lastRemoteEphemeralKey":"BZmrq5lthgxgsrTK8PV8dWYC/vEvVttpcVSI4zC/FXE0","previousCounter":0,"rootKey":"V1UXVkRRB/JwKVNR1jsSoVXirJTu9dPwIV0QzwMGekM="},"indexInfo":{"baseKey":"Ba5OvL/JILQt+laeYSFZU4kANTriekrzpT57DqllcrgZ","baseKeyType":1,"closed":1721134218357,"used":1721134194272,"created":1721134194272,"remoteIdentityKey":"BdCvovPjEsKIkrMLiti9ZAuUgWK1jP2JSn83FDBnBLsJ"},"_chains":{"BZJnLu4xO4ZetV1cmdHCSWJMe3+Dp+LS3BEBWkpyUxsI":{"chainKey":{"counter":0,"key":"6j0tBmpav2PzTvKJROBSgMr5ntGrHaBPM0jC+wWoNGg="},"chainType":1,"messageKeys":{}}},"pendingPreKey":{"signedKeyId":1,"baseKey":"Ba5OvL/JILQt+laeYSFZU4kANTriekrzpT57DqllcrgZ","preKeyId":52}},"BS5djyTQ9ob1HqUBz65Uh8yqDeT/8QPAX6KO8RKPQUJF":{"registrationId":76,"currentRatchet":{"ephemeralKeyPair":{"pubKey":"Bbj/Iq98BBCV27qjqphkjrVf7d1/zKEaQZg2FP37xcs5","privKey":"MLaoHmfrH3Fm+aUbaNCLQpjVENKJYDTOLFSfGu/W9nA="},"lastRemoteEphemeralKey":"BZmrq5lthgxgsrTK8PV8dWYC/vEvVttpcVSI4zC/FXE0","previousCounter":0,"rootKey":"SedMuA2DJZxk/tCFNu4t4jP/joEQ+K9CeoHxrueffeE="},"indexInfo":{"baseKey":"BS5djyTQ9ob1HqUBz65Uh8yqDeT/8QPAX6KO8RKPQUJF","baseKeyType":1,"closed":1721134233954,"used":1721134218354,"created":1721134218354,"remoteIdentityKey":"BdCvovPjEsKIkrMLiti9ZAuUgWK1jP2JSn83FDBnBLsJ"},"_chains":{"Bbj/Iq98BBCV27qjqphkjrVf7d1/zKEaQZg2FP37xcs5":{"chainKey":{"counter":0,"key":"rFUr1y58svHcweiRzExeHm5O8771/Cw0TxbOJEtzbMk="},"chainType":1,"messageKeys":{}}},"pendingPreKey":{"signedKeyId":1,"baseKey":"BS5djyTQ9ob1HqUBz65Uh8yqDeT/8QPAX6KO8RKPQUJF","preKeyId":56}},"BRF5gSyh9dhpzLBSmxL5joCuba7Z955osDrKP2Yu7l8y":{"registrationId":76,"currentRatchet":{"ephemeralKeyPair":{"pubKey":"BUu9QJeBSWZbGiEkzgz1YkQbno44QmnU+It02cS4bT5A","privKey":"GPLW46Tk3NjuduoI9D/IcgfyJrdfK/cK8K8Yp8lW/G0="},"lastRemoteEphemeralKey":"BZmrq5lthgxgsrTK8PV8dWYC/vEvVttpcVSI4zC/FXE0","previousCounter":0,"rootKey":"NB57yDX+MX0hYjVzvgzaRthSVBNZCZvQIzazjDiVuiU="},"indexInfo":{"baseKey":"BRF5gSyh9dhpzLBSmxL5joCuba7Z955osDrKP2Yu7l8y","baseKeyType":1,"closed":1721134236722,"used":1721134233952,"created":1721134233952,"remoteIdentityKey":"BdCvovPjEsKIkrMLiti9ZAuUgWK1jP2JSn83FDBnBLsJ"},"_chains":{"BUu9QJeBSWZbGiEkzgz1YkQbno44QmnU+It02cS4bT5A":{"chainKey":{"counter":0,"key":"myi8RmMBpQez1AXkEHI88yTWWnLrO5hVUQW5JzHNHsk="},"chainType":1,"messageKeys":{}}},"pendingPreKey":{"signedKeyId":1,"baseKey":"BRF5gSyh9dhpzLBSmxL5joCuba7Z955osDrKP2Yu7l8y","preKeyId":42}},"BWmFVHEB9L4KMMdVGQ+6TYSejGiZXkGietUdh6r5BNAB":{"registrationId":76,"currentRatchet":{"ephemeralKeyPair":{"pubKey":"BU0Au5Y4A4hnCAV0x7PjjjH0zikkjsxmvjvUIDXIRzYB","privKey":"II9O0nytpw3L/sfJbXGqPhGykPxm2hQFeepulW1Yx1c="},"lastRemoteEphemeralKey":"BZmrq5lthgxgsrTK8PV8dWYC/vEvVttpcVSI4zC/FXE0","previousCounter":0,"rootKey":"EhTgUNun/kFECco1Ti5YXzye9JwPhAoeRp9MySBnz30="},"indexInfo":{"baseKey":"BWmFVHEB9L4KMMdVGQ+6TYSejGiZXkGietUdh6r5BNAB","baseKeyType":1,"closed":1721134242883,"used":1721134236719,"created":1721134236719,"remoteIdentityKey":"BdCvovPjEsKIkrMLiti9ZAuUgWK1jP2JSn83FDBnBLsJ"},"_chains":{"BU0Au5Y4A4hnCAV0x7PjjjH0zikkjsxmvjvUIDXIRzYB":{"chainKey":{"counter":0,"key":"BGv9c2mtzKHLEnxVeSCZhc9tQS5LSDvBFXd8lbf8DVo="},"chainType":1,"messageKeys":{}}},"pendingPreKey":{"signedKeyId":1,"baseKey":"BWmFVHEB9L4KMMdVGQ+6TYSejGiZXkGietUdh6r5BNAB","preKeyId":41}},"BdgB8UDGMn7yb9HHd5l61PISVSLXGoaS2yu9w/noPWdh":{"registrationId":76,"currentRatchet":{"ephemeralKeyPair":{"pubKey":"BbNEDPT4kgz4lsB4yS8soNtsUxOiPGugNV1HaBukDCpQ","privKey":"cMuEwihqxUIpv4Uz/RUE5GMT0AVsmalSi8yNRjZEFkk="},"lastRemoteEphemeralKey":"BYUCPcmh+0jBES2MJkD6CurkUiCiMKGiFMGtPkd7dj85","previousCounter":0,"rootKey":"MmcXkGNA6uqGMO0LPld1u9B5XKeJBNm3sC4jrkOQ1SI="},"indexInfo":{"baseKey":"BdgB8UDGMn7yb9HHd5l61PISVSLXGoaS2yu9w/noPWdh","baseKeyType":2,"closed":1721134286516,"used":1721134242887,"created":1721134242887,"remoteIdentityKey":"BdCvovPjEsKIkrMLiti9ZAuUgWK1jP2JSn83FDBnBLsJ"},"_chains":{"BYUCPcmh+0jBES2MJkD6CurkUiCiMKGiFMGtPkd7dj85":{"chainKey":{"counter":0,"key":"6mt+j7Cf8MRSWIMOzzEQZTJeC6bPHPC0eP93wnnsopk="},"chainType":2,"messageKeys":{}},"BbNEDPT4kgz4lsB4yS8soNtsUxOiPGugNV1HaBukDCpQ":{"chainKey":{"counter":-1,"key":"JX+Hzs/gZkC53h+3iQ0ZE0dZvXZu4RsoF6g7dYvFTGE="},"chainType":1,"messageKeys":{}}}},"BZGkOkTxW9YBDISoDGgOx5YT4If4Q3sgtqyj+u++XQAN":{"registrationId":76,"currentRatchet":{"ephemeralKeyPair":{"pubKey":"BQeuw3VRjwRbiqs+3m5cJAkbyt2EAcEICKaKRAA+ryE8","privKey":"wL6axiRRh5lx96e0MpoBwb1hq2qZM5rFCRMtNtfzy2o="},"lastRemoteEphemeralKey":"BZmrq5lthgxgsrTK8PV8dWYC/vEvVttpcVSI4zC/FXE0","previousCounter":0,"rootKey":"2YkrRQtc8+wrrWi+IW33qud8x4yH1oPasStYh28/s38="},"indexInfo":{"baseKey":"BZGkOkTxW9YBDISoDGgOx5YT4If4Q3sgtqyj+u++XQAN","baseKeyType":1,"closed":1721134296555,"used":1721134286513,"created":1721134286513,"remoteIdentityKey":"BdCvovPjEsKIkrMLiti9ZAuUgWK1jP2JSn83FDBnBLsJ"},"_chains":{"BQeuw3VRjwRbiqs+3m5cJAkbyt2EAcEICKaKRAA+ryE8":{"chainKey":{"counter":0,"key":"2FEy+dRcs+FmqdA18FzHbo5Y7tDDbM1XadkcDmNUPig="},"chainType":1,"messageKeys":{}}},"pendingPreKey":{"signedKeyId":1,"baseKey":"BZGkOkTxW9YBDISoDGgOx5YT4If4Q3sgtqyj+u++XQAN","preKeyId":55}},"BYNVX94FMx5kEQ4udBiWmQ300OvS4hM5BblsWdXoLJMj":{"registrationId":76,"currentRatchet":{"ephemeralKeyPair":{"pubKey":"BdLPxB2DsrRP+JB2VVrc1Xcg4RsCoNGztoqdH8OM66t6","privKey":"sLDd/y9Cn42dMSJy+Yz6aZ07Ks2J4gUvT/5ZEmDw9kU="},"lastRemoteEphemeralKey":"BZmrq5lthgxgsrTK8PV8dWYC/vEvVttpcVSI4zC/FXE0","previousCounter":0,"rootKey":"OJEl7AecBWaywISVJAta9tMar083BrHcjuN55BFR3ks="},"indexInfo":{"baseKey":"BYNVX94FMx5kEQ4udBiWmQ300OvS4hM5BblsWdXoLJMj","baseKeyType":1,"closed":1721134307184,"used":1721134296553,"created":1721134296553,"remoteIdentityKey":"BdCvovPjEsKIkrMLiti9ZAuUgWK1jP2JSn83FDBnBLsJ"},"_chains":{"BdLPxB2DsrRP+JB2VVrc1Xcg4RsCoNGztoqdH8OM66t6":{"chainKey":{"counter":0,"key":"BEEiA6CKMH3gnu3ljD3kPDrfsyvrs0aiwSCulp5LLwY="},"chainType":1,"messageKeys":{}}},"pendingPreKey":{"signedKeyId":1,"baseKey":"BYNVX94FMx5kEQ4udBiWmQ300OvS4hM5BblsWdXoLJMj","preKeyId":31}},"Bet0G/+ClirktxDZbul+yo4ghDgV6BXaVSpGW07kynUe":{"registrationId":76,"currentRatchet":{"ephemeralKeyPair":{"pubKey":"BS2CGfxs7rAtSA5k/TOaBzV/FvlZy1oiDmH7UWHylI04","privKey":"8DJnk8pE1TzeQVQERUgmcC3kDw7MQUBoQ0Jkv+l6Wkk="},"lastRemoteEphemeralKey":"BZmrq5lthgxgsrTK8PV8dWYC/vEvVttpcVSI4zC/FXE0","previousCounter":0,"rootKey":"HybF7Hd7aDxUlUS8E7jtFGVShyQ5uOBFJoqF/rDopY8="},"indexInfo":{"baseKey":"Bet0G/+ClirktxDZbul+yo4ghDgV6BXaVSpGW07kynUe","baseKeyType":1,"closed":1721134309552,"used":1721134307183,"created":1721134307183,"remoteIdentityKey":"BdCvovPjEsKIkrMLiti9ZAuUgWK1jP2JSn83FDBnBLsJ"},"_chains":{"BS2CGfxs7rAtSA5k/TOaBzV/FvlZy1oiDmH7UWHylI04":{"chainKey":{"counter":0,"key":"6a4NzQQWJf1NtmWpMybkatC5FcxTQ+MZehIUx9HsWyg="},"chainType":1,"messageKeys":{}}},"pendingPreKey":{"signedKeyId":1,"baseKey":"Bet0G/+ClirktxDZbul+yo4ghDgV6BXaVSpGW07kynUe","preKeyId":34}},"BUD02ssHlaXWw/a1+YjPoDXmVJOtoTsV48UE+CWrTCVm":{"registrationId":76,"currentRatchet":{"ephemeralKeyPair":{"pubKey":"BRt3djhEH8ml9Mv6n4boLT06GZloL+9pSYrrfeyo2X8s","privKey":"OAEaXH/rKz0GpGV79YO1jiz7XgIYcUGoJ4HV5JPoHG4="},"lastRemoteEphemeralKey":"BZmrq5lthgxgsrTK8PV8dWYC/vEvVttpcVSI4zC/FXE0","previousCounter":0,"rootKey":"mgmDSUqqgzDpIegR2W/g3/93kNCxAb+Wrc+AehsTYn8="},"indexInfo":{"baseKey":"BUD02ssHlaXWw/a1+YjPoDXmVJOtoTsV48UE+CWrTCVm","baseKeyType":1,"closed":1721134355475,"used":1721134309550,"created":1721134309550,"remoteIdentityKey":"BdCvovPjEsKIkrMLiti9ZAuUgWK1jP2JSn83FDBnBLsJ"},"_chains":{"BRt3djhEH8ml9Mv6n4boLT06GZloL+9pSYrrfeyo2X8s":{"chainKey":{"counter":0,"key":"sPfN/jRq7dQKh8S9aPRiL+c3PAIAXgKfZW3ouSIGfCM="},"chainType":1,"messageKeys":{}}},"pendingPreKey":{"signedKeyId":1,"baseKey":"BUD02ssHlaXWw/a1+YjPoDXmVJOtoTsV48UE+CWrTCVm","preKeyId":46}},"BUHQrMlyjfrryuAGRAvEqWduBVHBzOHy+yQUf8LHgGII":{"registrationId":76,"currentRatchet":{"ephemeralKeyPair":{"pubKey":"Bc36Au9l30EL2I3k34qtbrR5QiBe56e61rpP738k+nch","privKey":"WHRXT/a6pcj8PEbkB5AEEd2IX1sWRKnsCODwLUDjHm8="},"lastRemoteEphemeralKey":"BZmrq5lthgxgsrTK8PV8dWYC/vEvVttpcVSI4zC/FXE0","previousCounter":0,"rootKey":"Qswb/95zo9vf3T6o/dUhlsPA82gdC0hy0QKm6q3yrCU="},"indexInfo":{"baseKey":"BUHQrMlyjfrryuAGRAvEqWduBVHBzOHy+yQUf8LHgGII","baseKeyType":1,"closed":1721134437079,"used":1721134355473,"created":1721134355473,"remoteIdentityKey":"BdCvovPjEsKIkrMLiti9ZAuUgWK1jP2JSn83FDBnBLsJ"},"_chains":{"Bc36Au9l30EL2I3k34qtbrR5QiBe56e61rpP738k+nch":{"chainKey":{"counter":0,"key":"N2XS2rj+0OfESrjo/rFFI48VFaTcKe1/2IvzK37LbnI="},"chainType":1,"messageKeys":{}}},"pendingPreKey":{"signedKeyId":1,"baseKey":"BUHQrMlyjfrryuAGRAvEqWduBVHBzOHy+yQUf8LHgGII"}},"BV3ZqF9mz6taqCh/yX9eYf7XmkqfEsyrnoothjtg5rI2":{"registrationId":76,"currentRatchet":{"ephemeralKeyPair":{"pubKey":"BTCCUweEtoZf2f2O6T+czcsLjXFDc3IGEvna/MooCDkk","privKey":"GJcFoDlU6jhgFpTb9X99e8rSyxXVUHfx7esEZvaoYEg="},"lastRemoteEphemeralKey":"BZmrq5lthgxgsrTK8PV8dWYC/vEvVttpcVSI4zC/FXE0","previousCounter":0,"rootKey":"58ZMOeodFNT6zDg1PYlTuoG1SJDQ67wMZfs0RBmOE9o="},"indexInfo":{"baseKey":"BV3ZqF9mz6taqCh/yX9eYf7XmkqfEsyrnoothjtg5rI2","baseKeyType":1,"closed":1721134450066,"used":1721134437075,"created":1721134437075,"remoteIdentityKey":"BdCvovPjEsKIkrMLiti9ZAuUgWK1jP2JSn83FDBnBLsJ"},"_chains":{"BTCCUweEtoZf2f2O6T+czcsLjXFDc3IGEvna/MooCDkk":{"chainKey":{"counter":0,"key":"Rvj/3qgynAHMfKCGBgW7xw7JwUt1dAfrdhUy7/w5EIM="},"chainType":1,"messageKeys":{}}},"pendingPreKey":{"signedKeyId":1,"baseKey":"BV3ZqF9mz6taqCh/yX9eYf7XmkqfEsyrnoothjtg5rI2"}},"Bf2vyaaJN7jHBSmnXmwYsY5B3jr/+nWt1NDzXO9RKaYw":{"registrationId":76,"currentRatchet":{"ephemeralKeyPair":{"pubKey":"BZ6zwHeB3lXNjk8azwdsgT2oCbtWeCfOth0FWYISmD8o","privKey":"WOwrpyu2MvK2eVg3fuCEIO4BaMR12W+RF2QI0lOaMFg="},"lastRemoteEphemeralKey":"BZmrq5lthgxgsrTK8PV8dWYC/vEvVttpcVSI4zC/FXE0","previousCounter":0,"rootKey":"1LoTq9A8zzBp/ZHP6dvwan69CgU8arx3LLLao1S8j0s="},"indexInfo":{"baseKey":"Bf2vyaaJN7jHBSmnXmwYsY5B3jr/+nWt1NDzXO9RKaYw","baseKeyType":1,"closed":1721134479502,"used":1721134450062,"created":1721134450062,"remoteIdentityKey":"BdCvovPjEsKIkrMLiti9ZAuUgWK1jP2JSn83FDBnBLsJ"},"_chains":{"BZ6zwHeB3lXNjk8azwdsgT2oCbtWeCfOth0FWYISmD8o":{"chainKey":{"counter":0,"key":"f72AGooZyV8egcydNZJ0+M8NXC58CKXI8fuLMzgmhWY="},"chainType":1,"messageKeys":{}}},"pendingPreKey":{"signedKeyId":1,"baseKey":"Bf2vyaaJN7jHBSmnXmwYsY5B3jr/+nWt1NDzXO9RKaYw"}},"BcoGXd12Su2aKB/Amt9PvZ5pZ/jmy+KH56AHEOPXXRos":{"registrationId":76,"currentRatchet":{"ephemeralKeyPair":{"pubKey":"BVsGWGmCsJ3upVznLr98nJl+xhgjasluscmlsdiFzk9n","privKey":"OIEXQRTZ5x4Bc7lkKTOySYxb1nUXt3ZD1tDh9Lvxn18="},"lastRemoteEphemeralKey":"BZmrq5lthgxgsrTK8PV8dWYC/vEvVttpcVSI4zC/FXE0","previousCounter":0,"rootKey":"wu4XEAPLQ4tVnGBK6FYh0ONFPDG6vThRyNjiAHplNxs="},"indexInfo":{"baseKey":"BcoGXd12Su2aKB/Amt9PvZ5pZ/jmy+KH56AHEOPXXRos","baseKeyType":1,"closed":1721134533291,"used":1721134479500,"created":1721134479500,"remoteIdentityKey":"BdCvovPjEsKIkrMLiti9ZAuUgWK1jP2JSn83FDBnBLsJ"},"_chains":{"BVsGWGmCsJ3upVznLr98nJl+xhgjasluscmlsdiFzk9n":{"chainKey":{"counter":0,"key":"fuWmpw95B/7ghA2ykMe6AT20OOAt/hDL8suOsLJ3qt4="},"chainType":1,"messageKeys":{}}},"pendingPreKey":{"signedKeyId":1,"baseKey":"BcoGXd12Su2aKB/Amt9PvZ5pZ/jmy+KH56AHEOPXXRos"}},"Bec3TeAcuVePCOWYTBph5TgfPdEcp5nQgIEFXcXY5Fc1":{"registrationId":76,"currentRatchet":{"ephemeralKeyPair":{"pubKey":"BXFTlfzf/V2NkMfdaZPjvBY6dr8e4yep7dhq3ksmh/p8","privKey":"WDXbTJzJYJXEmrfVTPWbvt5oSRCn3r9DD3Sd/nI/OGA="},"lastRemoteEphemeralKey":"BZmrq5lthgxgsrTK8PV8dWYC/vEvVttpcVSI4zC/FXE0","previousCounter":0,"rootKey":"XNmaq6FQdCbLIXLpFmjOTBMId8/6t8Ub4FGTwRU3KLo="},"indexInfo":{"baseKey":"Bec3TeAcuVePCOWYTBph5TgfPdEcp5nQgIEFXcXY5Fc1","baseKeyType":1,"closed":1721134548584,"used":1721134533287,"created":1721134533287,"remoteIdentityKey":"BdCvovPjEsKIkrMLiti9ZAuUgWK1jP2JSn83FDBnBLsJ"},"_chains":{"BXFTlfzf/V2NkMfdaZPjvBY6dr8e4yep7dhq3ksmh/p8":{"chainKey":{"counter":0,"key":"vErGVPgdXvMV+veCKbC2ffhafM6ncbhK7FD7FfjMyME="},"chainType":1,"messageKeys":{}}},"pendingPreKey":{"signedKeyId":1,"baseKey":"Bec3TeAcuVePCOWYTBph5TgfPdEcp5nQgIEFXcXY5Fc1"}},"BURNiopPchuqgOjhErV0S62sDQiCKIr8g7lHmL6HyxBb":{"registrationId":76,"currentRatchet":{"ephemeralKeyPair":{"pubKey":"Bd8QJWM1NigaMd4KfmSWGWYib5GIQ3xCa6aJaiEVxnhL","privKey":"UFUb59kZqlsCv+ATBwR39jn44+2A+KWTgNxn69NeunY="},"lastRemoteEphemeralKey":"BZmrq5lthgxgsrTK8PV8dWYC/vEvVttpcVSI4zC/FXE0","previousCounter":0,"rootKey":"I//ODpAUpajiz5MRZEQJgzAbciIsuyw05/Z1MwbqCqY="},"indexInfo":{"baseKey":"BURNiopPchuqgOjhErV0S62sDQiCKIr8g7lHmL6HyxBb","baseKeyType":1,"closed":1721134551773,"used":1721134548581,"created":1721134548581,"remoteIdentityKey":"BdCvovPjEsKIkrMLiti9ZAuUgWK1jP2JSn83FDBnBLsJ"},"_chains":{"Bd8QJWM1NigaMd4KfmSWGWYib5GIQ3xCa6aJaiEVxnhL":{"chainKey":{"counter":0,"key":"1qLCC5XCcitvq7E17e78UFkwiijQF/zyhcM4Goibi98="},"chainType":1,"messageKeys":{}}},"pendingPreKey":{"signedKeyId":1,"baseKey":"BURNiopPchuqgOjhErV0S62sDQiCKIr8g7lHmL6HyxBb"}},"BUNl+cUyC4vcXPnZRBlzslMJ3AjH8+/jfvERKg9PKYwA":{"registrationId":76,"currentRatchet":{"ephemeralKeyPair":{"pubKey":"BVIF4ac68Qfhcc8M+hZY6ibr053AH84Dg/96oww/2JEH","privKey":"mDge/y8sxUklzWNoCVXjfx2m/D9/UaMb3sPOXcjHm2w="},"lastRemoteEphemeralKey":"BZmrq5lthgxgsrTK8PV8dWYC/vEvVttpcVSI4zC/FXE0","previousCounter":0,"rootKey":"tI6Q9vJuBbPz1Wxt/UNo0ntRSlFrWdX9D2NhdL0DpQ8="},"indexInfo":{"baseKey":"BUNl+cUyC4vcXPnZRBlzslMJ3AjH8+/jfvERKg9PKYwA","baseKeyType":1,"closed":1721135036036,"used":1721134551771,"created":1721134551771,"remoteIdentityKey":"BdCvovPjEsKIkrMLiti9ZAuUgWK1jP2JSn83FDBnBLsJ"},"_chains":{"BVIF4ac68Qfhcc8M+hZY6ibr053AH84Dg/96oww/2JEH":{"chainKey":{"counter":0,"key":"zCEKa0VAc+ov23XLojS3g8ujawOQ0F9/Ji/WgrY+HqY="},"chainType":1,"messageKeys":{}}},"pendingPreKey":{"signedKeyId":1,"baseKey":"BUNl+cUyC4vcXPnZRBlzslMJ3AjH8+/jfvERKg9PKYwA"}},"BR1ApK0oHuOBY8n0BLhgOEbg+QOZXOk5FDbDEiuOFsh+":{"registrationId":76,"currentRatchet":{"ephemeralKeyPair":{"pubKey":"BVWyyj+5ugfWsMGg+lyfLq4x1mzqERf3EGRFVsV255tT","privKey":"qK2xerdM7sUHsHgCCNsIsRAX68D4fgnB04LA4CwtLEo="},"lastRemoteEphemeralKey":"BZmrq5lthgxgsrTK8PV8dWYC/vEvVttpcVSI4zC/FXE0","previousCounter":0,"rootKey":"4o/jCrtJ5n9ZBC30jztoNpOaYxaIP/m93WTGvdbWejk="},"indexInfo":{"baseKey":"BR1ApK0oHuOBY8n0BLhgOEbg+QOZXOk5FDbDEiuOFsh+","baseKeyType":1,"closed":1721135064671,"used":1721135035990,"created":1721135035990,"remoteIdentityKey":"BdCvovPjEsKIkrMLiti9ZAuUgWK1jP2JSn83FDBnBLsJ"},"_chains":{"BVWyyj+5ugfWsMGg+lyfLq4x1mzqERf3EGRFVsV255tT":{"chainKey":{"counter":0,"key":"6cRbzxwDO1PMyg4ZDPybwNfGAadv9uMO2fciByrTc+E="},"chainType":1,"messageKeys":{}}},"pendingPreKey":{"signedKeyId":1,"baseKey":"BR1ApK0oHuOBY8n0BLhgOEbg+QOZXOk5FDbDEiuOFsh+"}},"BYqHWSzcaQuKnzfD4Q2D2bieAYdnQ8AABF1++Ou3RLMw":{"registrationId":76,"currentRatchet":{"ephemeralKeyPair":{"pubKey":"BQQVWMDqXZ6W4J6Dm3KhueMJzgpAf8RNugPhBa/xccg2","privKey":"EF4sRtsh5wZofw7+35Zt0x7zF3Uq4AggI2082BfyN2g="},"lastRemoteEphemeralKey":"BZAXNa8nxQFtF6xI48vp3nscXAos4tarwN9rxdEcaucS","previousCounter":2,"rootKey":"kIO4xLOGNOL7x9+gITv/eyKUN10vJwo5vKk9dFlIJ6o="},"indexInfo":{"baseKey":"BYqHWSzcaQuKnzfD4Q2D2bieAYdnQ8AABF1++Ou3RLMw","baseKeyType":1,"closed":1721143365350,"used":1721138874132,"created":1721135064658,"remoteIdentityKey":"BdCvovPjEsKIkrMLiti9ZAuUgWK1jP2JSn83FDBnBLsJ"},"_chains":{"BZAXNa8nxQFtF6xI48vp3nscXAos4tarwN9rxdEcaucS":{"chainKey":{"counter":0,"key":"fxuSE7wYGwgKnyrkWwlO2MjQ5WMktl7NcX8QwLcNbYE="},"chainType":2,"messageKeys":{}},"BQQVWMDqXZ6W4J6Dm3KhueMJzgpAf8RNugPhBa/xccg2":{"chainKey":{"counter":-1,"key":"GSB1Ni1hM6oSIr3DYaWf/d01PNBu0hZ216JVLAYm7uU="},"chainType":1,"messageKeys":{}}}},"BYf0mmU/zpStS8MpA8O4QdKNH5i0SVCwna4iBUukUExl":{"registrationId":76,"currentRatchet":{"ephemeralKeyPair":{"pubKey":"BZoa/nh+t4+1OqgO+mKGm8hb0gTwXqkknBUu6f7uuUgY","privKey":"EBly8HsW3v2QtoLHKsaANSdTB7hRy5z3r6b8GgmjQVc="},"lastRemoteEphemeralKey":"BZmrq5lthgxgsrTK8PV8dWYC/vEvVttpcVSI4zC/FXE0","previousCounter":0,"rootKey":"ejOj1LSAgE4pTxTsTSfOr8jIwSK04Rxes+Rf+lc476o="},"indexInfo":{"baseKey":"BYf0mmU/zpStS8MpA8O4QdKNH5i0SVCwna4iBUukUExl","baseKeyType":1,"closed":1721152826096,"used":1721143365332,"created":1721143365332,"remoteIdentityKey":"BdCvovPjEsKIkrMLiti9ZAuUgWK1jP2JSn83FDBnBLsJ"},"_chains":{"BZoa/nh+t4+1OqgO+mKGm8hb0gTwXqkknBUu6f7uuUgY":{"chainKey":{"counter":19,"key":"ylXAbQrK0CvA+XDijySN8/KTVy78aE/8+AR4oxvecuM="},"chainType":1,"messageKeys":{}}},"pendingPreKey":{"signedKeyId":1,"baseKey":"BYf0mmU/zpStS8MpA8O4QdKNH5i0SVCwna4iBUukUExl","preKeyId":111}},"BTuAUhJtoJutE5QNzDtX6SvWBRVuP+DRJkLZt8XnZEFF":{"registrationId":76,"currentRatchet":{"ephemeralKeyPair":{"pubKey":"BRsNCKSE2wmf/zOsSGAgV1ujpiFkitoO3k4Py5QF/mA3","privKey":"+C1/3+cVTttX3D8Mq60ddiwr0rLy61Cuz7/y28maWWU="},"lastRemoteEphemeralKey":"BUGGXDVrng2DSYvQB23s1aaVdF9BVAdwNXCcMAMoPXZP","previousCounter":29,"rootKey":"Dcml9D9FOoM05GPya/pEMyJ/Sa92sF4IvVkMpTuy/w8="},"indexInfo":{"baseKey":"BTuAUhJtoJutE5QNzDtX6SvWBRVuP+DRJkLZt8XnZEFF","baseKeyType":1,"closed":-1,"used":1721157591665,"created":1721152826093,"remoteIdentityKey":"BdCvovPjEsKIkrMLiti9ZAuUgWK1jP2JSn83FDBnBLsJ"},"_chains":{"BUGGXDVrng2DSYvQB23s1aaVdF9BVAdwNXCcMAMoPXZP":{"chainKey":{"counter":1,"key":"m5jyqNPs0BY3U8kUuwPvksVlm5W2ttQ+GEFKQThw5Qc="},"chainType":2,"messageKeys":{}},"BRsNCKSE2wmf/zOsSGAgV1ujpiFkitoO3k4Py5QF/mA3":{"chainKey":{"counter":-1,"key":"GEoSDXoSdSkqBeoHAFliID4UuFTHVqFzLPVW4WofgM4="},"chainType":1,"messageKeys":{}}}}},"version":"v1"}