{"_sessions":{"BZnS3Z23Jnu44IWGBUx2O4dT34cQlwTEz8pbU6BowlwL":{"registrationId":1748392801,"currentRatchet":{"ephemeralKeyPair":{"pubKey":"BUcHSpS3faPmreVckXM4dk17mGiZBQyNdfaM2tBp+axX","privKey":"MIfOlWi7UIvso0JPKYy6iBdH+aZS+ARjMyBb0fqjHUk="},"lastRemoteEphemeralKey":"BeCHGMO1xTa7nr2PWxfTyJy8+j6LwwKMXQ0v2zaDp2Yx","previousCounter":0,"rootKey":"J8W0j+dicUhZODYd1Xd+l8ct+70OGKHNlQjVKZKKp+Q="},"indexInfo":{"baseKey":"BZnS3Z23Jnu44IWGBUx2O4dT34cQlwTEz8pbU6BowlwL","baseKeyType":1,"closed":-1,"used":1721051170766,"created":1721051170766,"remoteIdentityKey":"BfSQvKjZSsqWLZcOmNtYKbjUShl5RcgSI07ujFZvgvgy"},"_chains":{"BUcHSpS3faPmreVckXM4dk17mGiZBQyNdfaM2tBp+axX":{"chainKey":{"counter":130,"key":"xi3UHzNqr3XIkQf44rzpMfJwGBWF3xTIi+pxFzH1wP0="},"chainType":1,"messageKeys":{}}},"pendingPreKey":{"signedKeyId":8,"baseKey":"BZnS3Z23Jnu44IWGBUx2O4dT34cQlwTEz8pbU6BowlwL","preKeyId":3937353}}},"version":"v1"}