{"_sessions":{"BVURZtl/2wB/8Cgh6Whvon2TiGkPtOk9pqDRfiI2jIQo":{"registrationId":653578077,"currentRatchet":{"ephemeralKeyPair":{"pubKey":"BfC42wVQVIfQzhamtFZFGymJ1gzG+DLkA8ebBKef7AQ3","privKey":"2Cpx5xY92w02D5sKGfvTkboZK59Fw59ClrelTiPoIW8="},"lastRemoteEphemeralKey":"BRhrAEv7vmkWKA8GjtVx90KIfXXcqwv8Z1y5J/r2ZDBl","previousCounter":0,"rootKey":"mNg8gLVLQwb6D+SXvuVvSZIOihyX4aYPOxA1SjmyUS8="},"indexInfo":{"baseKey":"BVURZtl/2wB/8Cgh6Whvon2TiGkPtOk9pqDRfiI2jIQo","baseKeyType":1,"closed":-1,"used":1721061609712,"created":1721061609712,"remoteIdentityKey":"BdKQeBW2kK0m7t1K6kEJsKW0ftbYgUBS9O05CmzWh20M"},"_chains":{"BfC42wVQVIfQzhamtFZFGymJ1gzG+DLkA8ebBKef7AQ3":{"chainKey":{"counter":4,"key":"AFK7jkZxsy5PixpCDBlRVsRWhdhDVH6nikosGqbafXQ="},"chainType":1,"messageKeys":{}}},"pendingPreKey":{"signedKeyId":1,"baseKey":"BVURZtl/2wB/8Cgh6Whvon2TiGkPtOk9pqDRfiI2jIQo","preKeyId":1308}}},"version":"v1"}