{"_sessions":{"Bfy9d5syk0yeWCIrI1KUXpJTUVIhicxHnfQ83GGTUYMB":{"registrationId":337881207,"currentRatchet":{"ephemeralKeyPair":{"pubKey":"BaxZ9hypOeOPeYbRTE/eVB/lUbjNu6HBi5ferApbiyMR","privKey":"CNQbHBNQsyYBguWZQj6Fz/gBceAmCzTW57q5whQOWXQ="},"lastRemoteEphemeralKey":"BeyMSxSvInUXEKEDbS9gKE+V4H1tuzGz6i2GXPkekU4L","previousCounter":0,"rootKey":"/ICzs978nKKHVb1MjjNGp0MI2FEtroy+tMG20ZBpr6o="},"indexInfo":{"baseKey":"Bfy9d5syk0yeWCIrI1KUXpJTUVIhicxHnfQ83GGTUYMB","baseKeyType":1,"closed":-1,"used":1721051170844,"created":1721051170844,"remoteIdentityKey":"BWz0W2MmAvM8DxKuQ9oVkp4u2/pHkXkqn0Ke4e/5rzhq"},"_chains":{"BaxZ9hypOeOPeYbRTE/eVB/lUbjNu6HBi5ferApbiyMR":{"chainKey":{"counter":131,"key":"aDLzH9HFTJTPHhKHcljnVGC68AFuR/QG8RsUBvBp/7c="},"chainType":1,"messageKeys":{}}},"pendingPreKey":{"signedKeyId":4,"baseKey":"Bfy9d5syk0yeWCIrI1KUXpJTUVIhicxHnfQ83GGTUYMB","preKeyId":9746970}}},"version":"v1"}