{"_sessions":{"BWvPx2ciQazVd7EQXqS1oUVjcI6Fv0fFmDXE6huej2t8":{"registrationId":123,"currentRatchet":{"ephemeralKeyPair":{"pubKey":"BTVZwQCd3qu4dCa//txhUZBjYCUJafrIwlqxRcI5e31k","privKey":"yOaO0MlHuGoS20td6gZSf86zQn+uflwyaxYXrK8XVlg="},"lastRemoteEphemeralKey":"BQCb9wwNcQ8pQ2Km+BAkCROzHDfFog372f/qI5A9syxw","previousCounter":0,"rootKey":"Y0UFXdCZQUbNtYJZmPNdUKnIs/dzidDQ+Buna+Jbqas="},"indexInfo":{"baseKey":"BWvPx2ciQazVd7EQXqS1oUVjcI6Fv0fFmDXE6huej2t8","baseKeyType":1,"closed":-1,"used":1721051772233,"created":1721051772233,"remoteIdentityKey":"BYXX1P+JZQitcEJuPT+efnb9dEfHN1NlUFFkmKbyLt5n"},"_chains":{"BTVZwQCd3qu4dCa//txhUZBjYCUJafrIwlqxRcI5e31k":{"chainKey":{"counter":0,"key":"daiXT6gJ9HHQL2+Oq+j7gSzw+qEmdh1KwVFb2WSYKy0="},"chainType":1,"messageKeys":{}}},"pendingPreKey":{"signedKeyId":1,"baseKey":"BWvPx2ciQazVd7EQXqS1oUVjcI6Fv0fFmDXE6huej2t8"}}},"version":"v1"}