{"_sessions":{"Bc2HAfBBBt4WxCGpgZGQpulm2T+3b8xaikTter9+RQJ1":{"registrationId":980186985,"currentRatchet":{"ephemeralKeyPair":{"pubKey":"BZah2y+1/klyK5uHcXSy/Kt7Nlwpvz3oiaYqJgmGVZBr","privKey":"iLk6akXtymZcsP/c84rvH0EiVVPLD4X9bUfTj0UIJmU="},"lastRemoteEphemeralKey":"BZXwFTUdgxK7VSuY/ttRPsCLVd0BxkxYEOVm4S6nO+tI","previousCounter":3,"rootKey":"Obd4O7sFyQXG9oRYuoot9z5iKuVIaHk7aD7PKJHQeVY="},"indexInfo":{"baseKey":"Bc2HAfBBBt4WxCGpgZGQpulm2T+3b8xaikTter9+RQJ1","baseKeyType":2,"closed":-1,"used":1721133405961,"created":1721116529663,"remoteIdentityKey":"BbuLkPa4a6LQHcIi4jAo2Qqjk6wzNXDpJ1O+NmYdFmwo"},"_chains":{"BcsRF8lNDRgsEgVO8rsGTxeCBtorIfR390toGh2B/6ME":{"chainKey":{"counter":1},"chainType":2,"messageKeys":{}},"BZqtjIUoBh8U7/JWB48VnabtVhC5LqS58B5gTgflhx5E":{"chainKey":{"counter":0},"chainType":2,"messageKeys":{}},"BWPwkWKUSHfZo/lH14ExtTZ9M2bifv9DVzpAKWVJM4oQ":{"chainKey":{"counter":0},"chainType":2,"messageKeys":{}},"BZXwFTUdgxK7VSuY/ttRPsCLVd0BxkxYEOVm4S6nO+tI":{"chainKey":{"counter":0,"key":"gJmGWg6QQEqXfaFbLaszm04aejeHZ/qQ5MqgwaUm8AQ="},"chainType":2,"messageKeys":{}},"BZah2y+1/klyK5uHcXSy/Kt7Nlwpvz3oiaYqJgmGVZBr":{"chainKey":{"counter":82,"key":"r7+sCI+guANlt157LPUGZECDXLwuxoUvgABznPt08Q4="},"chainType":1,"messageKeys":{}}}}},"version":"v1"}