{"_sessions":{"BRtWav76bItxEFCFuxQ5zbZqr1wWE+JWwFLxKjzwlcwp":{"registrationId":688448987,"currentRatchet":{"ephemeralKeyPair":{"pubKey":"BQNy4JXP8gqPaBjeeqQm9tchvdQXzDpAGAcGSY4QpS40","privKey":"cJxyXNbqRYkKXW8Crui/w0M+0XTRQxQG9njQsgVYZkw="},"lastRemoteEphemeralKey":"BSex2U9g6fu1mZ92a1+cTwTT+ILPAqdL76q/ewU4GThj","previousCounter":0,"rootKey":"ibIbiO8IHyav3bALbIsn8Xh7btZK6eQtYyEDtkXcXgc="},"indexInfo":{"baseKey":"BRtWav76bItxEFCFuxQ5zbZqr1wWE+JWwFLxKjzwlcwp","baseKeyType":1,"closed":-1,"used":1721059322755,"created":1721059322755,"remoteIdentityKey":"BUOEIkV60kC/hFl7sGPS+x89znzbijMLNagbY4VblDB4"},"_chains":{"BQNy4JXP8gqPaBjeeqQm9tchvdQXzDpAGAcGSY4QpS40":{"chainKey":{"counter":5,"key":"XdPZV5Crt4/lt93U/4iXIbF7hLpE6yoHFdAiBnAmSQA="},"chainType":1,"messageKeys":{}}},"pendingPreKey":{"signedKeyId":0,"baseKey":"BRtWav76bItxEFCFuxQ5zbZqr1wWE+JWwFLxKjzwlcwp","preKeyId":1593881}}},"version":"v1"}