{"_sessions":{"BclnEXPzBeeJp4d5x5DY/sjcVXde4YCFjZI/MbfbWIdx":{"registrationId":440451985,"currentRatchet":{"ephemeralKeyPair":{"pubKey":"BUFLtSfphn8ks/TI8BiV2LbTn9LBXJW8jch920ARoUVN","privKey":"YC/2ExuJa/YD8A2SLpA0s0+araI7fSgxOwx6KUJSf1s="},"lastRemoteEphemeralKey":"BU7hIi1DbuCQ+8aQ8SDTLz91gWdnpbTmFZczJrQYFBwu","previousCounter":0,"rootKey":"LkyyhCBUX/fkaFee+OxGOhQ4+YtYcjJiEd66P4004G0="},"indexInfo":{"baseKey":"BclnEXPzBeeJp4d5x5DY/sjcVXde4YCFjZI/MbfbWIdx","baseKeyType":1,"closed":-1,"used":1721069705439,"created":1721069705439,"remoteIdentityKey":"BdoRF4jrDNaBSfjoUM8hty3F1f0CN2l2guTT0cfIPLlb"},"_chains":{"BUFLtSfphn8ks/TI8BiV2LbTn9LBXJW8jch920ARoUVN":{"chainKey":{"counter":0,"key":"gutucFeDlQtA6yznvpHGIHEiAIGM84htsp66MVx3X6g="},"chainType":1,"messageKeys":{}}},"pendingPreKey":{"signedKeyId":20,"baseKey":"BclnEXPzBeeJp4d5x5DY/sjcVXde4YCFjZI/MbfbWIdx","preKeyId":11677332}}},"version":"v1"}