{"_sessions":{"BavO0OJtBSJO8qmi8ZTjbh/cYAnW5vZWDwBKBlw11q89":{"registrationId":125,"currentRatchet":{"ephemeralKeyPair":{"pubKey":"BXq/4as2r7Do/lMTIIk8bi+Dsw1Q0zwf+ZtBx6kg9ioO","privKey":"SONnjATzvKAPYauxuYIuqq3lH2jT2BF9uezo+cvRw0k="},"lastRemoteEphemeralKey":"BaQ28Grj9RuB7qLi+Ee98UziQthoZcSEb5XPXzhsNZxN","previousCounter":0,"rootKey":"Mv6Ytgcggi4f9q5/hqxwLSsFGO3GPiBGb4SNvBLRrvE="},"indexInfo":{"baseKey":"BavO0OJtBSJO8qmi8ZTjbh/cYAnW5vZWDwBKBlw11q89","baseKeyType":1,"closed":-1,"used":1721051170371,"created":1721051170371,"remoteIdentityKey":"BZdGeClliqY1kNoGiEDnxENnt3jYbySiFZdCukKH/39/"},"_chains":{"BXq/4as2r7Do/lMTIIk8bi+Dsw1Q0zwf+ZtBx6kg9ioO":{"chainKey":{"counter":40,"key":"hmMSmg7iw6KT4tFb+FgL+UqErpRywoXCNQGWNt0y4FQ="},"chainType":1,"messageKeys":{}}},"pendingPreKey":{"signedKeyId":1,"baseKey":"BavO0OJtBSJO8qmi8ZTjbh/cYAnW5vZWDwBKBlw11q89"}}},"version":"v1"}