{"_sessions":{"BQ6Wu4FwWRPXcJvfUkPqu2FJG4nrlt1cDwCo1WEG9JBA":{"registrationId":807849883,"currentRatchet":{"ephemeralKeyPair":{"pubKey":"Bece6+6hOL2AspbcHsdgYc8ydcr3Mkb/n+td6fISYKJx","privKey":"ODwp03nJxconnXhz2uHiKueuBgitP/74mQboJok0rW0="},"lastRemoteEphemeralKey":"BaaXFnRFTJdrISh7hiPfIbJiLAdJ33Z4i7t1pP4Ph+5l","previousCounter":0,"rootKey":"vRHjGYUChbhJrRKAt8/EpVAf2qxaIGgV53Zd8iQo9eE="},"indexInfo":{"baseKey":"BQ6Wu4FwWRPXcJvfUkPqu2FJG4nrlt1cDwCo1WEG9JBA","baseKeyType":1,"closed":-1,"used":1721051170938,"created":1721051170938,"remoteIdentityKey":"Bb+3LEo7C3dd+Q6yOEk8WMJGRj68a8B/lw23HZAtfIY6"},"_chains":{"Bece6+6hOL2AspbcHsdgYc8ydcr3Mkb/n+td6fISYKJx":{"chainKey":{"counter":130,"key":"Vg9JOkDLBF+wB4Ru36IwcC7Vcin097MlFUu1jBqj2uY="},"chainType":1,"messageKeys":{}}},"pendingPreKey":{"signedKeyId":1,"baseKey":"BQ6Wu4FwWRPXcJvfUkPqu2FJG4nrlt1cDwCo1WEG9JBA","preKeyId":10686818}}},"version":"v1"}