{"_sessions":{"BZpmP+mo/uRwp3SEkKU+u9waBA0KLrA2r8oDRctwaqss":{"registrationId":1863317028,"currentRatchet":{"ephemeralKeyPair":{"pubKey":"BW+RSDo6x6FGiMj0ljyAS6Mn0yvagrW1+TXSgM19rCUG","privKey":"YDPkHdxHEyGkUPkA4AQ7BCVR4BRVXBQAlablpS1DL1s="},"lastRemoteEphemeralKey":"BdydCRBT3YCUSPDfbhIzbh/hJBO1TsApstCR48y3sJld","previousCounter":0,"rootKey":"VKBgHzvibFdIs6V9K1I43HQTFqDFhsOqYoCP229ChhI="},"indexInfo":{"baseKey":"BZpmP+mo/uRwp3SEkKU+u9waBA0KLrA2r8oDRctwaqss","baseKeyType":1,"closed":-1,"used":1721051170572,"created":1721051170572,"remoteIdentityKey":"BXLMViPLBnnNJcQb2pGDYmrWqtjwh+gEp023wBJwe5lP"},"_chains":{"BW+RSDo6x6FGiMj0ljyAS6Mn0yvagrW1+TXSgM19rCUG":{"chainKey":{"counter":130,"key":"T1U9Q0x9N0782zmJGX1ch4xHWg4JwHMGqDAoPsKMZnM="},"chainType":1,"messageKeys":{}}},"pendingPreKey":{"signedKeyId":4,"baseKey":"BZpmP+mo/uRwp3SEkKU+u9waBA0KLrA2r8oDRctwaqss","preKeyId":1235060}}},"version":"v1"}