{"_sessions":{"BU2VbtOHBT/z02qexCVbT2DDF1mmq6hBB/C8tqDFHg9j":{"registrationId":1715809703,"currentRatchet":{"ephemeralKeyPair":{"pubKey":"BaQcgxA0+QAsnbS3EN662dr0qQlFDiUjyaKBe1K4Wrdx","privKey":"sDW3OoG0s5tjJp93QrZmTexFSuqatj7uCe6g6F3m30U="},"lastRemoteEphemeralKey":"Bfk/UuuJwbu9z9l14Q3SbIuCOkvUs2+cS9hnklMl5/E+","previousCounter":0,"rootKey":"Sl08wQLJ4vUsBTLN/qKJmFVrRbUxcmxpcx72oRO6kWk="},"indexInfo":{"baseKey":"BU2VbtOHBT/z02qexCVbT2DDF1mmq6hBB/C8tqDFHg9j","baseKeyType":1,"closed":-1,"used":1721061609834,"created":1721061609834,"remoteIdentityKey":"BYjbKMw9vGbWltN6+i4gdgfkDSfgU1fsN2Iur273kzUn"},"_chains":{"BaQcgxA0+QAsnbS3EN662dr0qQlFDiUjyaKBe1K4Wrdx":{"chainKey":{"counter":4,"key":"Wg+yEyAXZj9oAm7PCMXqlxp//MZvBPTHJK66P5/Zk9A="},"chainType":1,"messageKeys":{}}},"pendingPreKey":{"signedKeyId":4,"baseKey":"BU2VbtOHBT/z02qexCVbT2DDF1mmq6hBB/C8tqDFHg9j","preKeyId":11933797}}},"version":"v1"}