{"_sessions":{"BR5DacOIJsAqi1ZBykkO1eULe60KnLQZ8nbRqyj+bVlB":{"registrationId":756935439,"currentRatchet":{"ephemeralKeyPair":{"pubKey":"BVH2k6OjqX02dHkYsDdVkfVbn7VAkCM5i6NawjwEfo0/","privKey":"sJQJJKTKI4PtToZKCGqBJ2ssA3UkzaVAIRsc5YolfGw="},"lastRemoteEphemeralKey":"BYfz6BKD9KR5HSPO2ZwTXwD8DxF25kVvlEFAaLIMB2AJ","previousCounter":0,"rootKey":"cpy5kaupwgrjp/a+ptxaNwAoCQwhKXf2ALHqxkD4yMQ="},"indexInfo":{"baseKey":"BR5DacOIJsAqi1ZBykkO1eULe60KnLQZ8nbRqyj+bVlB","baseKeyType":1,"closed":-1,"used":1721069705656,"created":1721069705656,"remoteIdentityKey":"BQZLd9b37ZWEm7KCU07JGYqrZx7rfpS33jJwKvMzUvhU"},"_chains":{"BVH2k6OjqX02dHkYsDdVkfVbn7VAkCM5i6NawjwEfo0/":{"chainKey":{"counter":0,"key":"bTV8jyYJKmXvH0YzsZKqwyv95hh2U/RG0Wk6RSs5pY8="},"chainType":1,"messageKeys":{}}},"pendingPreKey":{"signedKeyId":0,"baseKey":"BR5DacOIJsAqi1ZBykkO1eULe60KnLQZ8nbRqyj+bVlB"}}},"version":"v1"}