{"_sessions":{"Be6+q3tQKOykUEXoPpRDuy2HssKxACilRwhRXAKinvNF":{"registrationId":218226124,"currentRatchet":{"ephemeralKeyPair":{"pubKey":"BenLwCzOw10tgtVmyLd53PbKqgDReSvy6ij2ug6hvHYK","privKey":"4DCM9d6Sbgz2Y+Xjk+rm8VtvW+YH3BbRYwZ3n2vDXnc="},"lastRemoteEphemeralKey":"BXcrH6amA+vZ1t60K6yQFUeXxNF4UPPMJzL1fu5+GFRX","previousCounter":0,"rootKey":"GmZY3WSzwnBRKh74YgaBVRbS9tuid6VkBxbcfVgTvjM="},"indexInfo":{"baseKey":"Be6+q3tQKOykUEXoPpRDuy2HssKxACilRwhRXAKinvNF","baseKeyType":1,"closed":-1,"used":1721069705639,"created":1721069705639,"remoteIdentityKey":"BfTtvIEwt69NpwRk1Rn+50Zrg+G5b+POL2ubAGdwj/xF"},"_chains":{"BenLwCzOw10tgtVmyLd53PbKqgDReSvy6ij2ug6hvHYK":{"chainKey":{"counter":0,"key":"kMPBB0VvIbn8UjngpifRY/HB1gPQaLBqkQ0TkZsvz4s="},"chainType":1,"messageKeys":{}}},"pendingPreKey":{"signedKeyId":0,"baseKey":"Be6+q3tQKOykUEXoPpRDuy2HssKxACilRwhRXAKinvNF"}}},"version":"v1"}