{"_sessions":{"BeL9uQLyT2wroyuhVNZSS+MAKOZvTkwDnpvcmk6hiQph":{"registrationId":482869667,"currentRatchet":{"ephemeralKeyPair":{"pubKey":"BcUNpZ8rZ8UDWyNYkMB6TD9nNOOm4lGTacynW5Es/Ldp","privKey":"8EhRCg6nmr07h2UzyISkBxSNiXVxpWlBcbtmyIfsXUY="},"lastRemoteEphemeralKey":"BVe2pssbhaMVE+YQOySoao7JnmWJrY+Vn179vCe9bklB","previousCounter":0,"rootKey":"kyidorjpfKtL586v+oYjced6CkRR6Meu1NkYf7agOCo="},"indexInfo":{"baseKey":"BeL9uQLyT2wroyuhVNZSS+MAKOZvTkwDnpvcmk6hiQph","baseKeyType":1,"closed":-1,"used":1721051170663,"created":1721051170663,"remoteIdentityKey":"BQrDsnsKoG/nnyVey6fR0fF3AjdSO+8VQRAZKGCzjZIH"},"_chains":{"BcUNpZ8rZ8UDWyNYkMB6TD9nNOOm4lGTacynW5Es/Ldp":{"chainKey":{"counter":47,"key":"oXC4NC0XN78nl1g8JfkqdrJ9aVaqz8YVkHhCdHyfkdU="},"chainType":1,"messageKeys":{}}},"pendingPreKey":{"signedKeyId":0,"baseKey":"BeL9uQLyT2wroyuhVNZSS+MAKOZvTkwDnpvcmk6hiQph","preKeyId":5077341}}},"version":"v1"}