{"_sessions":{"BRRtL0w0nVJz44dS6204//rgjXo4sz0KrH84QNtK//JS":{"registrationId":1229788063,"currentRatchet":{"ephemeralKeyPair":{"pubKey":"BY37Ik/ySrKOJHsMzL7sseAxQmj6V7RolewB+comN7ok","privKey":"iGzwKiSSM8bii8XUH+TfwJVx1hp2Tmba2hXh11naI3E="},"lastRemoteEphemeralKey":"BYZdGDfDZ5wt9p7/rAQB2pUaPloPJR0AYv0YOnQ+M+BP","previousCounter":0,"rootKey":"4TWNRYCCncRKJeo7V8Sm8Okwp9BzSzRU30sfxaFYB/I="},"indexInfo":{"baseKey":"BRRtL0w0nVJz44dS6204//rgjXo4sz0KrH84QNtK//JS","baseKeyType":1,"closed":-1,"used":1721157742318,"created":1721143362898,"remoteIdentityKey":"Baft4S81llPQnUnLidrw7xgOIzq5lMnuy3kyN78J88tT"},"_chains":{"BeCHk/kYnq6od6WKG/leURjNyrbt2TBjGeFFjk6BEZ1p":{"chainKey":{"counter":0},"chainType":2,"messageKeys":{}},"BauXK+kbewYikjBYp87FCenwLPqxbxK17lfxJ/x9BjIH":{"chainKey":{"counter":0},"chainType":2,"messageKeys":{}},"BUJ6MfoS8na9bqv3SbEcbT/gSJNqbQHBFx9DPojXzPZW":{"chainKey":{"counter":0},"chainType":2,"messageKeys":{}},"BYZdGDfDZ5wt9p7/rAQB2pUaPloPJR0AYv0YOnQ+M+BP":{"chainKey":{"counter":0,"key":"1/oG7Gt8rXAnIOgEEBgnl1mhyC7bRp4fpSdPAXloLXM="},"chainType":2,"messageKeys":{}},"BY37Ik/ySrKOJHsMzL7sseAxQmj6V7RolewB+comN7ok":{"chainKey":{"counter":-1,"key":"ng1RltEOSK2utzFFf4Vlp29QaOS3SleQScnhj/ZqHKo="},"chainType":1,"messageKeys":{}}}}},"version":"v1"}