{"_sessions":{"BVrskBvUHUFU/NFg3cpToVD5OZrzybmRPJBATYoOe+cS":{"registrationId":715469523,"currentRatchet":{"ephemeralKeyPair":{"pubKey":"BeSeqCcAFdD6Jm6K/1OIsPRhUg7D+x1OOH2ZAQxH3wUC","privKey":"GNokNOXAVbruky1R06stRpEMdUizK0UNxkm8IMlyZ3A="},"lastRemoteEphemeralKey":"BZfEwL0DH42e/vlIDtlObaR0dOqkSVQdyFkNprdyiZZO","previousCounter":0,"rootKey":"2Yhq78zAzeGPUnTh26AE/NVJk20YCby5egGLNzsl7qc="},"indexInfo":{"baseKey":"BVrskBvUHUFU/NFg3cpToVD5OZrzybmRPJBATYoOe+cS","baseKeyType":1,"closed":-1,"used":1721059323012,"created":1721059323012,"remoteIdentityKey":"Bdxw7Yj76+XHZV33WlywPTPUyBfcGcsOAnXtHIOoEC1n"},"_chains":{"BeSeqCcAFdD6Jm6K/1OIsPRhUg7D+x1OOH2ZAQxH3wUC":{"chainKey":{"counter":5,"key":"7HtiNL/BCynwAeeC18O+PGJjG01LkE7392sbTXFJCD0="},"chainType":1,"messageKeys":{}}},"pendingPreKey":{"signedKeyId":4305900,"baseKey":"BVrskBvUHUFU/NFg3cpToVD5OZrzybmRPJBATYoOe+cS"}}},"version":"v1"}