{"_sessions":{"BQyVqFINgNTVNUCj2xiLX76aboK2CAKymW1gIRb/iHNh":{"registrationId":223570752,"currentRatchet":{"ephemeralKeyPair":{"pubKey":"BYYW0eJO+rFhzM10/qDy4WF6hC/sNmNVUoiOa1Sz5YB8","privKey":"EJp105/3x36K1lbkNORtobOWm6TVMnUDqgjllKm+1lU="},"lastRemoteEphemeralKey":"BfresGz49lOYpCLW7piAhbxdkeivQdzwnvhTql0av0dN","previousCounter":0,"rootKey":"JFWwY7spwe2PLKyuoV4pjENTxCYWdt37GFNslmYwvwQ="},"indexInfo":{"baseKey":"BQyVqFINgNTVNUCj2xiLX76aboK2CAKymW1gIRb/iHNh","baseKeyType":2,"closed":-1,"used":1721078660586,"created":1721078660586,"remoteIdentityKey":"BaDTSTMXsEygP+PPyyXoaFG8YXd5dGhhmwpC7bUX6cVw"},"_chains":{"BfresGz49lOYpCLW7piAhbxdkeivQdzwnvhTql0av0dN":{"chainKey":{"counter":0,"key":"3Q4WXL32iiLz/550CbJ7oBOYPRTzRM3jLQsxv6V2Hek="},"chainType":2,"messageKeys":{}},"BYYW0eJO+rFhzM10/qDy4WF6hC/sNmNVUoiOa1Sz5YB8":{"chainKey":{"counter":-1,"key":"rLqzKLHYzYuPMYlU+BSyrDROiiTgWy9R/v9wAfMjoFg="},"chainType":1,"messageKeys":{}}}}},"version":"v1"}