{"_sessions":{"BZ3bApgocjwqRdteDwV8Qp/WcUIPhHv84beLef5A+vRR":{"registrationId":455611668,"currentRatchet":{"ephemeralKeyPair":{"pubKey":"BTxo9MbPE4wuFXcFZZgi0c2VutSWbij5RscdqQICs6xA","privKey":"yI+r3cGu+ACxRyh5fh9kYCI9s1jAnGSBIEdDYpGP2m0="},"lastRemoteEphemeralKey":"BRkik/ttMhSDS6B+0UAuTSvDHT5fDPgAuS+k2CCChtwR","previousCounter":0,"rootKey":"5R3x/Tkw06Yppt+CX+qbMrKuJ6LZU4cVgY4m6sEOa5k="},"indexInfo":{"baseKey":"BZ3bApgocjwqRdteDwV8Qp/WcUIPhHv84beLef5A+vRR","baseKeyType":1,"closed":-1,"used":1721051170556,"created":1721051170556,"remoteIdentityKey":"BcpZyYM7tigea1NhLwavzEQNj08EykE0+Cavd3lNqIAM"},"_chains":{"BTxo9MbPE4wuFXcFZZgi0c2VutSWbij5RscdqQICs6xA":{"chainKey":{"counter":130,"key":"nIi8Prww/N+hz2qGWZ9YBF1FCyXdGWcP2xkb1BuXUoA="},"chainType":1,"messageKeys":{}}},"pendingPreKey":{"signedKeyId":1,"baseKey":"BZ3bApgocjwqRdteDwV8Qp/WcUIPhHv84beLef5A+vRR","preKeyId":5345389}}},"version":"v1"}