{"_sessions":{"BZcQsD4csFr4O/lyXU27ogsLkaHle7D+ntm0DUEc/lZk":{"registrationId":2021725521,"currentRatchet":{"ephemeralKeyPair":{"pubKey":"BTAKi8AhupoAT9oeLLAnfA4+sOB4dHhP9N8G2WjqwSMH","privKey":"GAxvDCKQhNtc6+RIRWMmU6k6i//RdXpapt5H1ho+In8="},"lastRemoteEphemeralKey":"Be98K7wCZA7ymiwatKyoOcPVO3A5T1Nmn6i/VoFCKmAF","previousCounter":0,"rootKey":"I6N6nKg4j3ypvQKkvQRYGKqQ4CQfw8iQeaJHOGYrjWU="},"indexInfo":{"baseKey":"BZcQsD4csFr4O/lyXU27ogsLkaHle7D+ntm0DUEc/lZk","baseKeyType":1,"closed":-1,"used":1721051170836,"created":1721051170836,"remoteIdentityKey":"Ba4M7aNirOt0P9pqAGLCIGQwlWZbnaop1t4vPLGCxNAN"},"_chains":{"BTAKi8AhupoAT9oeLLAnfA4+sOB4dHhP9N8G2WjqwSMH":{"chainKey":{"counter":130,"key":"TfpYfKm66LtSFkR6qMu1rF03ikW1QrEOs/GvZCPO0O4="},"chainType":1,"messageKeys":{}}},"pendingPreKey":{"signedKeyId":14,"baseKey":"BZcQsD4csFr4O/lyXU27ogsLkaHle7D+ntm0DUEc/lZk"}}},"version":"v1"}