{"_sessions":{"BSJisDhA/3xnIIOndrn7rXdyqxeNb8esih76HnaP2LsI":{"registrationId":12319,"currentRatchet":{"ephemeralKeyPair":{"pubKey":"BcPRxjYlGVvIUhye8QcFRHGObEZu5+tRlpp7FF/jyk0G","privKey":"wPifeYOb5suuNwswzRYAFVeH/A3UNLnSUlaQtHSDuE8="},"lastRemoteEphemeralKey":"BQp4c1RFDydWMZaJvgEFHXyIvWqlx0oKpRi4Si9C6joc","previousCounter":0,"rootKey":"dMRIuQdFXUlWXsdgYW3UiQHzWb+AvgffPIeCVPbafEo="},"indexInfo":{"baseKey":"BSJisDhA/3xnIIOndrn7rXdyqxeNb8esih76HnaP2LsI","baseKeyType":1,"closed":-1,"used":1721061609651,"created":1721061609651,"remoteIdentityKey":"BXcC7pEBIXM+b8kZ7MgvRPXBNb80YnajF4cGerXNkvY4"},"_chains":{"BcPRxjYlGVvIUhye8QcFRHGObEZu5+tRlpp7FF/jyk0G":{"chainKey":{"counter":4,"key":"xuSIrK2HW2sUwTTPEH2w6XakrcG//U1DDbNTFM2fTsE="},"chainType":1,"messageKeys":{}}},"pendingPreKey":{"signedKeyId":1,"baseKey":"BSJisDhA/3xnIIOndrn7rXdyqxeNb8esih76HnaP2LsI"}}},"version":"v1"}