{"_sessions":{"Be5x1KsUCTtSJZ0PoMAdQioSU2tCwJiiVxJrzBV8lHJB":{"registrationId":2053498252,"currentRatchet":{"ephemeralKeyPair":{"pubKey":"BWpJ0qwRAl1jaIzR1QcUxMC7TY05ysLfkk71zuQ71mUR","privKey":"8CD0hxkck0l4qsHYiQVCKUo/Mn+dmmbKjOEP9x4G5Xk="},"lastRemoteEphemeralKey":"BVe/OQdfWxdNzf/C7X5QTPqpQh/g+D88waEUUyXU7R1P","previousCounter":51,"rootKey":"jS0hW+XG3vtg8jdaGhCG05oc0uVja2cQLhPhp7kYUAo="},"indexInfo":{"baseKey":"Be5x1KsUCTtSJZ0PoMAdQioSU2tCwJiiVxJrzBV8lHJB","baseKeyType":1,"closed":-1,"used":1721157273529,"created":1721136701439,"remoteIdentityKey":"BZw3CNJisoDpbD6TSxm9wnMuFWWZsEP21Ota1kxPb20/"},"_chains":{"BRKquZfpplIGPwSy6lVvl0daO2lsEok9FPT6hsJVyag9":{"chainKey":{"counter":0},"chainType":2,"messageKeys":{}},"BVe/OQdfWxdNzf/C7X5QTPqpQh/g+D88waEUUyXU7R1P":{"chainKey":{"counter":0,"key":"phsMr/UVseb60BTdVrN3+xwbn44ti+wwhs2/0NfJ/dk="},"chainType":2,"messageKeys":{}},"BWpJ0qwRAl1jaIzR1QcUxMC7TY05ysLfkk71zuQ71mUR":{"chainKey":{"counter":-1,"key":"9B5gUUkRpfQLkz6GfZph4Q/hCDzuWvaNpwNzDqVnJg0="},"chainType":1,"messageKeys":{}}}}},"version":"v1"}