{"_sessions":{"BVAecPWtH9lbVYuZ6aJoEJgrKszM/1J/UWpLSefERDZq":{"registrationId":217236496,"currentRatchet":{"ephemeralKeyPair":{"pubKey":"BSvPNCwjmPv8cqoeRJtAxbNH7VXZnS9xRn08Uh5urgEf","privKey":"WFDeiWDjIWhL0pYMsjI3E4bwdmS79z/p2zcNQtXlk0w="},"lastRemoteEphemeralKey":"BYLui91l7h2NwiXKEZc7VJ1xSMcTXu5mL4DHRXUSvxdF","previousCounter":0,"rootKey":"JngjfP8VWx3ecWkdMT6jD2h9xsaOu/EfwtUDr46OmOc="},"indexInfo":{"baseKey":"BVAecPWtH9lbVYuZ6aJoEJgrKszM/1J/UWpLSefERDZq","baseKeyType":1,"closed":-1,"used":1721061609742,"created":1721061609742,"remoteIdentityKey":"BbNZnJhqxlqUFGcDKJD3BM56GfPz4dzT7+acQEftpBg2"},"_chains":{"BSvPNCwjmPv8cqoeRJtAxbNH7VXZnS9xRn08Uh5urgEf":{"chainKey":{"counter":4,"key":"jPINQqCHLNb4e48TWTgg+U8Z9j99WtDpdSeEzSm7FsI="},"chainType":1,"messageKeys":{}}},"pendingPreKey":{"signedKeyId":4,"baseKey":"BVAecPWtH9lbVYuZ6aJoEJgrKszM/1J/UWpLSefERDZq","preKeyId":15354067}}},"version":"v1"}