{"_sessions":{"BQt4FhdsszQ1isJNP8DLgYSoaXUxTWOdR7ec2DwlPoRt":{"registrationId":109,"currentRatchet":{"ephemeralKeyPair":{"pubKey":"BUq97UOPQUv3nTnm1+EWyG7eYjxXFPW5d3ZThBPU1jZs","privKey":"WHTS30g4fXjMFT0ekJwDm2f4Je2ckoQZshltOoGqnVo="},"lastRemoteEphemeralKey":"BYN0xhGoyysqu6aU/+5RyX/WMBQPg5WfNbeuHmHIKTte","previousCounter":0,"rootKey":"LDED9JiJvs85RHFgPMX0kKIJfOudfdxYYadIYR4EjGU="},"indexInfo":{"baseKey":"BQt4FhdsszQ1isJNP8DLgYSoaXUxTWOdR7ec2DwlPoRt","baseKeyType":1,"closed":-1,"used":1721051170361,"created":1721051170361,"remoteIdentityKey":"BX1+bNi/wXG94V4WrVJOub6oM9WO/lLGWe+5VVvBul0G"},"_chains":{"BUq97UOPQUv3nTnm1+EWyG7eYjxXFPW5d3ZThBPU1jZs":{"chainKey":{"counter":32,"key":"6orVMwkshu9uWya6vhY/NhyXPLdAf67gdMlewwhRgQg="},"chainType":1,"messageKeys":{}}},"pendingPreKey":{"signedKeyId":1,"baseKey":"BQt4FhdsszQ1isJNP8DLgYSoaXUxTWOdR7ec2DwlPoRt"}}},"version":"v1"}