{"_sessions":{"BW8R69gqTk4lQSKknc4QVgfis+uzzel8N3iUZO1Sj+AN":{"registrationId":163,"currentRatchet":{"ephemeralKeyPair":{"pubKey":"BXVt5sCzB6xRyRtFELb0KVnU2DZg0xZQyiCRk1hM5to/","privKey":"iI2ti5gMCNrIblZlKyzJF0d9zdJ8gSLOZAEbai47EEQ="},"lastRemoteEphemeralKey":"BVcQXHrOZJuK5VVuevJQaXlmgktEDut6qFOG0SGFciAu","previousCounter":0,"rootKey":"859KpnnynckxUpcdBoyDSV37Qfw2iD+VVWrNg/FI6U4="},"indexInfo":{"baseKey":"BW8R69gqTk4lQSKknc4QVgfis+uzzel8N3iUZO1Sj+AN","baseKeyType":1,"closed":-1,"used":1720960363174,"created":1720960363174,"remoteIdentityKey":"BQ8k+FewbzSS65VtpIsTspF9qNyB8cNYG4phWcBN1kNW"},"_chains":{"BXVt5sCzB6xRyRtFELb0KVnU2DZg0xZQyiCRk1hM5to/":{"chainKey":{"counter":699,"key":"rDYsD2BeuajdpTqICbakSQjHOyIVCllElm1HNdZFvaA="},"chainType":1,"messageKeys":{}}},"pendingPreKey":{"signedKeyId":1,"baseKey":"BW8R69gqTk4lQSKknc4QVgfis+uzzel8N3iUZO1Sj+AN","preKeyId":38}}},"version":"v1"}