{"_sessions":{"BeLIdjj8lPU207dLEhW7HlD9I2mW240QdWKku2zzBi5P":{"registrationId":1933590653,"currentRatchet":{"ephemeralKeyPair":{"pubKey":"BWU/bF/GrozC1Tau2Y+m50hfOOzrW7sMxnciva2yQ7cy","privKey":"wHkn14VoQCMqfJcjgGoidkZTjMbEF1rtnWNxLi7y1FY="},"lastRemoteEphemeralKey":"BTdR6ZnIpVeVE9upNRvZDXtAsCRZ86Dl7ClU7fLSNgF3","previousCounter":0,"rootKey":"njteeUiGTJ41tS7tc848xHtvg6Y0XMYDhRFUPkORY+g="},"indexInfo":{"baseKey":"BeLIdjj8lPU207dLEhW7HlD9I2mW240QdWKku2zzBi5P","baseKeyType":1,"closed":-1,"used":1721069705633,"created":1721069705633,"remoteIdentityKey":"Bc8k1kzdEb/JMk5VtkErVr+Xr9y+o7mu2HvxKdJGc+R2"},"_chains":{"BWU/bF/GrozC1Tau2Y+m50hfOOzrW7sMxnciva2yQ7cy":{"chainKey":{"counter":0,"key":"qfwKEqNNG5rrRUJmquJgqdHsaMtHp77W2vP1yJcmjSo="},"chainType":1,"messageKeys":{}}},"pendingPreKey":{"signedKeyId":16,"baseKey":"BeLIdjj8lPU207dLEhW7HlD9I2mW240QdWKku2zzBi5P"}}},"version":"v1"}