{"_sessions":{"BceyPRsVmJ8pMEfbisIHmLFcXzg1n7xslgOdY04rSmUE":{"registrationId":252,"currentRatchet":{"ephemeralKeyPair":{"pubKey":"BXUk6KRMJG4Zi53mv8jXsl3XyhQXH+iu1YtYI4WrQHtf","privKey":"CP7WXiTU8bYuc9JJ5VUgMm2ywCjpPIvloi7MtbD5lnA="},"lastRemoteEphemeralKey":"BcoMOiQcCMXi10Wj4AtNjgxiJXuINgGz3T1mh/dh1btF","previousCounter":0,"rootKey":"PhIvImLp7L8+739+90CqtiUYDHw9BeGLOWrgxcW6ON4="},"indexInfo":{"baseKey":"BceyPRsVmJ8pMEfbisIHmLFcXzg1n7xslgOdY04rSmUE","baseKeyType":2,"closed":-1,"used":1721128500197,"created":1721100796493,"remoteIdentityKey":"BeDY3ALCdSmPtMSjJ57oGboUU5YnPxK7Y2CnwnCvEFtp"},"_chains":{"BZ/tb+XkmDouzR/58DOWcM+KJyKaKq9aGk4/aIVBulsc":{"chainKey":{"counter":1},"chainType":2,"messageKeys":{}},"BV7RRmOAGI6NCSNEToHPLV/b/N2HW7f7dt6abIZolw0d":{"chainKey":{"counter":0},"chainType":2,"messageKeys":{}},"BWVMEoK3jQnoO1GChwHzN/QDd2PjWNjXtQ8Lnyc2qct6":{"chainKey":{"counter":11},"chainType":2,"messageKeys":{}},"BeqFVg2cKN7speEZ1S/O614u0pczL6XXOb6dP5Lfb6Fq":{"chainKey":{"counter":4},"chainType":2,"messageKeys":{}},"BcoMOiQcCMXi10Wj4AtNjgxiJXuINgGz3T1mh/dh1btF":{"chainKey":{"counter":1,"key":"syFo6VvKnU1yxdV5hSxYWckFT7F2JUIg14BE7/bFpew="},"chainType":2,"messageKeys":{}},"BXUk6KRMJG4Zi53mv8jXsl3XyhQXH+iu1YtYI4WrQHtf":{"chainKey":{"counter":1,"key":"a2p+sTwx3EFp6hz60ao7M7Tehzk8UXBUrY+u4+7udZ0="},"chainType":1,"messageKeys":{}}}}},"version":"v1"}