{"_sessions":{"BbNRCQMyXtkc6nJpdU9PgCpt7Od+csiKQoKil1801UIe":{"registrationId":151,"currentRatchet":{"ephemeralKeyPair":{"pubKey":"Bd5Jz/z29yV10LHJhOv+Q6LjMWtyvS1IjqtEDy/eWntR","privKey":"+F4Vzhfr7tR4qjtmYROEoEU4pjjk/dSqFZ8SapR/8Vs="},"lastRemoteEphemeralKey":"BfjIGbsf07w9c9sIZ8oRJgGpwHmYoQ245xZsaJc+SOdn","previousCounter":0,"rootKey":"cHiKM65h97Xl+Zn9RwNEgVrEIOlzZEAfoVOlSitwPSs="},"indexInfo":{"baseKey":"BbNRCQMyXtkc6nJpdU9PgCpt7Od+csiKQoKil1801UIe","baseKeyType":1,"closed":-1,"used":1721059322817,"created":1721059322817,"remoteIdentityKey":"Bda6BSkka8Gsl94rJN1IST73qTBMz1cyVHiC3P1M7RtI"},"_chains":{"Bd5Jz/z29yV10LHJhOv+Q6LjMWtyvS1IjqtEDy/eWntR":{"chainKey":{"counter":5,"key":"wSTxIFfAiephowOM03ba70x/BSwnJEHndeeqcUaWRaw="},"chainType":1,"messageKeys":{}}},"pendingPreKey":{"signedKeyId":1,"baseKey":"BbNRCQMyXtkc6nJpdU9PgCpt7Od+csiKQoKil1801UIe"}}},"version":"v1"}