{"_sessions":{"BVljnulL9QmRrA1FS6aYMi5CnAFO/KYzzH5jDVkUC01v":{"registrationId":125815457,"currentRatchet":{"ephemeralKeyPair":{"pubKey":"BSoIZf9NdyzafHPvCZt9TXFcgmn8Lwfx2yolQRolalJ+","privKey":"MGUPZfRMTOX0xx8I5zxzJhyezYMOd9aHpkHta7DLn3U="},"lastRemoteEphemeralKey":"BdGI66c9r7fPYjKzaopgDzIPj99SliTtNTCn9ixtzNAQ","previousCounter":0,"rootKey":"3ICTuC6TQTT1lj7mGN2MeGA6sxfWLGuBk+WMprgvF7Y="},"indexInfo":{"baseKey":"BVljnulL9QmRrA1FS6aYMi5CnAFO/KYzzH5jDVkUC01v","baseKeyType":1,"closed":-1,"used":1721051170477,"created":1721051170477,"remoteIdentityKey":"BbOxtL4PLuce/SQm/RFbHYlO+SEiYCq4dQUOSSRVoWF5"},"_chains":{"BSoIZf9NdyzafHPvCZt9TXFcgmn8Lwfx2yolQRolalJ+":{"chainKey":{"counter":130,"key":"TIn/rv6Lygh7BoyAx5YPDDZflfF/+pSrbLyMhGcqAQ0="},"chainType":1,"messageKeys":{}}},"pendingPreKey":{"signedKeyId":20,"baseKey":"BVljnulL9QmRrA1FS6aYMi5CnAFO/KYzzH5jDVkUC01v"}}},"version":"v1"}