{"_sessions":{"BcX+1QZM4eAteEKHOPbekgH49Mo8sKZ6nJKaXcnxgAFV":{"registrationId":758462505,"currentRatchet":{"ephemeralKeyPair":{"pubKey":"BWLAkaZm8u1XYdB9pKlGeD14QvL4yhxQaupOiSuu/GIn","privKey":"IBMAwY6IoCQV9Qh3Hv6brO5QEqC2500Y0pb4snHjwEY="},"lastRemoteEphemeralKey":"BZdHv6vo+nyUitQ6dvHDzm3hToYebFgIwxLtAvc6N2gA","previousCounter":0,"rootKey":"G7LD1rsIlzVqZIrnVmXjNTJy6mp0+tvhUMOBG301sx8="},"indexInfo":{"baseKey":"BcX+1QZM4eAteEKHOPbekgH49Mo8sKZ6nJKaXcnxgAFV","baseKeyType":1,"closed":-1,"used":1721051170643,"created":1721051170643,"remoteIdentityKey":"BeB2gt6cof/R75pvIleS5KwZ8M+sXA9/HlCOrozUFNlF"},"_chains":{"BWLAkaZm8u1XYdB9pKlGeD14QvL4yhxQaupOiSuu/GIn":{"chainKey":{"counter":131,"key":"Mbo+VnyBIxo39HHxAd9o0uo3JUOroCuwjr33eD56HUA="},"chainType":1,"messageKeys":{}}},"pendingPreKey":{"signedKeyId":14,"baseKey":"BcX+1QZM4eAteEKHOPbekgH49Mo8sKZ6nJKaXcnxgAFV","preKeyId":1518081}}},"version":"v1"}