{"_sessions":{"Bb0APOzVEk4gtoPWyQxa75GniXP2jcwEE4b31jthWq1w":{"registrationId":564365730,"currentRatchet":{"ephemeralKeyPair":{"pubKey":"BRkm6YAta4L5teBEXxBMlBol7lyeABLgJWsuPnDcAmJE","privKey":"KOK2JFOt+59QG1wDbxGBEQA1Z0zoKbtsOOmOXgujpms="},"lastRemoteEphemeralKey":"BWaJ8emWv34mcqzmPwONa7/hjn6PLzX2vHsXBliyHwc7","previousCounter":0,"rootKey":"kqunzQr1eXdMi6u5B2uo+W+xg6+Kz/DNYt0EAvYi4ww="},"indexInfo":{"baseKey":"Bb0APOzVEk4gtoPWyQxa75GniXP2jcwEE4b31jthWq1w","baseKeyType":1,"closed":-1,"used":1721143956985,"created":1721143956985,"remoteIdentityKey":"BVk7SZHrF6srr6EMUKZ7Ql+I2bgUejeTttm1Pmw88IlI"},"_chains":{"BRkm6YAta4L5teBEXxBMlBol7lyeABLgJWsuPnDcAmJE":{"chainKey":{"counter":49,"key":"11EQuS5eJr5gjvlVDpnnZ7YTDCJAGET+XuQcgTlCu3Y="},"chainType":1,"messageKeys":{}}},"pendingPreKey":{"signedKeyId":4,"baseKey":"Bb0APOzVEk4gtoPWyQxa75GniXP2jcwEE4b31jthWq1w","preKeyId":15562265}}},"version":"v1"}