{"_sessions":{"BdD6n6FFDY6B97RE2WW9bsZw2MwLwUjF2dvhR2cnGxos":{"registrationId":1640730114,"currentRatchet":{"ephemeralKeyPair":{"pubKey":"BbJdE/eaOIywp3lAYxSJIKfIcjiz2apIY88u6FCtP/g0","privKey":"mGDJZ4YB+RtCbTyiMv/ThqbFOWHF3pb9ha5u3NwMeFw="},"lastRemoteEphemeralKey":"BbrQGiDpoQIiXiJVmyk13b0tjUqjuTYQIZuMZBhTfthj","previousCounter":0,"rootKey":"/3gCgLUUaiOcl8NORkZjgq57QwQsSltZwyQNXgiNJ4w="},"indexInfo":{"baseKey":"BdD6n6FFDY6B97RE2WW9bsZw2MwLwUjF2dvhR2cnGxos","baseKeyType":1,"closed":-1,"used":1721059322912,"created":1721059322912,"remoteIdentityKey":"BfBZSYWRw49Vr4XLrd02x50CYzzE3xbbFsNQwwjMbbAw"},"_chains":{"BbJdE/eaOIywp3lAYxSJIKfIcjiz2apIY88u6FCtP/g0":{"chainKey":{"counter":5,"key":"bqsuQKN5XVQnZA1Mctm6j9OOIq7zt+JrqCktYlYxYYs="},"chainType":1,"messageKeys":{}}},"pendingPreKey":{"signedKeyId":5,"baseKey":"BdD6n6FFDY6B97RE2WW9bsZw2MwLwUjF2dvhR2cnGxos","preKeyId":11162283}}},"version":"v1"}