{"_sessions":{"Bcz1kgXpdE3uC4LGtAYoWpL0vFtkqE8uOVF/JWdNSmcC":{"registrationId":1027595931,"currentRatchet":{"ephemeralKeyPair":{"pubKey":"BTcqolYK5AX0+7/q7z4UqdzvKPUpfSAqT4kbnXjdBM0R","privKey":"oDS3Md7UBbJIBTBlAYkH7mRJ2Eo5ixCnD2JQlUjI0F8="},"lastRemoteEphemeralKey":"BYgjHBUw4DgooIwi0Tg0eqQR2Eqc0Irb+bL5lQ/XXP0C","previousCounter":633,"rootKey":"DN86myN3jZM+AJuSkrW162mlYkzTRiO2r+IUw3x861g="},"indexInfo":{"baseKey":"Bcz1kgXpdE3uC4LGtAYoWpL0vFtkqE8uOVF/JWdNSmcC","baseKeyType":2,"closed":-1,"used":1721157231987,"created":1720960357279,"remoteIdentityKey":"BXCreeNn+kuFqBBfu0oeG+ZALB33lhtTNf3JGVEQlF1P"},"_chains":{"BbQ6cNFVza+z9qGBY/L79WFAJCwRM9VLfjVvrTnhKp0s":{"chainKey":{"counter":5},"chainType":2,"messageKeys":{}},"BRqBm9PeDUmi4cG/vhfgY0Tpagy+DGILjRuiXEb+R98L":{"chainKey":{"counter":1},"chainType":2,"messageKeys":{}},"BYe+WgLjFVNR1q7cwWTswg19oQz1EFhx3f7bn7zU+pE3":{"chainKey":{"counter":1},"chainType":2,"messageKeys":{"0":"afH1jrbuTtm3BE7R1um6TUnv+VVuT0ug/b7FwcUaSo4="}},"BYrI2egkDAzwHOz1peSP3jwBfHPWbdZ3IaPhImYaE20I":{"chainKey":{"counter":0},"chainType":2,"messageKeys":{}},"BYgjHBUw4DgooIwi0Tg0eqQR2Eqc0Irb+bL5lQ/XXP0C":{"chainKey":{"counter":0,"key":"s7az6xM/TYC0Xoxf7ITsmuhijIPBZJHJQABuBjBe3Tk="},"chainType":2,"messageKeys":{}},"BTcqolYK5AX0+7/q7z4UqdzvKPUpfSAqT4kbnXjdBM0R":{"chainKey":{"counter":110,"key":"AjvZPHbcvC6Oh3Byu6w2LZY5gziHWAg858Cvo8M2VIA="},"chainType":1,"messageKeys":{}}}}},"version":"v1"}