{"_sessions":{"BbJf/6Lg53WP9vkKYqA6Dn053U9gE7nvCqi82U9ecJJe":{"registrationId":1880,"currentRatchet":{"ephemeralKeyPair":{"pubKey":"BbxyKOgsReIkPKZJJ5nxeomNd7ChBBDgDvu4ay+Exoo+","privKey":"2LWe+BuQbHAXM2qNFYLi0o46zi5HrewaQY4acX6X/Hk="},"lastRemoteEphemeralKey":"BchJcinDqC0Zyv455vqVqn/ngejzdgylpVPBjZIOZQo5","previousCounter":0,"rootKey":"ym9761vINkloMT6+tML87QhYkbmmlov6Tc/xihzdNzI="},"indexInfo":{"baseKey":"BbJf/6Lg53WP9vkKYqA6Dn053U9gE7nvCqi82U9ecJJe","baseKeyType":1,"closed":-1,"used":1721059322858,"created":1721059322858,"remoteIdentityKey":"BcxE5EyP3G/WGoUJFNgr+dahae/qwwH6l/vB8+1w7t8D"},"_chains":{"BbxyKOgsReIkPKZJJ5nxeomNd7ChBBDgDvu4ay+Exoo+":{"chainKey":{"counter":5,"key":"EyGZLMbUJkLXWfr+xoQGP0+Iud8oo+RYjySiC73GTT4="},"chainType":1,"messageKeys":{}}},"pendingPreKey":{"signedKeyId":1,"baseKey":"BbJf/6Lg53WP9vkKYqA6Dn053U9gE7nvCqi82U9ecJJe"}}},"version":"v1"}