{"_sessions":{"BWMWYC5rNwN0/cEj3IaloJ1kL+zGBBIzGkcnpH97bIZ/":{"registrationId":1391967836,"currentRatchet":{"ephemeralKeyPair":{"pubKey":"BS/Pv0Iw2PVxu4OyLMkpfEpnZQYlzgWPcL293X8JhTkP","privKey":"CKwPpywmhL5Z+2kknTh4eS3iHbYkaZ688Ndan+Ho6nM="},"lastRemoteEphemeralKey":"BXN8XYk9/gmC4/BmlotTvWgdCQU85VcbGPs11oP3rBZw","previousCounter":0,"rootKey":"3MvqjmeoIoWZmP/+WCIK7RiAAgV3F/tVZz+QByRdMxM="},"indexInfo":{"baseKey":"BWMWYC5rNwN0/cEj3IaloJ1kL+zGBBIzGkcnpH97bIZ/","baseKeyType":1,"closed":1721128649529,"used":1721059323136,"created":1721059323136,"remoteIdentityKey":"BbEIkHTIOvPJ1C3tZGWpeKFQ0L+RGUcGpHxbxZi1BtVI"},"_chains":{"BS/Pv0Iw2PVxu4OyLMkpfEpnZQYlzgWPcL293X8JhTkP":{"chainKey":{"counter":4,"key":"k4sZzNUR4ay15FjtFMAffInsyAlXEXC0FKBnVbL5IgI="},"chainType":1,"messageKeys":{}}},"pendingPreKey":{"signedKeyId":0,"baseKey":"BWMWYC5rNwN0/cEj3IaloJ1kL+zGBBIzGkcnpH97bIZ/","preKeyId":7926816}},"Bco/ECKICHmIZx23J+apjaQNTxupmXtulw/HU2z3BGs+":{"registrationId":1032047584,"currentRatchet":{"ephemeralKeyPair":{"pubKey":"BQKP80+T6vMQBlh3CcE860ih8m8DaLJARRtJcnigtFIQ","privKey":"CNcWs/l9jWE56Eyx9s3y00WwiKIisuZLna2iUZOe4ng="},"lastRemoteEphemeralKey":"BXr5k/PT7wzEDXSrZIHgbmd4YLAwesWR6wL+2dmrNhFt","previousCounter":1,"rootKey":"Ga+RKA83vHw/68gzc8KFmQ/pRgYAdlMSjJzjjB6QVLQ="},"indexInfo":{"baseKey":"Bco/ECKICHmIZx23J+apjaQNTxupmXtulw/HU2z3BGs+","baseKeyType":1,"closed":1721147209697,"used":1721138616337,"created":1721128649528,"remoteIdentityKey":"Bckfof9pgNLp1jClsd3wrXptZSq5uMGXFOjcHs7ObBYk"},"_chains":{"BXr5k/PT7wzEDXSrZIHgbmd4YLAwesWR6wL+2dmrNhFt":{"chainKey":{"counter":0,"key":"/J08x3Of/PU+PNIIjFFHHC/k4TdIQm2mr6a8xbYBuSE="},"chainType":2,"messageKeys":{}},"BQKP80+T6vMQBlh3CcE860ih8m8DaLJARRtJcnigtFIQ":{"chainKey":{"counter":0,"key":"xzW8ALsq5z+EWc+2aYptWkIxdiqgVyF6UXALwUHbX6o="},"chainType":1,"messageKeys":{}}}},"Ban5Mvel099l8oIEjui3ja1/VkL01Msaez/EZzv64LcN":{"registrationId":1032047584,"currentRatchet":{"ephemeralKeyPair":{"pubKey":"Bd1feIsTIZryRXHURFSe3UrH9c+eIpV6a8m9siXmkUAs","privKey":"kG/03+++bkfKefRGMSpx0/ifo71csZnb/5jPz3ayInY="},"lastRemoteEphemeralKey":"BdOKSiyeDmNZZb0ZzUGEWYHWcPSy4BnsgtaXU9oU+AQS","previousCounter":0,"rootKey":"8s2bTzgGdvqKBPxb58McO0a/wOtKZfV2PGVC+a/zHkc="},"indexInfo":{"baseKey":"Ban5Mvel099l8oIEjui3ja1/VkL01Msaez/EZzv64LcN","baseKeyType":1,"closed":1721147215311,"used":1721147209694,"created":1721147209694,"remoteIdentityKey":"Bckfof9pgNLp1jClsd3wrXptZSq5uMGXFOjcHs7ObBYk"},"_chains":{"Bd1feIsTIZryRXHURFSe3UrH9c+eIpV6a8m9siXmkUAs":{"chainKey":{"counter":0,"key":"TubpSjuK/BY+PpeyTbLU5SusJfrNmGUScV0UObJrDFg="},"chainType":1,"messageKeys":{}}},"pendingPreKey":{"signedKeyId":0,"baseKey":"Ban5Mvel099l8oIEjui3ja1/VkL01Msaez/EZzv64LcN","preKeyId":13063576}},"BWa+7VWVtLc/JrJbxy1LhxOTDwBNkQtm0DxPEfBfK4sP":{"registrationId":1032047584,"currentRatchet":{"ephemeralKeyPair":{"pubKey":"BZuPPnTcrEySF6HNUD7eBnxRreHOy1Sd7Lx8tBYWJ0gc","privKey":"mNqt6UnmzTDgmxMZrMJPouecOGGZPV/LqCI7kiduPEQ="},"lastRemoteEphemeralKey":"BdOKSiyeDmNZZb0ZzUGEWYHWcPSy4BnsgtaXU9oU+AQS","previousCounter":0,"rootKey":"tuIePrrl45s2qtvlBvzct5JlcgCYs8kKeKd+XOyTJxU="},"indexInfo":{"baseKey":"BWa+7VWVtLc/JrJbxy1LhxOTDwBNkQtm0DxPEfBfK4sP","baseKeyType":1,"closed":-1,"used":1721147215309,"created":1721147215309,"remoteIdentityKey":"Bckfof9pgNLp1jClsd3wrXptZSq5uMGXFOjcHs7ObBYk"},"_chains":{"BZuPPnTcrEySF6HNUD7eBnxRreHOy1Sd7Lx8tBYWJ0gc":{"chainKey":{"counter":2,"key":"YmraXdHF5PeupnI9H5l5KUMcVhvPY7BTQjA3WdzyiZA="},"chainType":1,"messageKeys":{}}},"pendingPreKey":{"signedKeyId":0,"baseKey":"BWa+7VWVtLc/JrJbxy1LhxOTDwBNkQtm0DxPEfBfK4sP","preKeyId":13063016}}},"version":"v1"}