{"_sessions":{"BQtJh+juRh70ja/7ZO/zfdEYSKSIp6ZeYCblkYBdpvpc":{"registrationId":774725691,"currentRatchet":{"ephemeralKeyPair":{"pubKey":"Beb63BdKPgVXlPZ+FMBlVU1NM2cikdTmFvtZUUQAjbBj","privKey":"wCGx2Kh4ZEl6r1f7XYO8L1wKQR4PxY+XXhxsBTTUME4="},"lastRemoteEphemeralKey":"BfK6Q1yu0J/hOU5zwPc1pbOlmZim66vnCAGaxEaqWlJz","previousCounter":0,"rootKey":"LpQGfZeXVkrtUUApczf6D0SAwaam9IZWIqXUc9mwRPk="},"indexInfo":{"baseKey":"BQtJh+juRh70ja/7ZO/zfdEYSKSIp6ZeYCblkYBdpvpc","baseKeyType":1,"closed":-1,"used":1721061609814,"created":1721061609814,"remoteIdentityKey":"BXGZNoRJd5mJp0E4DaQb1bSo/QLQbU8p0PFVSH+D5BEg"},"_chains":{"Beb63BdKPgVXlPZ+FMBlVU1NM2cikdTmFvtZUUQAjbBj":{"chainKey":{"counter":4,"key":"ZQE0q0Xz9x+jrn+0VoCkzAJ7AHd6rzuryyz6rjBLGTw="},"chainType":1,"messageKeys":{}}},"pendingPreKey":{"signedKeyId":3,"baseKey":"BQtJh+juRh70ja/7ZO/zfdEYSKSIp6ZeYCblkYBdpvpc","preKeyId":15925263}}},"version":"v1"}