{"_sessions":{"BccCYVFEufZ2VWr/HuOAKyeJa9FJfb5JNHldkv1ABAdA":{"registrationId":1488541122,"currentRatchet":{"ephemeralKeyPair":{"pubKey":"BTISoLCFL+1g2mQeGIHkIjbEVweVTQSYhPPlinpSuHwE","privKey":"4DXu6HGRUfx5gpr8LGdz64hxPqRf3RpovAba79Y7MUQ="},"lastRemoteEphemeralKey":"BfgRR+ijohA9RztRvSv+iZCviOFLJzMQiUTUzOrm3Jo8","previousCounter":0,"rootKey":"rjA+WN2S7th4iB5IvBojjaPZjPSYy28RX27+WfpC7Uc="},"indexInfo":{"baseKey":"BccCYVFEufZ2VWr/HuOAKyeJa9FJfb5JNHldkv1ABAdA","baseKeyType":1,"closed":-1,"used":1721143362894,"created":1721143362894,"remoteIdentityKey":"BT9b3GIXIhvcu5G0LMs3CXM+0QJoProWM/qpFJ3WU3gC"},"_chains":{"BTISoLCFL+1g2mQeGIHkIjbEVweVTQSYhPPlinpSuHwE":{"chainKey":{"counter":4,"key":"GCFWdc5EzEO2aWde79IB9Ja9S4CeeL6gEOXRS+qVE74="},"chainType":1,"messageKeys":{}}},"pendingPreKey":{"signedKeyId":8,"baseKey":"BccCYVFEufZ2VWr/HuOAKyeJa9FJfb5JNHldkv1ABAdA","preKeyId":4546948}}},"version":"v1"}