{"_sessions":{"BSW7Bmensd51MJHr7bFPCUyk0tLo+j7aa8gDALV9Fbsq":{"registrationId":243697231,"currentRatchet":{"ephemeralKeyPair":{"pubKey":"BcnUZpAdhlrfmWPH9+HmSoLhWkkJRoNM1fprczCBWUJe","privKey":"+Mi/ldGDCrZfvwDQ2TFSLNtwVD9zgtOOPZSYSw+QDHU="},"lastRemoteEphemeralKey":"BTnolP28zezW1I/K2HXpTCzd0LUH16f+QyE9+UYE801X","previousCounter":0,"rootKey":"Lle68Hw5ymIVFG2OZmqpTq0t6Afy0I3/sOuSlsTwxQQ="},"indexInfo":{"baseKey":"BSW7Bmensd51MJHr7bFPCUyk0tLo+j7aa8gDALV9Fbsq","baseKeyType":1,"closed":-1,"used":1721069705457,"created":1721069705457,"remoteIdentityKey":"BQwEFt8pXDVmcsuaArxXZwg2GJ3qio4YbwxzKvh5S6wg"},"_chains":{"BcnUZpAdhlrfmWPH9+HmSoLhWkkJRoNM1fprczCBWUJe":{"chainKey":{"counter":0,"key":"RdD4X47ZP1B32uoYqQRdqSTqJwczsCCBKkXx0XllJHc="},"chainType":1,"messageKeys":{}}},"pendingPreKey":{"signedKeyId":3,"baseKey":"BSW7Bmensd51MJHr7bFPCUyk0tLo+j7aa8gDALV9Fbsq","preKeyId":591914}}},"version":"v1"}