{"_sessions":{"BVX33hoXVV6YlsaG5j5oS2DSZ9bjK4L5v8sKU1/gHVZa":{"registrationId":2119889265,"currentRatchet":{"ephemeralKeyPair":{"pubKey":"BesD5l9W7vzPwN5v1ogExDXon52uQ/ITaEBaAW/0zvBs","privKey":"iBtNYxQFNf2odcWkrf+Vu69ZoDzgjXRPKX8h2Tg07Xs="},"lastRemoteEphemeralKey":"BfQv0PrYeDWwUFnUNvhgzgOLAF6a7PKuc4yzshgLyqRW","previousCounter":0,"rootKey":"JQM2uwfzQDWyLbM9eyN5ODBSMLyQLUkDgrQVr7mlyiw="},"indexInfo":{"baseKey":"BVX33hoXVV6YlsaG5j5oS2DSZ9bjK4L5v8sKU1/gHVZa","baseKeyType":1,"closed":-1,"used":1721051171061,"created":1721051171061,"remoteIdentityKey":"BXIiLEmNHcVIlCvAMmHMZPEbhvcblplZF/IWGOUYLchF"},"_chains":{"BesD5l9W7vzPwN5v1ogExDXon52uQ/ITaEBaAW/0zvBs":{"chainKey":{"counter":130,"key":"QvfQobR5dFhfTHb9DnIKmMv9YaHeFCZyq7JDN23/TSY="},"chainType":1,"messageKeys":{}}},"pendingPreKey":{"signedKeyId":3,"baseKey":"BVX33hoXVV6YlsaG5j5oS2DSZ9bjK4L5v8sKU1/gHVZa","preKeyId":9548105}}},"version":"v1"}