{"_sessions":{"BfJ6lRyE5Lq4e9z7AK8EKRNVm5P5qd7+ozj/mahjDfNN":{"registrationId":1329134481,"currentRatchet":{"ephemeralKeyPair":{"pubKey":"BVgXe6WAeNz2mneimIiE913efe4vYf6pFbjQm2eWY+FE","privKey":"aIu1qzomQSkT+s5N4VIURPGjKJ9lnVivwGb92krsAW8="},"lastRemoteEphemeralKey":"BahtEs1Tzy0/zUiYZTQZSSKoRaS9ZISBGeh+w0RTYOZI","previousCounter":0,"rootKey":"WbjivoPR/i5LysEhJMY/Ej0LKT3ofmgxjnrF5vVcp/Q="},"indexInfo":{"baseKey":"BfJ6lRyE5Lq4e9z7AK8EKRNVm5P5qd7+ozj/mahjDfNN","baseKeyType":1,"closed":-1,"used":1721127675499,"created":1721127675499,"remoteIdentityKey":"BT089a3IubVXuPy6P928EqjZHYShFSzdh1FswARj0kts"},"_chains":{"BVgXe6WAeNz2mneimIiE913efe4vYf6pFbjQm2eWY+FE":{"chainKey":{"counter":85,"key":"9oFRcnj0zPU1p9czUrHlIGeYzz/PrXPVOszPmRFBPSQ="},"chainType":1,"messageKeys":{}}},"pendingPreKey":{"signedKeyId":3,"baseKey":"BfJ6lRyE5Lq4e9z7AK8EKRNVm5P5qd7+ozj/mahjDfNN","preKeyId":3708382}}},"version":"v1"}