{"_sessions":{"BU3kvuKZ2cwVtsRun/aSfT+ydu8CPlhDK/isy0051r8R":{"registrationId":4,"currentRatchet":{"ephemeralKeyPair":{"pubKey":"Bc2pRXdb5utOzPV0vI+J8/juC18fb52TXwl9oCzVfQl1","privKey":"yLd17DQxZbepa7r5omc4Gpf8NaArYCwtoNaW2SL2M0g="},"lastRemoteEphemeralKey":"BQA4vPi/Ig4ERpcT6+6DKBLlL0c3idoqxTEMe0WLdsgP","previousCounter":0,"rootKey":"sKGwbvfz8CZf77q8fJe9oCidRAJhMIqWU1o1P/Pn71Q="},"indexInfo":{"baseKey":"BU3kvuKZ2cwVtsRun/aSfT+ydu8CPlhDK/isy0051r8R","baseKeyType":1,"closed":1721057355246,"used":1721051170277,"created":1721051170277,"remoteIdentityKey":"BaQvx+ep3gPt32DbevirAnEQFuQLYHng2MzobrPNOB5e"},"_chains":{"Bc2pRXdb5utOzPV0vI+J8/juC18fb52TXwl9oCzVfQl1":{"chainKey":{"counter":28,"key":"OqzCteE8vx3PATNe4psrFvkwXpqyijl5wvD9IbXBdh8="},"chainType":1,"messageKeys":{}}},"pendingPreKey":{"signedKeyId":1,"baseKey":"BU3kvuKZ2cwVtsRun/aSfT+ydu8CPlhDK/isy0051r8R","preKeyId":146}},"BY9tQ0dx0ceN5iMa3F2Jp8YUiOx51wEdiCDfBALYRkhJ":{"registrationId":4,"currentRatchet":{"ephemeralKeyPair":{"pubKey":"BRKD4+7EuXjPkDNZm7fKLaCQFeCEFSnl0XM79NxXJOVy","privKey":"AI7wzs1P2vz5qdyGcoDoT1DVrSrwUVhYfm/zW1l2uHw="},"lastRemoteEphemeralKey":"BXbuBbIVSMcj3/GDVv7VauwVK0JwrLUs1zSsOO1SYC1T","previousCounter":0,"rootKey":"a3E1g1LQXpgmKA/oBver4J4lNtmAhR76qQyDMh3dhXk="},"indexInfo":{"baseKey":"BY9tQ0dx0ceN5iMa3F2Jp8YUiOx51wEdiCDfBALYRkhJ","baseKeyType":2,"closed":1721057713534,"used":1721057355250,"created":1721057355250,"remoteIdentityKey":"BaQvx+ep3gPt32DbevirAnEQFuQLYHng2MzobrPNOB5e"},"_chains":{"BXbuBbIVSMcj3/GDVv7VauwVK0JwrLUs1zSsOO1SYC1T":{"chainKey":{"counter":1,"key":"GN1Vtj1IMeSpE6WWTvfaQsEjqU9vKXS5a3JWeqPLFBc="},"chainType":2,"messageKeys":{}},"BRKD4+7EuXjPkDNZm7fKLaCQFeCEFSnl0XM79NxXJOVy":{"chainKey":{"counter":-1,"key":"D0QucA1cPTVZN7oc4wCd38RuVk4PXwFL7t3RSlqCYfI="},"chainType":1,"messageKeys":{}}}},"BbBTa6RazyNEsRrnhcFhQSEFk+dXStF1DhxeeKbflqh5":{"registrationId":4,"currentRatchet":{"ephemeralKeyPair":{"pubKey":"BV2BI4SPg1Og7T32D5/7YFGGQmcYDZbBp7U3r/pgSYYD","privKey":"WLV/jo3daKZPoJP8f0Esrp8LMUQiuaiDRFfsDxWtz0Y="},"lastRemoteEphemeralKey":"BW7fM1hCNr28rpDf8PxcwqxNaY6SP26ISuOQMcT+KWh0","previousCounter":0,"rootKey":"d4vXi+CKGHGpOqBVMe14+JJtvclsBMWJN5aJ5nLwCtA="},"indexInfo":{"baseKey":"BbBTa6RazyNEsRrnhcFhQSEFk+dXStF1DhxeeKbflqh5","baseKeyType":2,"closed":1721058426137,"used":1721057713537,"created":1721057713537,"remoteIdentityKey":"BaQvx+ep3gPt32DbevirAnEQFuQLYHng2MzobrPNOB5e"},"_chains":{"BW7fM1hCNr28rpDf8PxcwqxNaY6SP26ISuOQMcT+KWh0":{"chainKey":{"counter":0,"key":"/5bMt62oGwLIJNvg31HcZTL69iwWpKGTtXQaCX4jmO4="},"chainType":2,"messageKeys":{}},"BV2BI4SPg1Og7T32D5/7YFGGQmcYDZbBp7U3r/pgSYYD":{"chainKey":{"counter":-1,"key":"fETjH2K1vBBrTFAkl7vDDJZBSk8e8F40u2bKH7WZWV4="},"chainType":1,"messageKeys":{}}}},"BXKeDNCbN1OeVboF/VcqNtZoKZtn9zUhS248WrNhYeIt":{"registrationId":4,"currentRatchet":{"ephemeralKeyPair":{"pubKey":"BdNW+bZH0EJ3/RBJwnAU4Dn1u59HRuhhBNO66eCKMq1J","privKey":"eCk0neU9WG8kC0HC+07o5QmG8uPRlB0c4Muu3boOqE4="},"lastRemoteEphemeralKey":"BQA4vPi/Ig4ERpcT6+6DKBLlL0c3idoqxTEMe0WLdsgP","previousCounter":0,"rootKey":"+zLwHbnxbAeevcO4IShzr4BlKDXtogBRtXNrvYswhUI="},"indexInfo":{"baseKey":"BXKeDNCbN1OeVboF/VcqNtZoKZtn9zUhS248WrNhYeIt","baseKeyType":1,"closed":-1,"used":1721058426133,"created":1721058426133,"remoteIdentityKey":"BaQvx+ep3gPt32DbevirAnEQFuQLYHng2MzobrPNOB5e"},"_chains":{"BdNW+bZH0EJ3/RBJwnAU4Dn1u59HRuhhBNO66eCKMq1J":{"chainKey":{"counter":0,"key":"h83XoOTqQo8UCHAYQ4/BUkraOVk2iMXKlZXZx6nzMVw="},"chainType":1,"messageKeys":{}}},"pendingPreKey":{"signedKeyId":1,"baseKey":"BXKeDNCbN1OeVboF/VcqNtZoKZtn9zUhS248WrNhYeIt","preKeyId":164}}},"version":"v1"}