{"_sessions":{"Ba6lzf2BG1UJwZGz4GjJgIXpiu3cxm6uHycXKSFg45kT":{"registrationId":156,"currentRatchet":{"ephemeralKeyPair":{"pubKey":"BVKXhTMnTMbSTAAVsVWBD0QoE6mxbpRVDoU0xo8xMB9G","privKey":"8Hy7Q1G3Ukp1nlNAmork8tuhXeG2F38zX7ZDZRHSSHs="},"lastRemoteEphemeralKey":"BUYZKJhY7Gnc7B+dD9g266EfyfQruKpQfm3PVDX++NZq","previousCounter":0,"rootKey":"QLh+EX89uXTeTdycBH2rl7J8G+HU2zTke+Ef/lUVTB0="},"indexInfo":{"baseKey":"Ba6lzf2BG1UJwZGz4GjJgIXpiu3cxm6uHycXKSFg45kT","baseKeyType":1,"closed":-1,"used":1721059322751,"created":1721059322751,"remoteIdentityKey":"BRlNSkQNvU4EWnL6AzHFSgqwtVqJyw6D3ter3yyCFBBN"},"_chains":{"BVKXhTMnTMbSTAAVsVWBD0QoE6mxbpRVDoU0xo8xMB9G":{"chainKey":{"counter":5,"key":"uXpzEf345TRKweN2qcA4UOzw/7C9+c0t11JXfbyuswA="},"chainType":1,"messageKeys":{}}},"pendingPreKey":{"signedKeyId":1,"baseKey":"Ba6lzf2BG1UJwZGz4GjJgIXpiu3cxm6uHycXKSFg45kT"}}},"version":"v1"}