{"_sessions":{"BZxg+q8vNo5MKxWES9UwycLOJueNiefoSMHPycUoEwol":{"registrationId":218971617,"currentRatchet":{"ephemeralKeyPair":{"pubKey":"BbhAlzcxps32LSdaTzx4CMh9D4/MUZT2Ul3+EOMK/xVd","privKey":"SKn8Wd5Qq/2QJwT+8INcFh/Q1iWu3BaZq5ZLiikGPH0="},"lastRemoteEphemeralKey":"Be79HOxfqG8CeaHsbtBUhrV6zDvcDSqc8SutI1EVuNhZ","previousCounter":0,"rootKey":"o5fxfrTlyuSLbH/NndEOaIMD7Gvi92QBg2bHgGDyUu8="},"indexInfo":{"baseKey":"BZxg+q8vNo5MKxWES9UwycLOJueNiefoSMHPycUoEwol","baseKeyType":1,"closed":-1,"used":1721059323048,"created":1721059323048,"remoteIdentityKey":"BRXuva2ob1pd3UNnwKvVYuLN//Xo43Pz/DNJVH/1GEQR"},"_chains":{"BbhAlzcxps32LSdaTzx4CMh9D4/MUZT2Ul3+EOMK/xVd":{"chainKey":{"counter":10,"key":"fb2Fz0VBooULbN+ogxPVO0qNbRXdiqhVcF0eYPSB/ic="},"chainType":1,"messageKeys":{}}},"pendingPreKey":{"signedKeyId":7,"baseKey":"BZxg+q8vNo5MKxWES9UwycLOJueNiefoSMHPycUoEwol","preKeyId":11368476}}},"version":"v1"}