{"_sessions":{"BV1c5DaULcEzaaBkcEs7FErhI5onKUAn7+heGSY8okch":{"registrationId":1995065591,"currentRatchet":{"ephemeralKeyPair":{"pubKey":"BX6XU8LEUfMpupfHtpkofqnPM1hwC/eEd9uAy0uTqf4g","privKey":"WEjMiK303ZDa5WUmk7RZQA4alNvG++m5oEYW8vtU7EA="},"lastRemoteEphemeralKey":"BZJMj3PLI/dXzNRFzZWQO7a8qBHngoqIyigqkJX0e/l1","previousCounter":0,"rootKey":"Cqevrsexs1RQepdwjIVstEAF52iF1ELZl9o8bICT2CQ="},"indexInfo":{"baseKey":"BV1c5DaULcEzaaBkcEs7FErhI5onKUAn7+heGSY8okch","baseKeyType":1,"closed":-1,"used":1721069705662,"created":1721069705662,"remoteIdentityKey":"BQBAZq8WxvM9RG5HRqaRfsVsYoeY9pAXdOQnYXJ7Hkso"},"_chains":{"BX6XU8LEUfMpupfHtpkofqnPM1hwC/eEd9uAy0uTqf4g":{"chainKey":{"counter":0,"key":"2CvvYTrw/e51G4ivEMLCCEtg1+xIUw2Tdf2hvkBwYlI="},"chainType":1,"messageKeys":{}}},"pendingPreKey":{"signedKeyId":1,"baseKey":"BV1c5DaULcEzaaBkcEs7FErhI5onKUAn7+heGSY8okch","preKeyId":8815672}}},"version":"v1"}