{"_sessions":{"BRa8nNfvsCxpqKEc1+R4yAe6laVlcwAMb66J4631hO1a":{"registrationId":1034879163,"currentRatchet":{"ephemeralKeyPair":{"pubKey":"BTeraP24H6gLpBvkJiwLMUhgrxKaYLTYDHtT+A9UlWcg","privKey":"WM806u56w1ksjwKHha2WRUKxdZHxc3Rp99T9THP8CWM="},"lastRemoteEphemeralKey":"BQAYPI1qbOeSUq5RllHoNIAx8NQZC15S8PsZm9hUULtn","previousCounter":50,"rootKey":"u8rtIfi5DRqxm9W47fEVDbW9Vgl5lRxrOfOqrsIpteU="},"indexInfo":{"baseKey":"BRa8nNfvsCxpqKEc1+R4yAe6laVlcwAMb66J4631hO1a","baseKeyType":1,"closed":-1,"used":1721157645334,"created":1721137572339,"remoteIdentityKey":"BdKPgejugzj8wOw1/+jDq22+zWuZA4F+dhOjzW6Ryrks"},"_chains":{"BZIV+MTkeGCQ1KPHLSMiYk1ELDgCsv0bEVKHzF6lqP5U":{"chainKey":{"counter":0},"chainType":2,"messageKeys":{}},"BQAYPI1qbOeSUq5RllHoNIAx8NQZC15S8PsZm9hUULtn":{"chainKey":{"counter":0,"key":"jD4kFgu5gG7aGLO6uBbBFsYTbwAPsXhuPRE5fhNZfLE="},"chainType":2,"messageKeys":{}},"BTeraP24H6gLpBvkJiwLMUhgrxKaYLTYDHtT+A9UlWcg":{"chainKey":{"counter":-1,"key":"C1tKWLSZOlFjKclYg1SKqBqpakjyAoBN59wKbBTg6fU="},"chainType":1,"messageKeys":{}}}}},"version":"v1"}