{"_sessions":{"BWANK7svG6Ngc7IU4mmYC3TteSgjNG+ihNMsieRigOFE":{"registrationId":977401898,"currentRatchet":{"ephemeralKeyPair":{"pubKey":"BbWWgq22ERGThmMGSAY93eol7hdifSGF+0/v7+PxjbIl","privKey":"aF0JV+d9WSEidrCgAheQNRt2FE3qk0QnjxkZOhC0MlQ="},"lastRemoteEphemeralKey":"BZao0IyMV9T2jbFr5OcF6xxQxKFpSENbQ5mtmr0OEyAm","previousCounter":0,"rootKey":"Xy9Gb1zAadgKMzQFAkLEfoRbr/0IujPyxl9Nqvpv0qI="},"indexInfo":{"baseKey":"BWANK7svG6Ngc7IU4mmYC3TteSgjNG+ihNMsieRigOFE","baseKeyType":1,"closed":-1,"used":1721069705659,"created":1721069705659,"remoteIdentityKey":"BYkYurK9l9ffErs0nkpdtevwb2zqlTm1+KDJgmLRRSps"},"_chains":{"BbWWgq22ERGThmMGSAY93eol7hdifSGF+0/v7+PxjbIl":{"chainKey":{"counter":0,"key":"5z6YVSdAM4Ue91glqBoJoYjCfKFLay4kDY/TP2xcjfI="},"chainType":1,"messageKeys":{}}},"pendingPreKey":{"signedKeyId":1,"baseKey":"BWANK7svG6Ngc7IU4mmYC3TteSgjNG+ihNMsieRigOFE","preKeyId":13448939}}},"version":"v1"}