{"_sessions":{"BXgdJmz/v++/sjOCX8FcXSOIHrffvJLIhHorZ+UpwKwr":{"registrationId":167,"currentRatchet":{"ephemeralKeyPair":{"pubKey":"BWqtByU7u3MFg6t9L55Wquh/+2QT/UdNV80XG6D85Opq","privKey":"eHzg5dfg/lZxUekZUBThfY9mewcwqogN8MJtPLEi0WA="},"lastRemoteEphemeralKey":"BZv3lDppI0d+z/olKS1CtV/dSllC6KPP6XIJ1AbjB6dk","previousCounter":0,"rootKey":"RaHBvFNB/7nfD0o0LqOYuesejRrvtTs4k5FAfNHXiYE="},"indexInfo":{"baseKey":"BXgdJmz/v++/sjOCX8FcXSOIHrffvJLIhHorZ+UpwKwr","baseKeyType":1,"closed":-1,"used":1720960363232,"created":1720960363232,"remoteIdentityKey":"Bc6f8AkukV6n7JfjUhH9v68RiaBkXcYCnPPUOVVMGy9P"},"_chains":{"BWqtByU7u3MFg6t9L55Wquh/+2QT/UdNV80XG6D85Opq":{"chainKey":{"counter":581,"key":"Lwr5NUpjNjiTCf5VwaePaWm03LU/EHkcqi+CZGN3ZI0="},"chainType":1,"messageKeys":{}}},"pendingPreKey":{"signedKeyId":1,"baseKey":"BXgdJmz/v++/sjOCX8FcXSOIHrffvJLIhHorZ+UpwKwr"}}},"version":"v1"}