{"_sessions":{"BeHEsbpYDHI+U65vni5vMlz25AFDNmFwv2BAWOtu4Up2":{"registrationId":641430110,"currentRatchet":{"ephemeralKeyPair":{"pubKey":"Bbzq/1zZwf/G3yQLeaXZUy32M6PwHJVqDoq5mf1R9sM+","privKey":"8KP/1Ff7FQAdQYpG8vDF8m8R3EUXVjt3ib7fN3lHbG0="},"lastRemoteEphemeralKey":"BcIz3OHbx0VmF7dZs7TAVDJboerobY5oqJ67NJLk161j","previousCounter":0,"rootKey":"drieU4pMsM3HnA5nha8+mqYL6FWAOlKT1TTV+ZEwtHc="},"indexInfo":{"baseKey":"BeHEsbpYDHI+U65vni5vMlz25AFDNmFwv2BAWOtu4Up2","baseKeyType":1,"closed":-1,"used":1721061609745,"created":1721061609745,"remoteIdentityKey":"BRd/EOKRga+ywI0GuzD62kqmcNvqiAQ0GXN87IfhXHVx"},"_chains":{"Bbzq/1zZwf/G3yQLeaXZUy32M6PwHJVqDoq5mf1R9sM+":{"chainKey":{"counter":4,"key":"Ufqpyw7FC+G8KfpW5nY0Xv+9AL/1Jto2so+By5dPqms="},"chainType":1,"messageKeys":{}}},"pendingPreKey":{"signedKeyId":5,"baseKey":"BeHEsbpYDHI+U65vni5vMlz25AFDNmFwv2BAWOtu4Up2","preKeyId":10929548}}},"version":"v1"}