{"_sessions":{"BZgUUcPqOwGMXRW/lVcOJ4f3sgvBu7D6A0b1iXrtfL4P":{"registrationId":73,"currentRatchet":{"ephemeralKeyPair":{"pubKey":"BfOz8z9ZvAZCxETHSJ3rGITeO4VbRNuWNU+IG5vjHahT","privKey":"gBTm+fbnEZQiA/BuoZXbovuB8f6GCqHr/EDqzH3+gkw="},"lastRemoteEphemeralKey":"BYqm6paZrlucIK2w0POIGTv//d0Vv1XYukEJe2Y5Fssw","previousCounter":0,"rootKey":"g/rK6kaIiI9VgGWls5uls8v7hXoQ6Ztpu13sJSTXJGA="},"indexInfo":{"baseKey":"BZgUUcPqOwGMXRW/lVcOJ4f3sgvBu7D6A0b1iXrtfL4P","baseKeyType":1,"closed":-1,"used":1721137572279,"created":1721137572279,"remoteIdentityKey":"BZX89fXzFqulFELdwS9+DpJea2mmlvBCnGAXW5m4DEFT"},"_chains":{"BfOz8z9ZvAZCxETHSJ3rGITeO4VbRNuWNU+IG5vjHahT":{"chainKey":{"counter":51,"key":"IVU9Ki0N0w95t6bEw/aULBxFDf981CuFwADAdp/4cbQ="},"chainType":1,"messageKeys":{}}},"pendingPreKey":{"signedKeyId":1,"baseKey":"BZgUUcPqOwGMXRW/lVcOJ4f3sgvBu7D6A0b1iXrtfL4P"}}},"version":"v1"}