{"_sessions":{"BdYrrxB3W1oQgBW65R/4YcRTUy4tWpJgFZtsncWySCom":{"registrationId":287615968,"currentRatchet":{"ephemeralKeyPair":{"pubKey":"Ba3RcDyeI0r1b1GpXwwyfG0p7rf+3zCi9mc5aqZUVDxv","privKey":"KNEd98wzSHVGejXlj4GOZwmnIePLCkQxZzz148tysG4="},"lastRemoteEphemeralKey":"BTcxY00OtIGdYgqUv+SEXEox8iej8ikBGqiDhBKOsNUg","previousCounter":0,"rootKey":"XPZ2Ixso7Suk2lcWcnAtHHhCAh6hpPfVUbAhqvxUbp8="},"indexInfo":{"baseKey":"BdYrrxB3W1oQgBW65R/4YcRTUy4tWpJgFZtsncWySCom","baseKeyType":1,"closed":-1,"used":1721061609720,"created":1721061609720,"remoteIdentityKey":"BTcYmh2HHbFo/7iQjkof7M/Vu2lae99sRQ+ES/+onxF8"},"_chains":{"Ba3RcDyeI0r1b1GpXwwyfG0p7rf+3zCi9mc5aqZUVDxv":{"chainKey":{"counter":4,"key":"GazGO8Fgo/Q+E/3d5cYXzhHjV0AMcXNgH+LCMtbm17s="},"chainType":1,"messageKeys":{}}},"pendingPreKey":{"signedKeyId":17,"baseKey":"BdYrrxB3W1oQgBW65R/4YcRTUy4tWpJgFZtsncWySCom","preKeyId":16706481}}},"version":"v1"}