{"_sessions":{"BSHbAvadDDj/NaXVprcRockiktIPbiJca/fFQzWW1tob":{"registrationId":196,"currentRatchet":{"ephemeralKeyPair":{"pubKey":"BSijxEiZQwic6Dq8h+2nUGF99JgSGD8etr5iKfTDeS8d","privKey":"SOP50FoCcZRAIr6sIkQv3gZZ1e57uJH30SSAduNiD3g="},"lastRemoteEphemeralKey":"BX+zgMOnPGLrkosBlEI8mBd0M06GXT3iFHfrVUpgdghz","previousCounter":0,"rootKey":"htYRNXTJ5RWd/7uALgiWXG7tXfNVv4+ATtcJFYxBVgo="},"indexInfo":{"baseKey":"BSHbAvadDDj/NaXVprcRockiktIPbiJca/fFQzWW1tob","baseKeyType":1,"closed":-1,"used":1721059322919,"created":1721059322919,"remoteIdentityKey":"BSwPvDQvjFx+w5Ba8aiyEDwcSY0aT+S5JnrRHQSHRtc1"},"_chains":{"BSijxEiZQwic6Dq8h+2nUGF99JgSGD8etr5iKfTDeS8d":{"chainKey":{"counter":2,"key":"Fae+nHvpiCpPtEtd7iCyfBVT1kP713GsjdLKTe4PcLs="},"chainType":1,"messageKeys":{}}},"pendingPreKey":{"signedKeyId":1,"baseKey":"BSHbAvadDDj/NaXVprcRockiktIPbiJca/fFQzWW1tob"}}},"version":"v1"}