{"_sessions":{"Babk4YHqMQsIIoU8LII1xCmKx/Zmi3opjXVbCilVAqdO":{"registrationId":14,"currentRatchet":{"ephemeralKeyPair":{"pubKey":"Be5md/vUF98SOjJvECYEDz2ozXJBQPbEjDXAElGzZo1D","privKey":"sL3kOgs0ngyxYYqPcdklPoorAcG1zRtljoUlX6/XDE0="},"lastRemoteEphemeralKey":"BU5gvWyisUBiCFjGRL2cc2+cdk9Rm0J2tYI7tkq3iN01","previousCounter":0,"rootKey":"zTGcWjt/ovlEY0fpDH0HUkR7/f/Gxr8VeSXPef42d4Y="},"indexInfo":{"baseKey":"Babk4YHqMQsIIoU8LII1xCmKx/Zmi3opjXVbCilVAqdO","baseKeyType":1,"closed":-1,"used":1721051170271,"created":1721051170271,"remoteIdentityKey":"BUb+KIQxyTmKWnaHro7W0kKwp1BBLpEQlTFaWzXEyW5U"},"_chains":{"Be5md/vUF98SOjJvECYEDz2ozXJBQPbEjDXAElGzZo1D":{"chainKey":{"counter":130,"key":"5yzO8Uta+MFyBvCx/4sr16Vgbb585WXrectkOG2PL5w="},"chainType":1,"messageKeys":{}}},"pendingPreKey":{"signedKeyId":1,"baseKey":"Babk4YHqMQsIIoU8LII1xCmKx/Zmi3opjXVbCilVAqdO"}}},"version":"v1"}