{"_sessions":{"BfBMIQvrnnzlBfN8XfbG/1ITos79PZCCcV28vOJiwZAF":{"registrationId":5935,"currentRatchet":{"ephemeralKeyPair":{"pubKey":"BcSYUMfqmoadviVHBtGzxSAAcD59pH0YAazjaq4Atb5O","privKey":"eN5q/R5Inul5BYZ8avqrL82DAX/jCDvpW4K6xaU/C0A="},"lastRemoteEphemeralKey":"Be/ydwUrO+g+2UmXKYT3nUNpH5899C6oTFt9gqx015BB","previousCounter":0,"rootKey":"7DExuU1Z8GBZegANoMUKtnG41lHWhWYZJONUBjQ1rcA="},"indexInfo":{"baseKey":"BfBMIQvrnnzlBfN8XfbG/1ITos79PZCCcV28vOJiwZAF","baseKeyType":1,"closed":-1,"used":1721051170440,"created":1721051170440,"remoteIdentityKey":"BQSCO3az1eM9r9jfGsxHSLPD+LBZREifa/T1EZ5ZCuJc"},"_chains":{"BcSYUMfqmoadviVHBtGzxSAAcD59pH0YAazjaq4Atb5O":{"chainKey":{"counter":130,"key":"v+mPXRFZkaJ8N+teKvuvxvyOkyR34/3lNMKDzoHG1Rw="},"chainType":1,"messageKeys":{}}},"pendingPreKey":{"signedKeyId":1,"baseKey":"BfBMIQvrnnzlBfN8XfbG/1ITos79PZCCcV28vOJiwZAF"}}},"version":"v1"}