{"_sessions":{"BTp2kzH0MsZZ1Ld9Qeol6UfKeC978ZHRVVCuKzrrwyoh":{"registrationId":87,"currentRatchet":{"ephemeralKeyPair":{"pubKey":"BUB1QP4n1Cj96QE1cQtQPVNAqlOXykR+2oFQhSZFUw49","privKey":"oAkqoxBkEf4DG5VyERvBb2DOTD0byr9iZqw+1Ne4anc="},"lastRemoteEphemeralKey":"BaIme+K9EHArnnJSK29Io3kBA5CfVDr4iVDIIX88P5Q7","previousCounter":0,"rootKey":"GSHq27tyFSeDzAoiuHholKePJ8uCA1eyiCGWwlezEy0="},"indexInfo":{"baseKey":"BTp2kzH0MsZZ1Ld9Qeol6UfKeC978ZHRVVCuKzrrwyoh","baseKeyType":1,"closed":-1,"used":1721061609538,"created":1721061609538,"remoteIdentityKey":"BRASPPR7/vIAHBhkmlUcmihrxnaXbjFlvNqRpjW5Ru8W"},"_chains":{"BUB1QP4n1Cj96QE1cQtQPVNAqlOXykR+2oFQhSZFUw49":{"chainKey":{"counter":4,"key":"Cz24pMzAWxyv/JQ3Dfs9OwINlAvfHTRNe2BffaV+Jpg="},"chainType":1,"messageKeys":{}}},"pendingPreKey":{"signedKeyId":1,"baseKey":"BTp2kzH0MsZZ1Ld9Qeol6UfKeC978ZHRVVCuKzrrwyoh"}}},"version":"v1"}