{"_sessions":{"BS4QfuFzzlgic2D2n9PyBisoBt0IiZ4aTY4BuAutHyUm":{"registrationId":2073092964,"currentRatchet":{"ephemeralKeyPair":{"pubKey":"BeSbJfA7bBnxNXOTWgp2E5w7YrQbddpwJ54p8GvRzF5q","privKey":"oMhyyN1YQDoDPIq8B3xx2vvGdNJWUO+jzcC/ylBoln0="},"lastRemoteEphemeralKey":"BTsNKpwAu+1zfIv4vOq6DhsrxWAzcMjgaljF3nIwwxUI","previousCounter":0,"rootKey":"3msuzLE+ZYdPzMKRQdcr1IjKsrqkGhWbSfdXDPnl6Uo="},"indexInfo":{"baseKey":"BS4QfuFzzlgic2D2n9PyBisoBt0IiZ4aTY4BuAutHyUm","baseKeyType":1,"closed":-1,"used":1721078881748,"created":1721078881748,"remoteIdentityKey":"BWKd0u5mepPwbm3wXmBEX9ifFsdJYlIt4kB0XKIznvJZ"},"_chains":{"BeSbJfA7bBnxNXOTWgp2E5w7YrQbddpwJ54p8GvRzF5q":{"chainKey":{"counter":8,"key":"iA45d2ilBtC7kOA/95xUWgxFw0cqjZpvF7q+aaoMVv0="},"chainType":1,"messageKeys":{}}},"pendingPreKey":{"signedKeyId":1,"baseKey":"BS4QfuFzzlgic2D2n9PyBisoBt0IiZ4aTY4BuAutHyUm","preKeyId":49}}},"version":"v1"}