{"_sessions":{"BWudk1kcNZro2Z9o9KUfvIce/4EFupw+lBl2q65pFPZ1":{"registrationId":1465344223,"currentRatchet":{"ephemeralKeyPair":{"pubKey":"BZgDxOgIsDFv9QStu6U2BzRXqCKTQg4YGEnsPn/iWHwN","privKey":"kCRWzMNWCMD1TdS17DERgNLgGlkWzooGzP+FTYDMEnY="},"lastRemoteEphemeralKey":"BY02iPb27ZTuW6TThWurf5Z1ZbNQNYV0rJJ1p87Bo0QK","previousCounter":0,"rootKey":"txwzCqzP8eb6zEaLGRTqYmRr2xG0aeK/gVBX1KJiH/c="},"indexInfo":{"baseKey":"BWudk1kcNZro2Z9o9KUfvIce/4EFupw+lBl2q65pFPZ1","baseKeyType":1,"closed":-1,"used":1721061609738,"created":1721061609738,"remoteIdentityKey":"Bd3+xrnV5I8C5nebxA9ymYmB481QC4OjhX4Zy5+zJK0v"},"_chains":{"BZgDxOgIsDFv9QStu6U2BzRXqCKTQg4YGEnsPn/iWHwN":{"chainKey":{"counter":4,"key":"lgQlFViA6G4XbqxYse+qhs5cqQm/VpUPnjbDcj2lgY8="},"chainType":1,"messageKeys":{}}},"pendingPreKey":{"signedKeyId":37,"baseKey":"BWudk1kcNZro2Z9o9KUfvIce/4EFupw+lBl2q65pFPZ1","preKeyId":11221897}}},"version":"v1"}