{"_sessions":{"BT0BVy6B+XciDd/Q5K3BMRYMnOjHowZxghfLlbB9lgAW":{"registrationId":45255056,"currentRatchet":{"ephemeralKeyPair":{"pubKey":"BQaoH2c4/w5qBxHXV6d8XhSbgSny3iklyYorHD1EvLNh","privKey":"sBi79c0uw7IxuHf9iNQQ834xNQasBRqnr9AbX3qdN1A="},"lastRemoteEphemeralKey":"BVoeEAnCeTWuISYiIM1dxvtUz0JAHhxsLrDep13KEu8q","previousCounter":0,"rootKey":"uEnlRMhyeo3XspjmyiY4EL6aXljUyfJdlsZIoIraSx0="},"indexInfo":{"baseKey":"BT0BVy6B+XciDd/Q5K3BMRYMnOjHowZxghfLlbB9lgAW","baseKeyType":1,"closed":-1,"used":1721059323032,"created":1721059323032,"remoteIdentityKey":"BQZA/yf9sD28HMiAeCJkzSi2W2ceiVbHc3YT3LccDoE3"},"_chains":{"BQaoH2c4/w5qBxHXV6d8XhSbgSny3iklyYorHD1EvLNh":{"chainKey":{"counter":5,"key":"ZEh97rtYvDa0JC4RdVUnq5CLKwi4hQ2pmsgPXtYP/RQ="},"chainType":1,"messageKeys":{}}},"pendingPreKey":{"signedKeyId":0,"baseKey":"BT0BVy6B+XciDd/Q5K3BMRYMnOjHowZxghfLlbB9lgAW","preKeyId":6904866}}},"version":"v1"}