{"_sessions":{"Bfy4Q6mdCcp3U/8cJB8h/RjveuXx9CeEW/iJyDT+4lYy":{"registrationId":1548297676,"currentRatchet":{"ephemeralKeyPair":{"pubKey":"BRlv2xK2W+mOnUBsgZykzvBm4GXPTFaAkuiYN3ApnPNk","privKey":"6DW8znzkfYaLBLj6H8yCB9VQgnIjtRUYGVqCaLtkJ3c="},"lastRemoteEphemeralKey":"BTCJjfnO7xth4xGKNruc5331HTiVXxy6pJtBoJvISQBi","previousCounter":0,"rootKey":"g/fJpYdpCaLPG8vpOpVL1LSod44LhLlk1PT3kjYsrW4="},"indexInfo":{"baseKey":"Bfy4Q6mdCcp3U/8cJB8h/RjveuXx9CeEW/iJyDT+4lYy","baseKeyType":1,"closed":1721052830990,"used":1721051170751,"created":1721051170751,"remoteIdentityKey":"BawCJqRmBCAq7Elx8CRwadjlFQS/5oJNSDA6UYIK0e0o"},"_chains":{"BRlv2xK2W+mOnUBsgZykzvBm4GXPTFaAkuiYN3ApnPNk":{"chainKey":{"counter":17,"key":"wyZBUQ4dzXLgCA/hxbC5ugRMwbPo3i0oPDLJFUUOHwc="},"chainType":1,"messageKeys":{}}},"pendingPreKey":{"signedKeyId":1,"baseKey":"Bfy4Q6mdCcp3U/8cJB8h/RjveuXx9CeEW/iJyDT+4lYy","preKeyId":9955673}},"BYSHVhJO5+8210LUcimVIVLi/kTVUscSVXo43EBWpxAQ":{"registrationId":1548297676,"currentRatchet":{"ephemeralKeyPair":{"pubKey":"BcxIGkN3kFM3vz+EBBY6Ubr4+6JR8x96f6klEEDBHkUI","privKey":"OCPSLtw7yqA4Jcn/d1Xx0oraJXWO4+WmKL/Q0Q4dYHY="},"lastRemoteEphemeralKey":"BTCJjfnO7xth4xGKNruc5331HTiVXxy6pJtBoJvISQBi","previousCounter":0,"rootKey":"SnSUuewDeLv/NlJF6cInV3ksrwkBC6Kc41RoF9vxjpQ="},"indexInfo":{"baseKey":"BYSHVhJO5+8210LUcimVIVLi/kTVUscSVXo43EBWpxAQ","baseKeyType":1,"closed":1721052832469,"used":1721052830986,"created":1721052830986,"remoteIdentityKey":"BawCJqRmBCAq7Elx8CRwadjlFQS/5oJNSDA6UYIK0e0o"},"_chains":{"BcxIGkN3kFM3vz+EBBY6Ubr4+6JR8x96f6klEEDBHkUI":{"chainKey":{"counter":0,"key":"77HGPSWxxzYX/EEOmkR4SNVw4EuGIMmpLClBHPfvm+I="},"chainType":1,"messageKeys":{}}},"pendingPreKey":{"signedKeyId":1,"baseKey":"BYSHVhJO5+8210LUcimVIVLi/kTVUscSVXo43EBWpxAQ","preKeyId":9954948}},"BZ5TPxqETAnLKa7LAQVpNlLeQ9/AgfArJ/Rf23wo94g2":{"registrationId":1548297676,"currentRatchet":{"ephemeralKeyPair":{"pubKey":"BaDq/+syck5sa3owhG8M/ahzfUsYyAdZZNHkrqnWVqJg","privKey":"SCpHJXLfEdw4w+7DHQ0xgHZHVVNgKE6J+sX75dR2KHQ="},"lastRemoteEphemeralKey":"BTCJjfnO7xth4xGKNruc5331HTiVXxy6pJtBoJvISQBi","previousCounter":0,"rootKey":"CHoDZbo2mL/g/iYPEfsnzLABYh3qQRNen+F6NtNuIB4="},"indexInfo":{"baseKey":"BZ5TPxqETAnLKa7LAQVpNlLeQ9/AgfArJ/Rf23wo94g2","baseKeyType":1,"closed":1721052833637,"used":1721052832468,"created":1721052832468,"remoteIdentityKey":"BawCJqRmBCAq7Elx8CRwadjlFQS/5oJNSDA6UYIK0e0o"},"_chains":{"BaDq/+syck5sa3owhG8M/ahzfUsYyAdZZNHkrqnWVqJg":{"chainKey":{"counter":0,"key":"AbN/C0GweiYEzi2CWDnYYTODLpDursWV7qeDa7jmzvI="},"chainType":1,"messageKeys":{}}},"pendingPreKey":{"signedKeyId":1,"baseKey":"BZ5TPxqETAnLKa7LAQVpNlLeQ9/AgfArJ/Rf23wo94g2","preKeyId":9955635}},"Bc1bBRviCl8DnKfYowLOyeX0zVlIfQolEom5QGHHIvhe":{"registrationId":1548297676,"currentRatchet":{"ephemeralKeyPair":{"pubKey":"Bc70omvrJjfPaYTSY8XJAnmuESyNvnpXM5nU9YkjJLxg","privKey":"AA1UpprkJlUcdl804O0iT9peaG/jhDkKpM1N9rgiLG0="},"lastRemoteEphemeralKey":"BTCJjfnO7xth4xGKNruc5331HTiVXxy6pJtBoJvISQBi","previousCounter":0,"rootKey":"UbSxaxieQRNXDJanjLibyPPQ0Q9qp2Iqms1flkT5tfA="},"indexInfo":{"baseKey":"Bc1bBRviCl8DnKfYowLOyeX0zVlIfQolEom5QGHHIvhe","baseKeyType":1,"closed":1721052834611,"used":1721052833635,"created":1721052833635,"remoteIdentityKey":"BawCJqRmBCAq7Elx8CRwadjlFQS/5oJNSDA6UYIK0e0o"},"_chains":{"Bc70omvrJjfPaYTSY8XJAnmuESyNvnpXM5nU9YkjJLxg":{"chainKey":{"counter":0,"key":"Mh2+xpXE35NKtRO8Y8kHsL3n5e3I0aOnZk7Vj22QOok="},"chainType":1,"messageKeys":{}}},"pendingPreKey":{"signedKeyId":1,"baseKey":"Bc1bBRviCl8DnKfYowLOyeX0zVlIfQolEom5QGHHIvhe","preKeyId":9954956}},"BdfQs/2RWx5O3CF87vn4IWmXmuLUqtSd167kszXP3Mdr":{"registrationId":1548297676,"currentRatchet":{"ephemeralKeyPair":{"pubKey":"BTvjhzLkpdd8Ao3fPb5H5r2N8oUFfWnnFvYgti2PXiJ7","privKey":"+FaLjys0Q+eoQ4PlbJXUxju7OCW0pCLbVyZLdJ7HQmQ="},"lastRemoteEphemeralKey":"BTCJjfnO7xth4xGKNruc5331HTiVXxy6pJtBoJvISQBi","previousCounter":0,"rootKey":"35RlWuYoozeLzjXieLLxPXWBMWMLzDfddDwWk6/ZXEI="},"indexInfo":{"baseKey":"BdfQs/2RWx5O3CF87vn4IWmXmuLUqtSd167kszXP3Mdr","baseKeyType":1,"closed":-1,"used":1721052834609,"created":1721052834609,"remoteIdentityKey":"BawCJqRmBCAq7Elx8CRwadjlFQS/5oJNSDA6UYIK0e0o"},"_chains":{"BTvjhzLkpdd8Ao3fPb5H5r2N8oUFfWnnFvYgti2PXiJ7":{"chainKey":{"counter":19,"key":"yPFpDwlVxPnWQA92Xycz48Wc3cAjXEF/eiT9aApko/o="},"chainType":1,"messageKeys":{}}},"pendingPreKey":{"signedKeyId":1,"baseKey":"BdfQs/2RWx5O3CF87vn4IWmXmuLUqtSd167kszXP3Mdr","preKeyId":9955580}}},"version":"v1"}