{"_sessions":{"BWRNTAKEtKYNNr7V74XC9VDiJjUT++JxWKHr1cQXh6kc":{"registrationId":1622627935,"currentRatchet":{"ephemeralKeyPair":{"pubKey":"BZzeXYrCdCqe2jWDVkPD6yJfmIrLVExc5HwdidTFzNVI","privKey":"cNAscNJhf1gxZ7DuI5XA36oOenODHjkDV6R2wTXiAEE="},"lastRemoteEphemeralKey":"BX2jund/l1v9f/r9h+RgUzHh+ILYEk75rD5s8Cs6iztL","previousCounter":33,"rootKey":"azAf7hOtA7jMpuMQiAiyw/fVRN7iK3bXqBxSNWbOjbA="},"indexInfo":{"baseKey":"BWRNTAKEtKYNNr7V74XC9VDiJjUT++JxWKHr1cQXh6kc","baseKeyType":1,"closed":-1,"used":1721137249233,"created":1721121719924,"remoteIdentityKey":"BYQIfFd3kgipeTombYUa/gJ/MRiWjYGHxMPYCgt/+HUu"},"_chains":{"Be06DYa9Ol4oc0ng17+JG90GktQ9H26RFSuJ+s5GvUMd":{"chainKey":{"counter":1},"chainType":2,"messageKeys":{}},"BRGHSSCUH066QLSvVvdw146Ngl2gFEbKWFKJxLweIzdB":{"chainKey":{"counter":0},"chainType":2,"messageKeys":{}},"BX2jund/l1v9f/r9h+RgUzHh+ILYEk75rD5s8Cs6iztL":{"chainKey":{"counter":0,"key":"WWSG8OpHkG/nRbqY2Qq1f1+wH3rogDV0V7fq/kl4EH4="},"chainType":2,"messageKeys":{}},"BZzeXYrCdCqe2jWDVkPD6yJfmIrLVExc5HwdidTFzNVI":{"chainKey":{"counter":50,"key":"IIFDeb8aA1aWmF4CB/s0jUrqLd9od444kuvh3naUtGw="},"chainType":1,"messageKeys":{}}}}},"version":"v1"}