{"_sessions":{"BfG3MqNm5pS9s3kBR5V+TKwfP6ov1JWbSCGfsLcTu/w4":{"registrationId":25616922,"currentRatchet":{"ephemeralKeyPair":{"pubKey":"BT7kOx8Wb2ASyOdVq2z0ipcVf3tq28jRoJAHKCnmHM5/","privKey":"+DLbIOgh2o85OrWgMa9SiZ48j31neXcKG3W86isFiEc="},"lastRemoteEphemeralKey":"BV0fisZv0pqfVliwgZ9IZkURs7tdtf42DyguSYQbpv8S","previousCounter":32,"rootKey":"mnHfjkK4DarJNoiELsLF9ET1S66JUjIo5RKLpu21M3c="},"indexInfo":{"baseKey":"BfG3MqNm5pS9s3kBR5V+TKwfP6ov1JWbSCGfsLcTu/w4","baseKeyType":1,"closed":-1,"used":1721155805221,"created":1721051170829,"remoteIdentityKey":"BaWySaelSVjGLw1hgSAZW7tj0ZstEoyqLdDGKaLpHl09"},"_chains":{"BabOSyxuIh0JVKvS1z0A+oXIhH/OKrvOSlPjC+hG9EJH":{"chainKey":{"counter":0},"chainType":2,"messageKeys":{}},"BVkaRFGaO1Kvk5r1huBNq/F3aoRmxJuYEQ4Rh2Z5fb9T":{"chainKey":{"counter":0},"chainType":2,"messageKeys":{}},"BRhLYidRKx34F7jfQfHfFqJ/OXJvQw05HbJKa7oFRWFg":{"chainKey":{"counter":0},"chainType":2,"messageKeys":{}},"BWR+xgNZHbmXR3k1DXESs3KcNM9BX+a9I7bWTwTNI8II":{"chainKey":{"counter":0},"chainType":2,"messageKeys":{}},"BSpHBaEYOCl6blhE4VDpsh7gMoTRULDbS4WR+8R2C7s7":{"chainKey":{"counter":1},"chainType":2,"messageKeys":{}},"BRP6JZ9hKeJCrq3aaj7kCPB/VJ/5ZoEso5OUnVDlTqVh":{"chainKey":{"counter":0},"chainType":2,"messageKeys":{}},"BUBzl8BEYEFo8b4SUc5OiGGgMIAXKBY0JWdD0OQaChsU":{"chainKey":{"counter":1},"chainType":2,"messageKeys":{}},"BV0fisZv0pqfVliwgZ9IZkURs7tdtf42DyguSYQbpv8S":{"chainKey":{"counter":0,"key":"sC82lg8RluoKjNKcOmRWaLspXWbkk/1VDRRYp5TjS0U="},"chainType":2,"messageKeys":{}},"BT7kOx8Wb2ASyOdVq2z0ipcVf3tq28jRoJAHKCnmHM5/":{"chainKey":{"counter":11,"key":"MdtGDcbLcjSbn1nOjTfUPZKbZYHcflSZGgHq8xOa9Gg="},"chainType":1,"messageKeys":{}}}}},"version":"v1"}