{"_sessions":{"BYISangKbmNTFXQI25DBM/GS9/t5L1TBG7Bv9M5bBDgv":{"registrationId":1218787967,"currentRatchet":{"ephemeralKeyPair":{"pubKey":"BRetR+R4Ql5h8VNC5fSz5Qmsz13xsIrBGmX2INSNSy1X","privKey":"SHgguitG1AFHofDtnWHYNYUSjg9li81qsnuE+j/dh04="},"lastRemoteEphemeralKey":"BV0wW2P1UG1zpV4sLD8fs1wVAyEvU9+uWVaeL9sYFVsU","previousCounter":0,"rootKey":"KDMIN/B7C5sOYq+4+EbEHH1IAkt0NaAIREwaiv3o7Ig="},"indexInfo":{"baseKey":"BYISangKbmNTFXQI25DBM/GS9/t5L1TBG7Bv9M5bBDgv","baseKeyType":1,"closed":-1,"used":1721069705642,"created":1721069705642,"remoteIdentityKey":"Bf/YQwz9a7gSC1jadc1GqtOSZyXBEWVAcRsHdo0BGo8S"},"_chains":{"BRetR+R4Ql5h8VNC5fSz5Qmsz13xsIrBGmX2INSNSy1X":{"chainKey":{"counter":0,"key":"SbLWcVenKdrb+IzgHC9JS4l0BHdbB1thLFV+iUmqAN4="},"chainType":1,"messageKeys":{}}},"pendingPreKey":{"signedKeyId":0,"baseKey":"BYISangKbmNTFXQI25DBM/GS9/t5L1TBG7Bv9M5bBDgv","preKeyId":9549068}}},"version":"v1"}