{"_sessions":{"BZ8HP5+T3oZCwzHbHzP/+opehHSwMUOsTSAeNRDWZlob":{"registrationId":872990032,"currentRatchet":{"ephemeralKeyPair":{"pubKey":"BcI54P4828uruuv1H+rZX74Dn3qmCz2f0op9FqLDPhcb","privKey":"2M34SAxoyYy/db8hOPTcSpZ3aiRa0pJnIWf3rRnczkQ="},"lastRemoteEphemeralKey":"BbFejXHHF0SCMbl+mgRGRk7uqL2nbbNyZnzcgMTFVMZq","previousCounter":0,"rootKey":"JAWv89Ox9KCgorPhBZVxIlvdgZpH28icdV4i8Py8AkA="},"indexInfo":{"baseKey":"BZ8HP5+T3oZCwzHbHzP/+opehHSwMUOsTSAeNRDWZlob","baseKeyType":1,"closed":-1,"used":1721051170576,"created":1721051170576,"remoteIdentityKey":"BdUC3FXKJwCJOHcBNYbIvnnccNRjEj9kUjLF5CCer0ZS"},"_chains":{"BcI54P4828uruuv1H+rZX74Dn3qmCz2f0op9FqLDPhcb":{"chainKey":{"counter":130,"key":"CxnpXjPkDD6qGHSq1R6JwINslhAlzM6Jhus5CV2EDLc="},"chainType":1,"messageKeys":{}}},"pendingPreKey":{"signedKeyId":3,"baseKey":"BZ8HP5+T3oZCwzHbHzP/+opehHSwMUOsTSAeNRDWZlob","preKeyId":14427995}}},"version":"v1"}