{"_sessions":{"BT4N6kiomAdEFLgcm10PRvED0X5Dfqulg7HmX6N1KC0k":{"registrationId":543698678,"currentRatchet":{"ephemeralKeyPair":{"pubKey":"BbMbuYHo5vBYW1M0wzPGOT96AcwN2wF1YnsB2Ep1/aN7","privKey":"6LqH6mo126Uz3k8Xi3wjFezMujs3XRh+aZ41NwYK608="},"lastRemoteEphemeralKey":"BQr5ww1baLlwLb66mhWXlu8RzQAmAzSDnVJwLrbP0m5/","previousCounter":0,"rootKey":"zVQ9k6arm7FgJlbpLGD1h79zTmxtLss5L9ln8WoIVM4="},"indexInfo":{"baseKey":"BT4N6kiomAdEFLgcm10PRvED0X5Dfqulg7HmX6N1KC0k","baseKeyType":1,"closed":-1,"used":1721069705532,"created":1721069705532,"remoteIdentityKey":"BcvFubcO6ChoDTECA8R9jdPWvOmUFMbg9WOR/ZqSuARk"},"_chains":{"BbMbuYHo5vBYW1M0wzPGOT96AcwN2wF1YnsB2Ep1/aN7":{"chainKey":{"counter":0,"key":"/3WP3oleVy3WsplUfhdVC3UChLSTubntoK9HB7/TxdI="},"chainType":1,"messageKeys":{}}},"pendingPreKey":{"signedKeyId":1,"baseKey":"BT4N6kiomAdEFLgcm10PRvED0X5Dfqulg7HmX6N1KC0k","preKeyId":15534597}}},"version":"v1"}