{"_sessions":{"BVIKQV33pX76Kd1N3/VDJj94QlQAJ+5I2H0KC09JLmZq":{"registrationId":1897883179,"currentRatchet":{"ephemeralKeyPair":{"pubKey":"BfUp1voVWHsDVhGQKpIbLtMykk3iixqiammm/Ckw6GcQ","privKey":"cDdp9iuIwgZM1X6MyUR1gK11ZR28WPF8sdqJ+qYFREA="},"lastRemoteEphemeralKey":"BeP/PP5lWw79LWkS4Pt/9VsvdlI8oyjLBoLSMLyNoZgG","previousCounter":0,"rootKey":"emOJRijuOxlLY+8RsIOnVzSX3lBFZQeUiC3eiJF9ba8="},"indexInfo":{"baseKey":"BVIKQV33pX76Kd1N3/VDJj94QlQAJ+5I2H0KC09JLmZq","baseKeyType":1,"closed":-1,"used":1721059323114,"created":1721059323114,"remoteIdentityKey":"BaC32+NeyFJvzdgtu0OMdYu5Wvb+/8mvd/qnckwdop9p"},"_chains":{"BfUp1voVWHsDVhGQKpIbLtMykk3iixqiammm/Ckw6GcQ":{"chainKey":{"counter":5,"key":"xhOu2X7QmYD/jEYBB+n43QwYHx16DvK/vjlGeb6TJKs="},"chainType":1,"messageKeys":{}}},"pendingPreKey":{"signedKeyId":1,"baseKey":"BVIKQV33pX76Kd1N3/VDJj94QlQAJ+5I2H0KC09JLmZq"}}},"version":"v1"}