{"_sessions":{"BXgcXDshPaHfHY1Yo84hM//PpqitS5QvUa/qdrx1UAgr":{"registrationId":612298105,"currentRatchet":{"ephemeralKeyPair":{"pubKey":"BVqUk+MOHV8zCW5w+HHuHJAyqpjsXQjwbIOr0gunocpl","privKey":"MK67Ey99aybdQHRxM+H6jJTRPQFMV9k7C7y0xmEgXXg="},"lastRemoteEphemeralKey":"BfPlHEfWgOi0yczidtiWTY0Ty208HHTw8zZsFCcysF8F","previousCounter":0,"rootKey":"4QrV4irYUkN+JGm6rv63CupBDQI9RRIgZm+OWsn+D54="},"indexInfo":{"baseKey":"BXgcXDshPaHfHY1Yo84hM//PpqitS5QvUa/qdrx1UAgr","baseKeyType":1,"closed":-1,"used":1721051170873,"created":1721051170873,"remoteIdentityKey":"Bb9a6E3nWoLamwL5UAf8S1XrfsaFJ7JaDfGhuQyp9bZy"},"_chains":{"BVqUk+MOHV8zCW5w+HHuHJAyqpjsXQjwbIOr0gunocpl":{"chainKey":{"counter":132,"key":"3HQEbTipTRsatCOdCA+09glhzglYz2YZ5ATJQduhRXY="},"chainType":1,"messageKeys":{}}},"pendingPreKey":{"signedKeyId":8,"baseKey":"BXgcXDshPaHfHY1Yo84hM//PpqitS5QvUa/qdrx1UAgr","preKeyId":8554680}}},"version":"v1"}