{"_sessions":{"BSmmyO7+mfdU4Hh5wxVvv3p+Yf7/lv9wOXuiSw5magkB":{"registrationId":1352160379,"currentRatchet":{"ephemeralKeyPair":{"pubKey":"Bco7DEFSSsSlHX1FYErJjCUSzgm8HKffsWzxoyRlm4oH","privKey":"qLC+Krl+0WgwYXpijZbXEWF4NgAJH6p5gg48ILQSIFw="},"lastRemoteEphemeralKey":"BQJ7qlkNPU7+lZLJKeDnCKWvsn6yIv6MbxxIiKdbvsss","previousCounter":0,"rootKey":"Z46XNh/wxE4ILRVWxeXTzNAB3pZfuWJ10diy14Y84Ro="},"indexInfo":{"baseKey":"BSmmyO7+mfdU4Hh5wxVvv3p+Yf7/lv9wOXuiSw5magkB","baseKeyType":1,"closed":-1,"used":1721061609810,"created":1721061609810,"remoteIdentityKey":"BWqcdoBUMpUnyACWoCfcvy6ohOgf8g6MB86kHit5aKgD"},"_chains":{"Bco7DEFSSsSlHX1FYErJjCUSzgm8HKffsWzxoyRlm4oH":{"chainKey":{"counter":4,"key":"n5+N7MDGPRnbLsRaS38FXLNi3jnWIJzKMUuJDI+l124="},"chainType":1,"messageKeys":{}}},"pendingPreKey":{"signedKeyId":5,"baseKey":"BSmmyO7+mfdU4Hh5wxVvv3p+Yf7/lv9wOXuiSw5magkB","preKeyId":6730171}}},"version":"v1"}