{"_sessions":{"BTiAqusPTpUVi3NIThIsFnT0dDMrf+fSOT6NMBpFcgAZ":{"registrationId":6688,"currentRatchet":{"ephemeralKeyPair":{"pubKey":"BTwOK6yRfTfhPD5IVCf7Fh3fSAXhwmb9NAg3qcAe0foy","privKey":"wHBZ7UoqsTq7Bdgq32Noz+TumiS5xrLdwi/Na+Dwx3Y="},"lastRemoteEphemeralKey":"BeG34oWRusDSch22pHSdK9h+miRMN2U07NopfAnICadK","previousCounter":0,"rootKey":"BlJ8eJU0qRWAGt7oP4MCnZZb6LwyIRfAJGxIIa/jrB0="},"indexInfo":{"baseKey":"BTiAqusPTpUVi3NIThIsFnT0dDMrf+fSOT6NMBpFcgAZ","baseKeyType":1,"closed":-1,"used":1721061609623,"created":1721061609623,"remoteIdentityKey":"BV2ylPomp3C3tPordcXh7IenTT6K6LPHLrML/BIhjnt2"},"_chains":{"BTwOK6yRfTfhPD5IVCf7Fh3fSAXhwmb9NAg3qcAe0foy":{"chainKey":{"counter":4,"key":"FjuocW24X2S6fowir4WqLBPx3ZSkA1NW5iLJsZqI2as="},"chainType":1,"messageKeys":{}}},"pendingPreKey":{"signedKeyId":1,"baseKey":"BTiAqusPTpUVi3NIThIsFnT0dDMrf+fSOT6NMBpFcgAZ"}}},"version":"v1"}