{"_sessions":{"BQy+nlm0Yrw0BejjcBL5DskX+aLfXtSyQbBfXqBjr4dE":{"registrationId":372437769,"currentRatchet":{"ephemeralKeyPair":{"pubKey":"BaUU4u43+bs/INSPmKXTz0e5DwgMmbVOyrlo7aWzncYh","privKey":"cKrKyXnnnUvmSCYaJGtFVH8l8JAEANmePnfSZKr70Xc="},"lastRemoteEphemeralKey":"Bep6ZwUCtiGidlVDatoeIaeKHE5JdxtjMDN54r7ki706","previousCounter":0,"rootKey":"aRHCEfqODtZMx0fQB87zqhVqoHammLVU2s29YgEqCxY="},"indexInfo":{"baseKey":"BQy+nlm0Yrw0BejjcBL5DskX+aLfXtSyQbBfXqBjr4dE","baseKeyType":1,"closed":-1,"used":1721051170453,"created":1721051170453,"remoteIdentityKey":"BSXpzLHJ8TP83P/undNOshPMZob8bOJ454mDG1S9n7Eo"},"_chains":{"BaUU4u43+bs/INSPmKXTz0e5DwgMmbVOyrlo7aWzncYh":{"chainKey":{"counter":130,"key":"TNQGwrPj72mxR7+uKXEJp/Vj7nlXqHjsPNcJ6tnIpew="},"chainType":1,"messageKeys":{}}},"pendingPreKey":{"signedKeyId":4081124,"baseKey":"BQy+nlm0Yrw0BejjcBL5DskX+aLfXtSyQbBfXqBjr4dE","preKeyId":247518}}},"version":"v1"}