{"_sessions":{"BQQKhASssWdRMlEG9y+7uiCnnvb+gmlSaTLSKyHq4z0E":{"registrationId":1295366525,"currentRatchet":{"ephemeralKeyPair":{"pubKey":"BbG6sgULNMFY76jcH99C8Myb/TeuJWabq1dG6q29NkVd","privKey":"UGz3O3r2CzZBjcpGuqkGiQYPnFBsfWuriRa4Jgum8mM="},"lastRemoteEphemeralKey":"BWlIqx1JfAipAIDvbI9EPyOYZ9pHvways1iu9iesp1wW","previousCounter":0,"rootKey":"jEnENe5B5zZk9ulUKvWCxnMSCXQWTZ79OXS4/P7By2k="},"indexInfo":{"baseKey":"BQQKhASssWdRMlEG9y+7uiCnnvb+gmlSaTLSKyHq4z0E","baseKeyType":1,"closed":-1,"used":1721059322842,"created":1721059322842,"remoteIdentityKey":"BTA0fs9mhkgU7ekl69KlO6rJXwxU+Oyqin6RnYJm6L8P"},"_chains":{"BbG6sgULNMFY76jcH99C8Myb/TeuJWabq1dG6q29NkVd":{"chainKey":{"counter":5,"key":"Rk9xDGaBmrF3bG8rPKyQ9nndGbxTtZVPaP8qEeNEWjQ="},"chainType":1,"messageKeys":{}}},"pendingPreKey":{"signedKeyId":5,"baseKey":"BQQKhASssWdRMlEG9y+7uiCnnvb+gmlSaTLSKyHq4z0E","preKeyId":4876}}},"version":"v1"}