{"_sessions":{"BZEd3Q5JF/MwQYYj+PgS8s1XYI+XsBfGw20XxCYiXF8f":{"registrationId":947535372,"currentRatchet":{"ephemeralKeyPair":{"pubKey":"BUB39E1jcnAzKL1/VgiKoFGQBZPOxRQ+tDdsMVqkYApk","privKey":"ELeQW4hXMieGli9iZUuHgR3m9P3aMHrbsmoPQl6sbW4="},"lastRemoteEphemeralKey":"BZc8w0ebR4VnLajp7cLeNp6/Mm3LoDpGVO6CKFvAm9YJ","previousCounter":0,"rootKey":"9ANmqTlMcIuYe//okmkZhg0l6f+0e5Hnuxi6PNOOYMw="},"indexInfo":{"baseKey":"BZEd3Q5JF/MwQYYj+PgS8s1XYI+XsBfGw20XxCYiXF8f","baseKeyType":1,"closed":-1,"used":1721051171044,"created":1721051171044,"remoteIdentityKey":"BduQTTZK3FArekEh4n40G+yQe9zajt2tnIIQxw2l9xtf"},"_chains":{"BUB39E1jcnAzKL1/VgiKoFGQBZPOxRQ+tDdsMVqkYApk":{"chainKey":{"counter":130,"key":"Azo2RX/VDwrUtAD++K1Djm+Fa6Q8Hz3yHfocU8Qdxf0="},"chainType":1,"messageKeys":{}}},"pendingPreKey":{"signedKeyId":19,"baseKey":"BZEd3Q5JF/MwQYYj+PgS8s1XYI+XsBfGw20XxCYiXF8f","preKeyId":2698770}}},"version":"v1"}