{"_sessions":{"BWBLvaxHIS8t4LAYL+xWO4rzAUmGDRKBw6TIXUSraXsl":{"registrationId":1355878173,"currentRatchet":{"ephemeralKeyPair":{"pubKey":"BXUNQiiILtriHKh9ciBwml0w5+JpKJV1+SoL78x+DbFm","privKey":"QPuze6PTmahAEvxT7PV+LxpUIWJLifgTS6bfFtQtqGA="},"lastRemoteEphemeralKey":"BYQOu6YXRLXhY5FwxaNFSZoKscE7M43pQMCvrFgcsSM7","previousCounter":0,"rootKey":"D7Tw0gzW9GEWMC6b3l0+cLedZkh3Wolrcw1kTZu6+po="},"indexInfo":{"baseKey":"BWBLvaxHIS8t4LAYL+xWO4rzAUmGDRKBw6TIXUSraXsl","baseKeyType":1,"closed":-1,"used":1721051170449,"created":1721051170449,"remoteIdentityKey":"BSwucithzwVRUmmNcTnYXvMzJKZLt0oRSwxBVaFVIowM"},"_chains":{"BXUNQiiILtriHKh9ciBwml0w5+JpKJV1+SoL78x+DbFm":{"chainKey":{"counter":32,"key":"uOeQ85JEcX3+LLFF8kAnEsGoIB4nxnmiVTBuU9vaQC8="},"chainType":1,"messageKeys":{}}},"pendingPreKey":{"signedKeyId":0,"baseKey":"BWBLvaxHIS8t4LAYL+xWO4rzAUmGDRKBw6TIXUSraXsl","preKeyId":384164}}},"version":"v1"}