{"_sessions":{"BTXdQCbDTaFTKkDVbwLm190Kj12v9JhrGzid/8nn82xT":{"registrationId":2084793858,"currentRatchet":{"ephemeralKeyPair":{"pubKey":"BXto8aNIjTLyZ6AwaXhB4r9sP0YNwVk9EqeUD2QBVXxV","privKey":"oDrrgCSgaU+KNza2g3f+xikbdijHtjawh8eaBRopK0A="},"lastRemoteEphemeralKey":"BY5QDOsnhBejovpDHAy2yXnikjJPTxyw6e4SBd51vnsT","previousCounter":0,"rootKey":"zzFxU3kXwy8PF5vX7KJ9mu1KGikZbNFOtsecxAcc9b4="},"indexInfo":{"baseKey":"BTXdQCbDTaFTKkDVbwLm190Kj12v9JhrGzid/8nn82xT","baseKeyType":2,"closed":-1,"used":1721061604444,"created":1721061604444,"remoteIdentityKey":"BfQo1z+lI9gkY3tBa3+Fqk5XjHuTC+0lzICI0gs9YINd"},"_chains":{"BY5QDOsnhBejovpDHAy2yXnikjJPTxyw6e4SBd51vnsT":{"chainKey":{"counter":0,"key":"jiaYc6iBon1kJGMUtSVK1rLI5z8i3OQJVFsQaLN3b54="},"chainType":2,"messageKeys":{}},"BXto8aNIjTLyZ6AwaXhB4r9sP0YNwVk9EqeUD2QBVXxV":{"chainKey":{"counter":4,"key":"o0DZ0R2YEeGDXM1quDq4d8JiDvJEiX+u+7XyGsnqj80="},"chainType":1,"messageKeys":{}}}}},"version":"v1"}