{"_sessions":{"BcIPp0z6wmhjEVQe0/gTE61rYLVbjW3Cpjs8HWyivQsM":{"registrationId":822345800,"currentRatchet":{"ephemeralKeyPair":{"pubKey":"BYYv+NddQcRpnH7xkpqc2byO79JZat7s8W5t7gn5jTFB","privKey":"2O1X5OU0WZb/8SvEGFCX23uObExbtPgnpNuYkmiCPFY="},"lastRemoteEphemeralKey":"BSi5gELe5M/ZqkXKy00ZP1fK/i3BsdkbxM19Wg3yyktM","previousCounter":0,"rootKey":"gDM2NBIZGOfU8KuddJWxxpcATRAc/pIcWj3qDhHmmWM="},"indexInfo":{"baseKey":"BcIPp0z6wmhjEVQe0/gTE61rYLVbjW3Cpjs8HWyivQsM","baseKeyType":1,"closed":-1,"used":1721069705565,"created":1721069705565,"remoteIdentityKey":"BWBvdTW+owoxnq7YNpN+QvTzlmgzfM25//AYKDH4hJkR"},"_chains":{"BYYv+NddQcRpnH7xkpqc2byO79JZat7s8W5t7gn5jTFB":{"chainKey":{"counter":0,"key":"e/sNY44I2RXYIundIgKLpzZ8WrvayirIiFvh4odFNM8="},"chainType":1,"messageKeys":{}}},"pendingPreKey":{"signedKeyId":0,"baseKey":"BcIPp0z6wmhjEVQe0/gTE61rYLVbjW3Cpjs8HWyivQsM","preKeyId":559382}}},"version":"v1"}