{"_sessions":{"BdO4Il8RRQXZbcyjArLjaP7Ou+eojqqWY7UySn0Imi1H":{"registrationId":13,"currentRatchet":{"ephemeralKeyPair":{"pubKey":"BXLzfuUUMBArtJA2ypeFsDgamL9ixBueU7zcO2BeH/wx","privKey":"aJrpbP/2hB9O5PtgtYznu2y6ha2t0tQjKsC7xnreIWU="},"lastRemoteEphemeralKey":"BQ2hmlc1FAzjrr0bZ4S0LZX2DMIJ4vPXuAe3EwSTS71p","previousCounter":0,"rootKey":"RF3vQkUPSoab8VowO/lY2tUxM7lVSTA2Dc3Ic0qYDtg="},"indexInfo":{"baseKey":"BdO4Il8RRQXZbcyjArLjaP7Ou+eojqqWY7UySn0Imi1H","baseKeyType":1,"closed":1721152214524,"used":1721152199734,"created":1721152199734,"remoteIdentityKey":"BYPwh8AsLxFKsQRzcdp2mzPCJVxHaGmvYqt35VLqp+8P"},"_chains":{"BXLzfuUUMBArtJA2ypeFsDgamL9ixBueU7zcO2BeH/wx":{"chainKey":{"counter":0,"key":"V0YeRcqxPUFO3+ECPlrVjr9/ZR20jTISJxDG4emlaTw="},"chainType":1,"messageKeys":{}}},"pendingPreKey":{"signedKeyId":1,"baseKey":"BdO4Il8RRQXZbcyjArLjaP7Ou+eojqqWY7UySn0Imi1H","preKeyId":1534}},"BRUPKCrV5OQdLsxc1PSTe9Ps09wQ5wmY3K++Pihkn89p":{"registrationId":13,"currentRatchet":{"ephemeralKeyPair":{"pubKey":"BYKXEqYXeM11KK65ZDoV52e4nfkXb2FC4HxXAO4dFS0k","privKey":"mI0PI3kn/qMYgrEaQxj59ou8wINIjwgWodnNz94ZUFw="},"lastRemoteEphemeralKey":"BQ2hmlc1FAzjrr0bZ4S0LZX2DMIJ4vPXuAe3EwSTS71p","previousCounter":0,"rootKey":"w6xn9sgTTeqoKO1WC+WxpOhN6zuMbJUAkELDYV7PSps="},"indexInfo":{"baseKey":"BRUPKCrV5OQdLsxc1PSTe9Ps09wQ5wmY3K++Pihkn89p","baseKeyType":1,"closed":1721152227890,"used":1721152214522,"created":1721152214522,"remoteIdentityKey":"BYPwh8AsLxFKsQRzcdp2mzPCJVxHaGmvYqt35VLqp+8P"},"_chains":{"BYKXEqYXeM11KK65ZDoV52e4nfkXb2FC4HxXAO4dFS0k":{"chainKey":{"counter":0,"key":"NfrdK3hmPV2oBi7OGHqxkRz6dEKRLASwOCJrYHr3fAY="},"chainType":1,"messageKeys":{}}},"pendingPreKey":{"signedKeyId":1,"baseKey":"BRUPKCrV5OQdLsxc1PSTe9Ps09wQ5wmY3K++Pihkn89p","preKeyId":1546}},"BRXGFzu6joZzdwiGYa5tyo8VxQ32VFC3uKxoc98yrEEr":{"registrationId":13,"currentRatchet":{"ephemeralKeyPair":{"pubKey":"BcR13BA/7QCBYxmEAKJi+tW4AQGQFUnjIFko6Ds+Og8q","privKey":"WCPUtDr7+9xw7xX71fZ6h4Polpjjs07f4hHy5fKUF34="},"lastRemoteEphemeralKey":"BQ2hmlc1FAzjrr0bZ4S0LZX2DMIJ4vPXuAe3EwSTS71p","previousCounter":0,"rootKey":"uyDd942IJmwsL0mmAkerq8tbcKh4z38Uqvpr+FfH5ls="},"indexInfo":{"baseKey":"BRXGFzu6joZzdwiGYa5tyo8VxQ32VFC3uKxoc98yrEEr","baseKeyType":1,"closed":1721152342725,"used":1721152227887,"created":1721152227887,"remoteIdentityKey":"BYPwh8AsLxFKsQRzcdp2mzPCJVxHaGmvYqt35VLqp+8P"},"_chains":{"BcR13BA/7QCBYxmEAKJi+tW4AQGQFUnjIFko6Ds+Og8q":{"chainKey":{"counter":0,"key":"8l6x7uo0g5ProFw6leZyKtwEXIp2g/FA4smRB0bVGTY="},"chainType":1,"messageKeys":{}}},"pendingPreKey":{"signedKeyId":1,"baseKey":"BRXGFzu6joZzdwiGYa5tyo8VxQ32VFC3uKxoc98yrEEr","preKeyId":1533}},"BdgFzD7HppdvyZIez53q1cWFyIkqcS56tJMZONk0tpd8":{"registrationId":13,"currentRatchet":{"ephemeralKeyPair":{"pubKey":"BUUIQswfe+kkm0Jgxc0ut9kSAdKzhPRqezjOr9hA2l1c","privKey":"6D+HnRJxV9Y7SmKg/wafWE27Ye0/CaQ9eyPUijGtZ0s="},"lastRemoteEphemeralKey":"BQ2hmlc1FAzjrr0bZ4S0LZX2DMIJ4vPXuAe3EwSTS71p","previousCounter":0,"rootKey":"oryFlza/04eOwAw2DWxlToN+v1gR/vaXjLd9qGnQu3Q="},"indexInfo":{"baseKey":"BdgFzD7HppdvyZIez53q1cWFyIkqcS56tJMZONk0tpd8","baseKeyType":1,"closed":1721152392371,"used":1721152342710,"created":1721152342710,"remoteIdentityKey":"BYPwh8AsLxFKsQRzcdp2mzPCJVxHaGmvYqt35VLqp+8P"},"_chains":{"BUUIQswfe+kkm0Jgxc0ut9kSAdKzhPRqezjOr9hA2l1c":{"chainKey":{"counter":0,"key":"L2cCD/mvd/E5L2ytciXJaoYetp+pyKQlnb09ydm7HHA="},"chainType":1,"messageKeys":{}}},"pendingPreKey":{"signedKeyId":1,"baseKey":"BdgFzD7HppdvyZIez53q1cWFyIkqcS56tJMZONk0tpd8","preKeyId":1552}},"BbahFywbc8QgYZoDpkuVpamj2mTaAHcljtRvjnEPeaR7":{"registrationId":13,"currentRatchet":{"ephemeralKeyPair":{"pubKey":"Ba2toMNvrQKn4Gy6Yps8LPvLX/qf32BetIiM3h9skLoC","privKey":"SLK3N3aU2Cs62SMB1P84bgYpk0d4e10EvnyeS32p4UE="},"lastRemoteEphemeralKey":"BQ2hmlc1FAzjrr0bZ4S0LZX2DMIJ4vPXuAe3EwSTS71p","previousCounter":0,"rootKey":"FOYmDxOZbGOieZAzO/vdZi5eZQjoIU4iE+s43x5wKMI="},"indexInfo":{"baseKey":"BbahFywbc8QgYZoDpkuVpamj2mTaAHcljtRvjnEPeaR7","baseKeyType":1,"closed":1721152400184,"used":1721152392369,"created":1721152392369,"remoteIdentityKey":"BYPwh8AsLxFKsQRzcdp2mzPCJVxHaGmvYqt35VLqp+8P"},"_chains":{"Ba2toMNvrQKn4Gy6Yps8LPvLX/qf32BetIiM3h9skLoC":{"chainKey":{"counter":0,"key":"580dAzwB7z/y6sDWKOI/29RyaGquUZ8uxUgaME9eY2g="},"chainType":1,"messageKeys":{}}},"pendingPreKey":{"signedKeyId":1,"baseKey":"BbahFywbc8QgYZoDpkuVpamj2mTaAHcljtRvjnEPeaR7","preKeyId":1545}},"BSQX8PYFER5u6al0ZdCPwPOx5rRmEttS9V7rkqXTCHRK":{"registrationId":13,"currentRatchet":{"ephemeralKeyPair":{"pubKey":"BXfAJ1eOsCoEgAsmn9CFWinVttH2uLGImw/RskX139kg","privKey":"iDapBFkkb1NtfkjC3DEN/347vcl3j2aFtffQHhJOA20="},"lastRemoteEphemeralKey":"BQ2hmlc1FAzjrr0bZ4S0LZX2DMIJ4vPXuAe3EwSTS71p","previousCounter":0,"rootKey":"svAO13o5DEkBlWvDx0/+AgGm4+RvvB9JdoITR+XFHwY="},"indexInfo":{"baseKey":"BSQX8PYFER5u6al0ZdCPwPOx5rRmEttS9V7rkqXTCHRK","baseKeyType":1,"closed":1721152421873,"used":1721152400183,"created":1721152400183,"remoteIdentityKey":"BYPwh8AsLxFKsQRzcdp2mzPCJVxHaGmvYqt35VLqp+8P"},"_chains":{"BXfAJ1eOsCoEgAsmn9CFWinVttH2uLGImw/RskX139kg":{"chainKey":{"counter":0,"key":"RZidUZ+8Xh3YrykX4vLjYyAHk+fvbxO63RMF8KtUFsk="},"chainType":1,"messageKeys":{}}},"pendingPreKey":{"signedKeyId":1,"baseKey":"BSQX8PYFER5u6al0ZdCPwPOx5rRmEttS9V7rkqXTCHRK","preKeyId":1541}},"BQ2oylHgW7soQR3wJ5ISWQio3836mqAoI3tXOzW2b6Ba":{"registrationId":13,"currentRatchet":{"ephemeralKeyPair":{"pubKey":"BeS19Ue0GzFV50DL0dIuvKG4OZMQOsykVYWrZFznNEN/","privKey":"IBSpd8quulhe8XAbpZjCJ3B7cKh1tioWUMKc7QNlN1M="},"lastRemoteEphemeralKey":"BQ2hmlc1FAzjrr0bZ4S0LZX2DMIJ4vPXuAe3EwSTS71p","previousCounter":0,"rootKey":"Y5yxT6DbgvJB2l+FqOb4RJHJ66T4YNOH10TAjzznBLw="},"indexInfo":{"baseKey":"BQ2oylHgW7soQR3wJ5ISWQio3836mqAoI3tXOzW2b6Ba","baseKeyType":1,"closed":1721152425232,"used":1721152421872,"created":1721152421872,"remoteIdentityKey":"BYPwh8AsLxFKsQRzcdp2mzPCJVxHaGmvYqt35VLqp+8P"},"_chains":{"BeS19Ue0GzFV50DL0dIuvKG4OZMQOsykVYWrZFznNEN/":{"chainKey":{"counter":0,"key":"dVUVT8p/JAT9pWHrba6C5hGAp9RCWrSgplRWZxPhSTk="},"chainType":1,"messageKeys":{}}},"pendingPreKey":{"signedKeyId":1,"baseKey":"BQ2oylHgW7soQR3wJ5ISWQio3836mqAoI3tXOzW2b6Ba","preKeyId":1528}},"Bc13PSIFisljDA6t37f0B7EihDiI/+lLvW3kf41DWCJp":{"registrationId":13,"currentRatchet":{"ephemeralKeyPair":{"pubKey":"BW3VBez5TynGZH1d7VytqDlUdfmE+2FWnMbFaPK4NiET","privKey":"6CaY6ope3F3Sw6Qx1ePQUVWnQ6a3HcYqTDCBASKik2k="},"lastRemoteEphemeralKey":"BQ2hmlc1FAzjrr0bZ4S0LZX2DMIJ4vPXuAe3EwSTS71p","previousCounter":0,"rootKey":"VhsjOKi3D9dMoMEqRE/pqrc+BQ3jw50jNhOEFWltMQA="},"indexInfo":{"baseKey":"Bc13PSIFisljDA6t37f0B7EihDiI/+lLvW3kf41DWCJp","baseKeyType":1,"closed":1721152635314,"used":1721152425230,"created":1721152425230,"remoteIdentityKey":"BYPwh8AsLxFKsQRzcdp2mzPCJVxHaGmvYqt35VLqp+8P"},"_chains":{"BW3VBez5TynGZH1d7VytqDlUdfmE+2FWnMbFaPK4NiET":{"chainKey":{"counter":0,"key":"qAF8qv5kzq4zYPI+iWuz22CkCAPgaDocYJQ0aylbdWo="},"chainType":1,"messageKeys":{}}},"pendingPreKey":{"signedKeyId":1,"baseKey":"Bc13PSIFisljDA6t37f0B7EihDiI/+lLvW3kf41DWCJp","preKeyId":1537}},"BbJdBhEpQ1j3CV0ZhW/zCWs4Wk7FX1SfSVHg0U1lYX52":{"registrationId":13,"currentRatchet":{"ephemeralKeyPair":{"pubKey":"BdCE9APLCLUyZanwhtOE3SNmABZoeo6/Aop9mmvy96YK","privKey":"6AWuGZ8rKvkorvCXxyZXHZNIWZtFutK9X1c+yygd8W0="},"lastRemoteEphemeralKey":"BQ2hmlc1FAzjrr0bZ4S0LZX2DMIJ4vPXuAe3EwSTS71p","previousCounter":0,"rootKey":"rmAWQvJMkce3XZCgZ7SnwVw6aofukUI3TJ5fbG22uLA="},"indexInfo":{"baseKey":"BbJdBhEpQ1j3CV0ZhW/zCWs4Wk7FX1SfSVHg0U1lYX52","baseKeyType":1,"closed":1721152636540,"used":1721152635312,"created":1721152635312,"remoteIdentityKey":"BYPwh8AsLxFKsQRzcdp2mzPCJVxHaGmvYqt35VLqp+8P"},"_chains":{"BdCE9APLCLUyZanwhtOE3SNmABZoeo6/Aop9mmvy96YK":{"chainKey":{"counter":0,"key":"OZmnjwLibvcYnEMnAS75ygrHBY30gAudgZ5Rp4ciJZE="},"chainType":1,"messageKeys":{}}},"pendingPreKey":{"signedKeyId":1,"baseKey":"BbJdBhEpQ1j3CV0ZhW/zCWs4Wk7FX1SfSVHg0U1lYX52","preKeyId":1535}},"BXMOQfg1gendovQ0kxoDs15AujZagF7VvWcP4+pB/CEd":{"registrationId":13,"currentRatchet":{"ephemeralKeyPair":{"pubKey":"BW0kzSVNAaDnY6hiYUSceEVkc2VWlwHsoqtwPhhZaFgH","privKey":"uBIxVx4wapN5P+ya0c8QZl0m1ANvpPLUlA87qSnHpXU="},"lastRemoteEphemeralKey":"BQ2hmlc1FAzjrr0bZ4S0LZX2DMIJ4vPXuAe3EwSTS71p","previousCounter":0,"rootKey":"/9BZEZDhoPs4TU3AlxUv28ot1bxGZ/CZtKK66ToZUE8="},"indexInfo":{"baseKey":"BXMOQfg1gendovQ0kxoDs15AujZagF7VvWcP4+pB/CEd","baseKeyType":1,"closed":1721152708473,"used":1721152636537,"created":1721152636537,"remoteIdentityKey":"BYPwh8AsLxFKsQRzcdp2mzPCJVxHaGmvYqt35VLqp+8P"},"_chains":{"BW0kzSVNAaDnY6hiYUSceEVkc2VWlwHsoqtwPhhZaFgH":{"chainKey":{"counter":0,"key":"yOI9zbt1S6RA6Pm+U6LxBJ2s856D77OONFhmL6BhnK8="},"chainType":1,"messageKeys":{}}},"pendingPreKey":{"signedKeyId":1,"baseKey":"BXMOQfg1gendovQ0kxoDs15AujZagF7VvWcP4+pB/CEd","preKeyId":1529}},"BSmWPUvWJQwO+ZB5/+i0vFQ5HJjHRo8m1mqQMuVEt99n":{"registrationId":13,"currentRatchet":{"ephemeralKeyPair":{"pubKey":"BSKX8+3bNFIiA6a2tIEn7C4SLgPDoWtl3Jtte1LE0Fdp","privKey":"IIAOkarVbqajKMoYLb+hAaviLGhs3hhOCxqZb9aLxH0="},"lastRemoteEphemeralKey":"BQ2hmlc1FAzjrr0bZ4S0LZX2DMIJ4vPXuAe3EwSTS71p","previousCounter":0,"rootKey":"vakv65ej/ijnnMtM/BSP2tyWAvbNGYqt/9qeF8qK1TA="},"indexInfo":{"baseKey":"BSmWPUvWJQwO+ZB5/+i0vFQ5HJjHRo8m1mqQMuVEt99n","baseKeyType":1,"closed":1721154185560,"used":1721152708471,"created":1721152708471,"remoteIdentityKey":"BYPwh8AsLxFKsQRzcdp2mzPCJVxHaGmvYqt35VLqp+8P"},"_chains":{"BSKX8+3bNFIiA6a2tIEn7C4SLgPDoWtl3Jtte1LE0Fdp":{"chainKey":{"counter":2,"key":"11EChvmyZej5D85WE6IQY7kB5kBnKy3bdMh7NoHpi+w="},"chainType":1,"messageKeys":{}}},"pendingPreKey":{"signedKeyId":1,"baseKey":"BSmWPUvWJQwO+ZB5/+i0vFQ5HJjHRo8m1mqQMuVEt99n","preKeyId":1531}},"BX2qKI4ZQ0FxIxnj+Vl3VIToLJYQPOqEcJ5mi9oEMwAw":{"registrationId":13,"currentRatchet":{"ephemeralKeyPair":{"pubKey":"BaSI9MydU43mEFPOFBCCK0Jw4o5d2/JLyVAxAHQQCLFF","privKey":"sND/YICdZGcV818JPD92mhhHvWWXyFxyV0RrdsodMGw="},"lastRemoteEphemeralKey":"BQ2hmlc1FAzjrr0bZ4S0LZX2DMIJ4vPXuAe3EwSTS71p","previousCounter":0,"rootKey":"ZlzdCqz37yOj4UTqfS4kk2mSQF8pclizUCNFMcOccTc="},"indexInfo":{"baseKey":"BX2qKI4ZQ0FxIxnj+Vl3VIToLJYQPOqEcJ5mi9oEMwAw","baseKeyType":1,"closed":1721154233874,"used":1721154185555,"created":1721154185555,"remoteIdentityKey":"BYPwh8AsLxFKsQRzcdp2mzPCJVxHaGmvYqt35VLqp+8P"},"_chains":{"BaSI9MydU43mEFPOFBCCK0Jw4o5d2/JLyVAxAHQQCLFF":{"chainKey":{"counter":0,"key":"Q1y4w37R7d02d6cjgs8ObQ9CYYUkz/EFhmXUxoXagLw="},"chainType":1,"messageKeys":{}}},"pendingPreKey":{"signedKeyId":1,"baseKey":"BX2qKI4ZQ0FxIxnj+Vl3VIToLJYQPOqEcJ5mi9oEMwAw"}},"Be11xzQBqV7AfZUHTcYiwcHkHhUFztGAzru+1rs3qCx1":{"registrationId":13,"currentRatchet":{"ephemeralKeyPair":{"pubKey":"BRQNyX6BFw7VtRLS4AYTwGuf/EOlizOR2QTH/he0qR5V","privKey":"AO6ZjMeLAaoAvFxqCu/yRO2aWm2vynpm4bZg/go4OkE="},"lastRemoteEphemeralKey":"BQ2hmlc1FAzjrr0bZ4S0LZX2DMIJ4vPXuAe3EwSTS71p","previousCounter":0,"rootKey":"MusJlqEdpHOS6BLnSr+6ecQa1gAlY5ne2u26ynpFtME="},"indexInfo":{"baseKey":"Be11xzQBqV7AfZUHTcYiwcHkHhUFztGAzru+1rs3qCx1","baseKeyType":1,"closed":1721154416089,"used":1721154233872,"created":1721154233872,"remoteIdentityKey":"BYPwh8AsLxFKsQRzcdp2mzPCJVxHaGmvYqt35VLqp+8P"},"_chains":{"BRQNyX6BFw7VtRLS4AYTwGuf/EOlizOR2QTH/he0qR5V":{"chainKey":{"counter":0,"key":"x4y1X+MPh/fH3EAC16TC7KcIVGlYGvoMFzzBwseW3tA="},"chainType":1,"messageKeys":{}}},"pendingPreKey":{"signedKeyId":1,"baseKey":"Be11xzQBqV7AfZUHTcYiwcHkHhUFztGAzru+1rs3qCx1"}},"BYcaN3gZHk5JIOz6pL5Madfj+nEFd+++63cxRZBq3CxG":{"registrationId":13,"currentRatchet":{"ephemeralKeyPair":{"pubKey":"BQ2bC8j73Itj+oTxJrWSv3ehzJZTKwO7gLlPl+NCnjs+","privKey":"0IupjdLS+vmODIH4O2OyMXA4QzNExLniEYb/IahjFHE="},"lastRemoteEphemeralKey":"BQ2hmlc1FAzjrr0bZ4S0LZX2DMIJ4vPXuAe3EwSTS71p","previousCounter":0,"rootKey":"TRl7sNVrHhrde+v8eFyriRRdSrDQsl6kbXY22gX6yoc="},"indexInfo":{"baseKey":"BYcaN3gZHk5JIOz6pL5Madfj+nEFd+++63cxRZBq3CxG","baseKeyType":1,"closed":1721154440449,"used":1721154416086,"created":1721154416086,"remoteIdentityKey":"BYPwh8AsLxFKsQRzcdp2mzPCJVxHaGmvYqt35VLqp+8P"},"_chains":{"BQ2bC8j73Itj+oTxJrWSv3ehzJZTKwO7gLlPl+NCnjs+":{"chainKey":{"counter":0,"key":"5F1sjG1HdbhVt563LOvvf+vBsKqUmvteHTjHdTPplAw="},"chainType":1,"messageKeys":{}}},"pendingPreKey":{"signedKeyId":1,"baseKey":"BYcaN3gZHk5JIOz6pL5Madfj+nEFd+++63cxRZBq3CxG"}},"BfxsLWq0q7NC4VRkTJd7hQQf53DeTJYSy6IUY/EshNJP":{"registrationId":13,"currentRatchet":{"ephemeralKeyPair":{"pubKey":"BV0qIKyGZT84uCw3s/95nX9kT9aXDjuHE0x2flNB9plP","privKey":"wJKr/WnI+gAmr/E2oeWBgACyn0dw5Lfb7x1swP5kgG0="},"lastRemoteEphemeralKey":"BQ2hmlc1FAzjrr0bZ4S0LZX2DMIJ4vPXuAe3EwSTS71p","previousCounter":0,"rootKey":"RbMej0FhnccXPCRpanWqAnsbnJkJ418wiKKrlB2f0UU="},"indexInfo":{"baseKey":"BfxsLWq0q7NC4VRkTJd7hQQf53DeTJYSy6IUY/EshNJP","baseKeyType":1,"closed":1721154467885,"used":1721154440447,"created":1721154440447,"remoteIdentityKey":"BYPwh8AsLxFKsQRzcdp2mzPCJVxHaGmvYqt35VLqp+8P"},"_chains":{"BV0qIKyGZT84uCw3s/95nX9kT9aXDjuHE0x2flNB9plP":{"chainKey":{"counter":0,"key":"Xl37tWsJZRno3ADCboz61Y5AHI+6JYOR4vTWDdX+JCo="},"chainType":1,"messageKeys":{}}},"pendingPreKey":{"signedKeyId":1,"baseKey":"BfxsLWq0q7NC4VRkTJd7hQQf53DeTJYSy6IUY/EshNJP"}},"BQti3qpExRaHUIAYGVWUS4jeVVTuuXARujKHj4h3S25p":{"registrationId":13,"currentRatchet":{"ephemeralKeyPair":{"pubKey":"BRr6lbCANAYZSL3mYJGU9tO+4yddC+Zu/w3DdKwyVzoy","privKey":"iGq+lsNV23VEHvvaGp8NYEjMILnHgSyfl3UH6hOs8mo="},"lastRemoteEphemeralKey":"BQ2hmlc1FAzjrr0bZ4S0LZX2DMIJ4vPXuAe3EwSTS71p","previousCounter":0,"rootKey":"/8s+UDm4ac/J1XXisCc9eyS8xT74CJkexP64JPCDdkM="},"indexInfo":{"baseKey":"BQti3qpExRaHUIAYGVWUS4jeVVTuuXARujKHj4h3S25p","baseKeyType":1,"closed":1721154476263,"used":1721154467883,"created":1721154467883,"remoteIdentityKey":"BYPwh8AsLxFKsQRzcdp2mzPCJVxHaGmvYqt35VLqp+8P"},"_chains":{"BRr6lbCANAYZSL3mYJGU9tO+4yddC+Zu/w3DdKwyVzoy":{"chainKey":{"counter":0,"key":"7Mu7uD+/GHHu7L+a2JpOQXOzhiD3XjzJ3hoIjEb97zs="},"chainType":1,"messageKeys":{}}},"pendingPreKey":{"signedKeyId":1,"baseKey":"BQti3qpExRaHUIAYGVWUS4jeVVTuuXARujKHj4h3S25p"}},"BR0KATWf++osmnxTb9Yop+hVUCRrD8mc8cpUgYhD4zU3":{"registrationId":13,"currentRatchet":{"ephemeralKeyPair":{"pubKey":"BbfRymh34hrC3HIXikABL3lBBn65PXpioxIdS82J+1Jm","privKey":"ePPMKJa8zfjMI87AXntqExb/TBDEmpI2no3/L+Y+Q3A="},"lastRemoteEphemeralKey":"BQ2hmlc1FAzjrr0bZ4S0LZX2DMIJ4vPXuAe3EwSTS71p","previousCounter":0,"rootKey":"BccjJM012xiCutW74kHGbj2F2N3iuoisAi2NQ7rX9KU="},"indexInfo":{"baseKey":"BR0KATWf++osmnxTb9Yop+hVUCRrD8mc8cpUgYhD4zU3","baseKeyType":1,"closed":1721154669331,"used":1721154476261,"created":1721154476261,"remoteIdentityKey":"BYPwh8AsLxFKsQRzcdp2mzPCJVxHaGmvYqt35VLqp+8P"},"_chains":{"BbfRymh34hrC3HIXikABL3lBBn65PXpioxIdS82J+1Jm":{"chainKey":{"counter":0,"key":"e2xAGpRmtRENh6xqlbctY/OwCh0stXFdIsm4CT0ou+0="},"chainType":1,"messageKeys":{}}},"pendingPreKey":{"signedKeyId":1,"baseKey":"BR0KATWf++osmnxTb9Yop+hVUCRrD8mc8cpUgYhD4zU3"}},"BSXNKdT1QtkP/ZhsfYzC3763KCgDsS2ktg0tVam0cb8S":{"registrationId":13,"currentRatchet":{"ephemeralKeyPair":{"pubKey":"BQq7aap97Nldgs5ngyhsMFtBXu7KWcpVP6qh1ZGIGUZ/","privKey":"oB6h5QtKLxLEap53sd3aBti6IqXrDuhtLsWRD1lktGI="},"lastRemoteEphemeralKey":"BQ2hmlc1FAzjrr0bZ4S0LZX2DMIJ4vPXuAe3EwSTS71p","previousCounter":0,"rootKey":"xzVHm9jJ1cu0pCeXV88G2KnSf4wrme01ZooRv5ijQlc="},"indexInfo":{"baseKey":"BSXNKdT1QtkP/ZhsfYzC3763KCgDsS2ktg0tVam0cb8S","baseKeyType":1,"closed":1721154677999,"used":1721154669278,"created":1721154669278,"remoteIdentityKey":"BYPwh8AsLxFKsQRzcdp2mzPCJVxHaGmvYqt35VLqp+8P"},"_chains":{"BQq7aap97Nldgs5ngyhsMFtBXu7KWcpVP6qh1ZGIGUZ/":{"chainKey":{"counter":0,"key":"g0qxjtQKZ68DfuDgNf21tfoioHocHcyvO5W3w3ySzbI="},"chainType":1,"messageKeys":{}}},"pendingPreKey":{"signedKeyId":1,"baseKey":"BSXNKdT1QtkP/ZhsfYzC3763KCgDsS2ktg0tVam0cb8S"}},"BbC3+Fu2t6lbVsUTR7DUBUIXlSdhbAF30qXUcwLFtE4B":{"registrationId":13,"currentRatchet":{"ephemeralKeyPair":{"pubKey":"BduXfq6tsFKhHACJqq3+zlIfxgHuUq2Yh9I+jNFJeMZg","privKey":"iMFAP4oBBKkhWh1BOzmY1oeVv9KFlRvnjcdxNUJhwVE="},"lastRemoteEphemeralKey":"BQ2hmlc1FAzjrr0bZ4S0LZX2DMIJ4vPXuAe3EwSTS71p","previousCounter":0,"rootKey":"rWJI55ZdKnw/hu5CfWb4CVLAfD5tyi96vA8+c8YhVZ8="},"indexInfo":{"baseKey":"BbC3+Fu2t6lbVsUTR7DUBUIXlSdhbAF30qXUcwLFtE4B","baseKeyType":1,"closed":1721154730584,"used":1721154677996,"created":1721154677996,"remoteIdentityKey":"BYPwh8AsLxFKsQRzcdp2mzPCJVxHaGmvYqt35VLqp+8P"},"_chains":{"BduXfq6tsFKhHACJqq3+zlIfxgHuUq2Yh9I+jNFJeMZg":{"chainKey":{"counter":0,"key":"WXWyGkM68sFJNYY0fhftXoEASeDOI6Yrv0PSCDwNbnM="},"chainType":1,"messageKeys":{}}},"pendingPreKey":{"signedKeyId":1,"baseKey":"BbC3+Fu2t6lbVsUTR7DUBUIXlSdhbAF30qXUcwLFtE4B"}},"BZUAM9X77gGAfOQmLLDwXnunwX/Sm3tmyzG7UbPWD8lg":{"registrationId":13,"currentRatchet":{"ephemeralKeyPair":{"pubKey":"BbEK8AlO7wCJbXtJuDgP764XJ68zdCkkEKwDo8YWoch3","privKey":"gCNka8Ntn1isbBPBc8VUvoYZ2hv+Wpoh/2Rm3GuH9Hc="},"lastRemoteEphemeralKey":"BQ2hmlc1FAzjrr0bZ4S0LZX2DMIJ4vPXuAe3EwSTS71p","previousCounter":0,"rootKey":"UKhpchLJUSOn0eM/VR8OoMSZ+Keu2OJySgD31MusY9s="},"indexInfo":{"baseKey":"BZUAM9X77gGAfOQmLLDwXnunwX/Sm3tmyzG7UbPWD8lg","baseKeyType":1,"closed":1721154855349,"used":1721154730582,"created":1721154730582,"remoteIdentityKey":"BYPwh8AsLxFKsQRzcdp2mzPCJVxHaGmvYqt35VLqp+8P"},"_chains":{"BbEK8AlO7wCJbXtJuDgP764XJ68zdCkkEKwDo8YWoch3":{"chainKey":{"counter":0,"key":"WA9dLi5+tExHJsnfluaflBETQHGlk69ylA1j5MCWMB8="},"chainType":1,"messageKeys":{}}},"pendingPreKey":{"signedKeyId":1,"baseKey":"BZUAM9X77gGAfOQmLLDwXnunwX/Sm3tmyzG7UbPWD8lg"}},"Ba/s9K/FOwP6r+GqUnQcRAGhCpTOlPq9BJQjnjQmA/Zu":{"registrationId":13,"currentRatchet":{"ephemeralKeyPair":{"pubKey":"BcUZqipOZGFjimpjW4eN1IoyYUU1gxegqHSJYPUPMt04","privKey":"mHON3xvEQDguGJZqfhp1Eaut8h0xaoWdunHf0aAgM1I="},"lastRemoteEphemeralKey":"BQ2hmlc1FAzjrr0bZ4S0LZX2DMIJ4vPXuAe3EwSTS71p","previousCounter":0,"rootKey":"t4xH8O5YdqshaTNny/EeZMkwhTEUeUj0WV2Uc0q/mO4="},"indexInfo":{"baseKey":"Ba/s9K/FOwP6r+GqUnQcRAGhCpTOlPq9BJQjnjQmA/Zu","baseKeyType":1,"closed":1721154898843,"used":1721154855347,"created":1721154855347,"remoteIdentityKey":"BYPwh8AsLxFKsQRzcdp2mzPCJVxHaGmvYqt35VLqp+8P"},"_chains":{"BcUZqipOZGFjimpjW4eN1IoyYUU1gxegqHSJYPUPMt04":{"chainKey":{"counter":0,"key":"B3Mo9A8MV+wnCeSNTPMSH93+w6Vtb4K9szxWBfJJei0="},"chainType":1,"messageKeys":{}}},"pendingPreKey":{"signedKeyId":1,"baseKey":"Ba/s9K/FOwP6r+GqUnQcRAGhCpTOlPq9BJQjnjQmA/Zu"}},"BSzED4Gw24EM7kxNbbJZ2X97lfax3K8fEKSjutKrfv0L":{"registrationId":13,"currentRatchet":{"ephemeralKeyPair":{"pubKey":"BcSjYZI5FKehMlUB2Zmn7jhxz2DCCILG1jwS9+eXhYh2","privKey":"8GLI3s0cMKwOKni8BxCAF7cx4vHf1Z8NpCfbxv4KYnk="},"lastRemoteEphemeralKey":"BQ2hmlc1FAzjrr0bZ4S0LZX2DMIJ4vPXuAe3EwSTS71p","previousCounter":0,"rootKey":"soasWt95RZVzViFq8Axsub+axYCqucSEYLHqPcPN09I="},"indexInfo":{"baseKey":"BSzED4Gw24EM7kxNbbJZ2X97lfax3K8fEKSjutKrfv0L","baseKeyType":1,"closed":1721154916923,"used":1721154898841,"created":1721154898841,"remoteIdentityKey":"BYPwh8AsLxFKsQRzcdp2mzPCJVxHaGmvYqt35VLqp+8P"},"_chains":{"BcSjYZI5FKehMlUB2Zmn7jhxz2DCCILG1jwS9+eXhYh2":{"chainKey":{"counter":0,"key":"+oUJ21hx3cc1DjPN976KsOWSAYgtZyty3u2U5KTIR6I="},"chainType":1,"messageKeys":{}}},"pendingPreKey":{"signedKeyId":1,"baseKey":"BSzED4Gw24EM7kxNbbJZ2X97lfax3K8fEKSjutKrfv0L","preKeyId":1580}},"BctFTyUd3Onz/mlzCHiCK93e0kdUDBqO/E9uW2mdCGdt":{"registrationId":13,"currentRatchet":{"ephemeralKeyPair":{"pubKey":"BaNdGnvSmaKUaKxM7TV1vEj36zbcrN+h1DUmMOlIv4xH","privKey":"CBReXhBYVrjbOD3wrIDL4F6AiUWNH4bgSFCCIXLDsm0="},"lastRemoteEphemeralKey":"BQ2hmlc1FAzjrr0bZ4S0LZX2DMIJ4vPXuAe3EwSTS71p","previousCounter":0,"rootKey":"yawmKOM6qbNIrLSpjoiOwxvbvlGFkbVTNKcJ4k4R8AI="},"indexInfo":{"baseKey":"BctFTyUd3Onz/mlzCHiCK93e0kdUDBqO/E9uW2mdCGdt","baseKeyType":1,"closed":1721155094243,"used":1721154916921,"created":1721154916921,"remoteIdentityKey":"BYPwh8AsLxFKsQRzcdp2mzPCJVxHaGmvYqt35VLqp+8P"},"_chains":{"BaNdGnvSmaKUaKxM7TV1vEj36zbcrN+h1DUmMOlIv4xH":{"chainKey":{"counter":0,"key":"DfwX8g5cmNTgEUf99xn3L5hzzRLPaK51RnIXyZnyjBo="},"chainType":1,"messageKeys":{}}},"pendingPreKey":{"signedKeyId":1,"baseKey":"BctFTyUd3Onz/mlzCHiCK93e0kdUDBqO/E9uW2mdCGdt","preKeyId":1593}},"Bc9kA3l00iV2UPnQbY9JxdhrrttEo8vsr6BLrqRUQGkO":{"registrationId":13,"currentRatchet":{"ephemeralKeyPair":{"pubKey":"BYkqrb0v2whc5Q4g5dCQVi121prxn4fOUupvq16LTWQm","privKey":"CHBndTBOI+mJxH7qQiuH/phYCBpTfaV1DPZmCs5+GGo="},"lastRemoteEphemeralKey":"BQ2hmlc1FAzjrr0bZ4S0LZX2DMIJ4vPXuAe3EwSTS71p","previousCounter":0,"rootKey":"NiTC37lhDo5cV68BhwhOSN3hubX86amD66PIDdqAZrg="},"indexInfo":{"baseKey":"Bc9kA3l00iV2UPnQbY9JxdhrrttEo8vsr6BLrqRUQGkO","baseKeyType":1,"closed":1721155171941,"used":1721155094240,"created":1721155094240,"remoteIdentityKey":"BYPwh8AsLxFKsQRzcdp2mzPCJVxHaGmvYqt35VLqp+8P"},"_chains":{"BYkqrb0v2whc5Q4g5dCQVi121prxn4fOUupvq16LTWQm":{"chainKey":{"counter":0,"key":"ZCiTVEbg41psIERLjw2vFanLF5/QHry0ZU8RFIlTePA="},"chainType":1,"messageKeys":{}}},"pendingPreKey":{"signedKeyId":1,"baseKey":"Bc9kA3l00iV2UPnQbY9JxdhrrttEo8vsr6BLrqRUQGkO","preKeyId":1591}},"BX4sGSpouGoh2t3VgAODGk5NLjeHnvPUIzI6dJvCCkpC":{"registrationId":13,"currentRatchet":{"ephemeralKeyPair":{"pubKey":"BRh+53wZyl+hTQ0R4YhjFSSzytvxHN5S/xMLaNQeFLF1","privKey":"oFNYZkySZJIE6oxSyufbMVqiiBotWnRfKTZDJS9Z5Vw="},"lastRemoteEphemeralKey":"BQ2hmlc1FAzjrr0bZ4S0LZX2DMIJ4vPXuAe3EwSTS71p","previousCounter":0,"rootKey":"8Rs2d04r9E5YxQaUnpJBeHHDpK+WWQfmj5s/uSab7RI="},"indexInfo":{"baseKey":"BX4sGSpouGoh2t3VgAODGk5NLjeHnvPUIzI6dJvCCkpC","baseKeyType":1,"closed":1721155243445,"used":1721155171938,"created":1721155171938,"remoteIdentityKey":"BYPwh8AsLxFKsQRzcdp2mzPCJVxHaGmvYqt35VLqp+8P"},"_chains":{"BRh+53wZyl+hTQ0R4YhjFSSzytvxHN5S/xMLaNQeFLF1":{"chainKey":{"counter":0,"key":"pNeUqAv0jJGgF6Di6ebNIAvklbFhF5KJfm08/wxq5Zc="},"chainType":1,"messageKeys":{}}},"pendingPreKey":{"signedKeyId":1,"baseKey":"BX4sGSpouGoh2t3VgAODGk5NLjeHnvPUIzI6dJvCCkpC","preKeyId":1595}},"Bfds9MklWbByCOYKfyONQWYV6xE8p6ePYisTvXV06P41":{"registrationId":13,"currentRatchet":{"ephemeralKeyPair":{"pubKey":"BcuK8QpYXL/BSBqcdkWBTZnLC+ZcUJDX8xx28KtWfCVo","privKey":"IEdSC9RlsnZxnE9NjAji6VzfSo8gXzbx2RgGzuerSUI="},"lastRemoteEphemeralKey":"BQ2hmlc1FAzjrr0bZ4S0LZX2DMIJ4vPXuAe3EwSTS71p","previousCounter":0,"rootKey":"q6xI85WupsW7fxYuuKpUok16gxF/d9bfm7A37nC9y/4="},"indexInfo":{"baseKey":"Bfds9MklWbByCOYKfyONQWYV6xE8p6ePYisTvXV06P41","baseKeyType":1,"closed":1721155307460,"used":1721155243444,"created":1721155243444,"remoteIdentityKey":"BYPwh8AsLxFKsQRzcdp2mzPCJVxHaGmvYqt35VLqp+8P"},"_chains":{"BcuK8QpYXL/BSBqcdkWBTZnLC+ZcUJDX8xx28KtWfCVo":{"chainKey":{"counter":0,"key":"0qTlK90DYUM3dmqiMc59FeKFzFR9GftHqBCvA+zmN6E="},"chainType":1,"messageKeys":{}}},"pendingPreKey":{"signedKeyId":1,"baseKey":"Bfds9MklWbByCOYKfyONQWYV6xE8p6ePYisTvXV06P41","preKeyId":1597}},"BdvId3XDOOrm22xXB96/9Y5pOCZ/aqHqyOtP0xDHqOZ8":{"registrationId":13,"currentRatchet":{"ephemeralKeyPair":{"pubKey":"BWbj+IFsfjOCkxQqyhBkStUbcBms8IL7tIPAf9nFc+d3","privKey":"oEqr6h51CdZljfjot22QVSK9Ci1lLR0v/+rCmyxfNVk="},"lastRemoteEphemeralKey":"BQ2hmlc1FAzjrr0bZ4S0LZX2DMIJ4vPXuAe3EwSTS71p","previousCounter":0,"rootKey":"8GDRnRYGAX+pMi564Px8lX1y6Bpssi/+fnmijZcNGPY="},"indexInfo":{"baseKey":"BdvId3XDOOrm22xXB96/9Y5pOCZ/aqHqyOtP0xDHqOZ8","baseKeyType":1,"closed":1721155322204,"used":1721155307456,"created":1721155307456,"remoteIdentityKey":"BYPwh8AsLxFKsQRzcdp2mzPCJVxHaGmvYqt35VLqp+8P"},"_chains":{"BWbj+IFsfjOCkxQqyhBkStUbcBms8IL7tIPAf9nFc+d3":{"chainKey":{"counter":0,"key":"NNqEb5us6wCVVkJCJ2Ip28/UAYFqUCCcnA5J+orZiMg="},"chainType":1,"messageKeys":{}}},"pendingPreKey":{"signedKeyId":1,"baseKey":"BdvId3XDOOrm22xXB96/9Y5pOCZ/aqHqyOtP0xDHqOZ8","preKeyId":1602}},"BdmaRQ4kcbMndqYmUwdnEaJB0WClLsEWap93EI9NTjFg":{"registrationId":13,"currentRatchet":{"ephemeralKeyPair":{"pubKey":"BfVIcO40882envdKFE8/xBqc4EX5gP251t/o5U/yomtW","privKey":"qCfo2FdkdXOxg9gpeUMUMOvfBVg8KYM4q22n31qpgGA="},"lastRemoteEphemeralKey":"BQ2hmlc1FAzjrr0bZ4S0LZX2DMIJ4vPXuAe3EwSTS71p","previousCounter":0,"rootKey":"Y0s6Y7DLHBfwEVOPRch6fkj5Xx0Qvn8tHa+Cs9ZUZDk="},"indexInfo":{"baseKey":"BdmaRQ4kcbMndqYmUwdnEaJB0WClLsEWap93EI9NTjFg","baseKeyType":1,"closed":1721155775859,"used":1721155322202,"created":1721155322202,"remoteIdentityKey":"BYPwh8AsLxFKsQRzcdp2mzPCJVxHaGmvYqt35VLqp+8P"},"_chains":{"BfVIcO40882envdKFE8/xBqc4EX5gP251t/o5U/yomtW":{"chainKey":{"counter":0,"key":"ILTKIe6jZZcj4n+XVhyO8cY8T0CXY5zHDBMJJ/5Rua8="},"chainType":1,"messageKeys":{}}},"pendingPreKey":{"signedKeyId":1,"baseKey":"BdmaRQ4kcbMndqYmUwdnEaJB0WClLsEWap93EI9NTjFg","preKeyId":1596}},"BTVbVnCtttB08MktHi0Yi7HCKys2Xco8ML23JjmgWLp4":{"registrationId":13,"currentRatchet":{"ephemeralKeyPair":{"pubKey":"BWIca2JgxeFzzqVt9+MVKJEOMMnRe3kNzkS19OOgl912","privKey":"mDUAswIZ/4uYUmpgXYNUQQzXKsyeLfc1HWipJwJzKGE="},"lastRemoteEphemeralKey":"BQ2hmlc1FAzjrr0bZ4S0LZX2DMIJ4vPXuAe3EwSTS71p","previousCounter":0,"rootKey":"gmm/s5cjxxDqJlu4zxQ2GezK9BhYbz1imK7Qs6ptBzo="},"indexInfo":{"baseKey":"BTVbVnCtttB08MktHi0Yi7HCKys2Xco8ML23JjmgWLp4","baseKeyType":1,"closed":1721155800300,"used":1721155775855,"created":1721155775855,"remoteIdentityKey":"BYPwh8AsLxFKsQRzcdp2mzPCJVxHaGmvYqt35VLqp+8P"},"_chains":{"BWIca2JgxeFzzqVt9+MVKJEOMMnRe3kNzkS19OOgl912":{"chainKey":{"counter":0,"key":"uTqQSXGz4v1isZsyvPyrBJpE49w3/MADaNGUuA/kHUg="},"chainType":1,"messageKeys":{}}},"pendingPreKey":{"signedKeyId":1,"baseKey":"BTVbVnCtttB08MktHi0Yi7HCKys2Xco8ML23JjmgWLp4","preKeyId":1578}},"BZ66Hpsqh979ADqN9u14AKCH1zr81AG0urJ5F8I7fHAy":{"registrationId":13,"currentRatchet":{"ephemeralKeyPair":{"pubKey":"BWLgJS9ZVHLpUHJ009RWo5pt3iDcB6oLGUw+EG1qzSwK","privKey":"CKJsbUP0pl6ZwdOIdTOp3e1X/KdW6AaKKALJF4S6REM="},"lastRemoteEphemeralKey":"BQ2hmlc1FAzjrr0bZ4S0LZX2DMIJ4vPXuAe3EwSTS71p","previousCounter":0,"rootKey":"fpoC4pKrXQc8b5wJgcxq1yF8dvrAN+s8eJwa1Xxqcsc="},"indexInfo":{"baseKey":"BZ66Hpsqh979ADqN9u14AKCH1zr81AG0urJ5F8I7fHAy","baseKeyType":1,"closed":1721155820193,"used":1721155800298,"created":1721155800298,"remoteIdentityKey":"BYPwh8AsLxFKsQRzcdp2mzPCJVxHaGmvYqt35VLqp+8P"},"_chains":{"BWLgJS9ZVHLpUHJ009RWo5pt3iDcB6oLGUw+EG1qzSwK":{"chainKey":{"counter":0,"key":"Q1Kqv+ji2MWyIgEt+ZpzcX6ostHDfKeH34enJBWidiQ="},"chainType":1,"messageKeys":{}}},"pendingPreKey":{"signedKeyId":1,"baseKey":"BZ66Hpsqh979ADqN9u14AKCH1zr81AG0urJ5F8I7fHAy","preKeyId":1583}},"BYA/Gj31pLEzbo6sjRfujKVPLDANggFh22Fn+gyh0NR/":{"registrationId":13,"currentRatchet":{"ephemeralKeyPair":{"pubKey":"BX9YW7z74vTzdXQNOEQdfzUkwJz+13TtfaHhtoY9x38j","privKey":"8HA4zk0Y8Yv4MZO1o1r9JQeFkLFgkNyt/YktMNr5jXA="},"lastRemoteEphemeralKey":"BQ2hmlc1FAzjrr0bZ4S0LZX2DMIJ4vPXuAe3EwSTS71p","previousCounter":0,"rootKey":"uIKi0X9X1kURCugBOIsXl3XPMgfNqeyBV6jEqmocywU="},"indexInfo":{"baseKey":"BYA/Gj31pLEzbo6sjRfujKVPLDANggFh22Fn+gyh0NR/","baseKeyType":1,"closed":1721156004931,"used":1721155820191,"created":1721155820191,"remoteIdentityKey":"BYPwh8AsLxFKsQRzcdp2mzPCJVxHaGmvYqt35VLqp+8P"},"_chains":{"BX9YW7z74vTzdXQNOEQdfzUkwJz+13TtfaHhtoY9x38j":{"chainKey":{"counter":0,"key":"nYh0N/N9jw2fe7/np7NSQTgbLaWf5voufhsnmj1AYuk="},"chainType":1,"messageKeys":{}}},"pendingPreKey":{"signedKeyId":1,"baseKey":"BYA/Gj31pLEzbo6sjRfujKVPLDANggFh22Fn+gyh0NR/","preKeyId":1592}},"BUCe/t/+Hn4Ko30glVu905odSqgv21n3yN3XPwoy9oEv":{"registrationId":13,"currentRatchet":{"ephemeralKeyPair":{"pubKey":"BVZRdVgkEfDVfqWS2eZobE6FhwX7/JL0Bqs1kcFFZIwL","privKey":"KI2r+VXi33Pz+Vr+jT051zWqgAva0elekN49Q468NH0="},"lastRemoteEphemeralKey":"BQ2hmlc1FAzjrr0bZ4S0LZX2DMIJ4vPXuAe3EwSTS71p","previousCounter":0,"rootKey":"SuJd9AVZXvW6p9YKeWejbRgF3cT60ygBzQf2yb8TA2g="},"indexInfo":{"baseKey":"BUCe/t/+Hn4Ko30glVu905odSqgv21n3yN3XPwoy9oEv","baseKeyType":1,"closed":1721156020833,"used":1721156004928,"created":1721156004928,"remoteIdentityKey":"BYPwh8AsLxFKsQRzcdp2mzPCJVxHaGmvYqt35VLqp+8P"},"_chains":{"BVZRdVgkEfDVfqWS2eZobE6FhwX7/JL0Bqs1kcFFZIwL":{"chainKey":{"counter":0,"key":"KomaQ5CrW5SFwKRQkc4jhVGMoMiYD5ad8I0+Wvz3KuI="},"chainType":1,"messageKeys":{}}},"pendingPreKey":{"signedKeyId":1,"baseKey":"BUCe/t/+Hn4Ko30glVu905odSqgv21n3yN3XPwoy9oEv","preKeyId":1582}},"Beuo8Y+SE4vqf1tuxdEXYKtWCIv5gZ5dMTmO8I/U9Iw2":{"registrationId":13,"currentRatchet":{"ephemeralKeyPair":{"pubKey":"BROPa7WfqKXhr1aOghTjThE1a3wawj1vDWef5k3+uPRV","privKey":"CLIs7XTTtO+QVsXH8vJGEV6SQoymbGA+G3HdQ0PqVnM="},"lastRemoteEphemeralKey":"BQ2hmlc1FAzjrr0bZ4S0LZX2DMIJ4vPXuAe3EwSTS71p","previousCounter":0,"rootKey":"ocvbby8YBpvmHNVxUb5ehHxtUClKmJr/2PeKl+WJQKY="},"indexInfo":{"baseKey":"Beuo8Y+SE4vqf1tuxdEXYKtWCIv5gZ5dMTmO8I/U9Iw2","baseKeyType":1,"closed":1721156027233,"used":1721156020832,"created":1721156020832,"remoteIdentityKey":"BYPwh8AsLxFKsQRzcdp2mzPCJVxHaGmvYqt35VLqp+8P"},"_chains":{"BROPa7WfqKXhr1aOghTjThE1a3wawj1vDWef5k3+uPRV":{"chainKey":{"counter":0,"key":"qQwPF14t+6eAofkkXQjn/wNlnykM6PFuMBjKTc7hFbM="},"chainType":1,"messageKeys":{}}},"pendingPreKey":{"signedKeyId":1,"baseKey":"Beuo8Y+SE4vqf1tuxdEXYKtWCIv5gZ5dMTmO8I/U9Iw2","preKeyId":1585}},"BXJWBE3UrYdYqTI91Kxs5wS5JCiH1g9eCwENuYht73YA":{"registrationId":13,"currentRatchet":{"ephemeralKeyPair":{"pubKey":"BZhOAv9CA375p3pD2DXBVzEBJDfi4JHtgnC01PL+1xJX","privKey":"yIYaamkh73XgVMyEER0mU30TbsGhwHmpDisVVtMsC2E="},"lastRemoteEphemeralKey":"BQ2hmlc1FAzjrr0bZ4S0LZX2DMIJ4vPXuAe3EwSTS71p","previousCounter":0,"rootKey":"SA/HDpjrbOH+BB2iEvzPN+E7+8dajtOkVmIvHyeaMOU="},"indexInfo":{"baseKey":"BXJWBE3UrYdYqTI91Kxs5wS5JCiH1g9eCwENuYht73YA","baseKeyType":1,"closed":1721156038554,"used":1721156027230,"created":1721156027230,"remoteIdentityKey":"BYPwh8AsLxFKsQRzcdp2mzPCJVxHaGmvYqt35VLqp+8P"},"_chains":{"BZhOAv9CA375p3pD2DXBVzEBJDfi4JHtgnC01PL+1xJX":{"chainKey":{"counter":0,"key":"c0wpD/RlO7u7xxvAjGtPJ9flW60cuWJpWdQGQIHK9Ug="},"chainType":1,"messageKeys":{}}},"pendingPreKey":{"signedKeyId":1,"baseKey":"BXJWBE3UrYdYqTI91Kxs5wS5JCiH1g9eCwENuYht73YA","preKeyId":1599}},"BW5W1d+XVzlnGx2WnjHleLeC/XpUPcL7qNbvEKx0qaYb":{"registrationId":13,"currentRatchet":{"ephemeralKeyPair":{"pubKey":"BW/4fim4n30B3TKFOzvWmQjS+laVEgn7bix4lbYMBDZ5","privKey":"8MzBpoem+HhzIUj62Fs540aXlKNdn+12g2Ur+bgiz0E="},"lastRemoteEphemeralKey":"BQ2hmlc1FAzjrr0bZ4S0LZX2DMIJ4vPXuAe3EwSTS71p","previousCounter":0,"rootKey":"8xJV2Cupc1bKmcKbRC6LpvVw0Z7iMfAYaL33AeCfzxI="},"indexInfo":{"baseKey":"BW5W1d+XVzlnGx2WnjHleLeC/XpUPcL7qNbvEKx0qaYb","baseKeyType":1,"closed":1721156164571,"used":1721156038546,"created":1721156038546,"remoteIdentityKey":"BYPwh8AsLxFKsQRzcdp2mzPCJVxHaGmvYqt35VLqp+8P"},"_chains":{"BW/4fim4n30B3TKFOzvWmQjS+laVEgn7bix4lbYMBDZ5":{"chainKey":{"counter":0,"key":"zTE8II+OqTEBeEkFfmUI1gYqy51Rb/1rV7uXX5hyslg="},"chainType":1,"messageKeys":{}}},"pendingPreKey":{"signedKeyId":1,"baseKey":"BW5W1d+XVzlnGx2WnjHleLeC/XpUPcL7qNbvEKx0qaYb","preKeyId":1603}},"BcHl3Vm8JS+3zkSyJxNpyYS4Ao3cY/8sFVyBf9l6bml1":{"registrationId":13,"currentRatchet":{"ephemeralKeyPair":{"pubKey":"BU8DfJehTo4EEMn1l/yLzNpA0Rc9YplC115IE6xIInhk","privKey":"iHbXHYj5w4RmbCnWcVDmTtY0tfdstWc/qlT3fE7HBkM="},"lastRemoteEphemeralKey":"BQ2hmlc1FAzjrr0bZ4S0LZX2DMIJ4vPXuAe3EwSTS71p","previousCounter":0,"rootKey":"Fngr7QqQgiANXgX0VZXL5RRzs+6dCW1RNAaznaDjviY="},"indexInfo":{"baseKey":"BcHl3Vm8JS+3zkSyJxNpyYS4Ao3cY/8sFVyBf9l6bml1","baseKeyType":1,"closed":1721156175504,"used":1721156164568,"created":1721156164568,"remoteIdentityKey":"BYPwh8AsLxFKsQRzcdp2mzPCJVxHaGmvYqt35VLqp+8P"},"_chains":{"BU8DfJehTo4EEMn1l/yLzNpA0Rc9YplC115IE6xIInhk":{"chainKey":{"counter":0,"key":"Adur2ECHYjOTgHGxKE0vjYnWNirLaYhaJrViiq3qOfg="},"chainType":1,"messageKeys":{}}},"pendingPreKey":{"signedKeyId":1,"baseKey":"BcHl3Vm8JS+3zkSyJxNpyYS4Ao3cY/8sFVyBf9l6bml1","preKeyId":1594}},"BbF4tbJrcT/EsuysuZQxkte97X3YtSGSpWd0Jobg98gg":{"registrationId":13,"currentRatchet":{"ephemeralKeyPair":{"pubKey":"BcKYVPJSHUcgQKNnzuDJwIxaBaMECEuK3D5fQUSwa6og","privKey":"iEMVVJ/O/UCMmSSe1dZoB3CIwa0ljh1iWP48se2Yt10="},"lastRemoteEphemeralKey":"BQ2hmlc1FAzjrr0bZ4S0LZX2DMIJ4vPXuAe3EwSTS71p","previousCounter":0,"rootKey":"uM0ICkIsYJ8af43ANRRb1YniBie3JeuNzZvGkfK/V2U="},"indexInfo":{"baseKey":"BbF4tbJrcT/EsuysuZQxkte97X3YtSGSpWd0Jobg98gg","baseKeyType":1,"closed":1721156187754,"used":1721156175503,"created":1721156175503,"remoteIdentityKey":"BYPwh8AsLxFKsQRzcdp2mzPCJVxHaGmvYqt35VLqp+8P"},"_chains":{"BcKYVPJSHUcgQKNnzuDJwIxaBaMECEuK3D5fQUSwa6og":{"chainKey":{"counter":0,"key":"Cv8qioRjh7aRpZ6SzTxzPPCuDyPh8PRgp4/AAW21nVc="},"chainType":1,"messageKeys":{}}},"pendingPreKey":{"signedKeyId":1,"baseKey":"BbF4tbJrcT/EsuysuZQxkte97X3YtSGSpWd0Jobg98gg","preKeyId":1577}},"BR0IGeYli8YR9/17C9S+eh5T7lSA4JkxAjED9FOFb4Ab":{"registrationId":13,"currentRatchet":{"ephemeralKeyPair":{"pubKey":"BTqvWJ3dK1jI4mWnEsga6SBznFkhvvB9+UgqMlEAQdAM","privKey":"yD64k5N0j+Qp7JFJZBKrjVYIycNdHCwgVWWiUZTTf1o="},"lastRemoteEphemeralKey":"BQ2hmlc1FAzjrr0bZ4S0LZX2DMIJ4vPXuAe3EwSTS71p","previousCounter":0,"rootKey":"RlxTSEKar+JKiIDM2wfK3g2W3rp9HrOmshnT4qUT10o="},"indexInfo":{"baseKey":"BR0IGeYli8YR9/17C9S+eh5T7lSA4JkxAjED9FOFb4Ab","baseKeyType":1,"closed":1721156272072,"used":1721156187752,"created":1721156187752,"remoteIdentityKey":"BYPwh8AsLxFKsQRzcdp2mzPCJVxHaGmvYqt35VLqp+8P"},"_chains":{"BTqvWJ3dK1jI4mWnEsga6SBznFkhvvB9+UgqMlEAQdAM":{"chainKey":{"counter":0,"key":"pXuEL0HCXdb7ShnRk1/G9K1TSJRZUXsVY654f1yrgvM="},"chainType":1,"messageKeys":{}}},"pendingPreKey":{"signedKeyId":1,"baseKey":"BR0IGeYli8YR9/17C9S+eh5T7lSA4JkxAjED9FOFb4Ab","preKeyId":1601}},"BaPtYDI0vK7I8QWiRossgovDbiaLYNi9LXO3nD1jaRYj":{"registrationId":13,"currentRatchet":{"ephemeralKeyPair":{"pubKey":"BTjp7ANgU5+gBkGUnIhOf6EXHpFy4jCRXRMrctwDkS86","privKey":"GEFbA2wUqqqyaLB9FsoCH0mvSa+n1TcSYvxE2GS501Q="},"lastRemoteEphemeralKey":"BQ2hmlc1FAzjrr0bZ4S0LZX2DMIJ4vPXuAe3EwSTS71p","previousCounter":0,"rootKey":"xg44vN8u8fOItWHtAc62FenbRNCo18S7kkkJdyoZt6I="},"indexInfo":{"baseKey":"BaPtYDI0vK7I8QWiRossgovDbiaLYNi9LXO3nD1jaRYj","baseKeyType":1,"closed":1721156407047,"used":1721156272069,"created":1721156272069,"remoteIdentityKey":"BYPwh8AsLxFKsQRzcdp2mzPCJVxHaGmvYqt35VLqp+8P"},"_chains":{"BTjp7ANgU5+gBkGUnIhOf6EXHpFy4jCRXRMrctwDkS86":{"chainKey":{"counter":0,"key":"/hNBIEdd++yI70wSzmyzutCOEwWiNemed4uZEomkd1o="},"chainType":1,"messageKeys":{}}},"pendingPreKey":{"signedKeyId":1,"baseKey":"BaPtYDI0vK7I8QWiRossgovDbiaLYNi9LXO3nD1jaRYj","preKeyId":1590}},"BTzhptg+zLxQ73VRFsWPzDTl9bD8mfcDJ4s2m+Gbz1oy":{"registrationId":13,"currentRatchet":{"ephemeralKeyPair":{"pubKey":"BdHgRjmzMILe56rNTqVXFV35+TmOm/LDbswa+2sLxzIp","privKey":"AKR/OUss7IO4XhU4ilZ5llbFhw02lsLMZCX++azwfG4="},"lastRemoteEphemeralKey":"BQ2hmlc1FAzjrr0bZ4S0LZX2DMIJ4vPXuAe3EwSTS71p","previousCounter":0,"rootKey":"TSbziTb8GRgKLnZOy3ziJ8fSrQuIDJR3A2b3xwm+Ago="},"indexInfo":{"baseKey":"BTzhptg+zLxQ73VRFsWPzDTl9bD8mfcDJ4s2m+Gbz1oy","baseKeyType":1,"closed":-1,"used":1721156407044,"created":1721156407044,"remoteIdentityKey":"BYPwh8AsLxFKsQRzcdp2mzPCJVxHaGmvYqt35VLqp+8P"},"_chains":{"BdHgRjmzMILe56rNTqVXFV35+TmOm/LDbswa+2sLxzIp":{"chainKey":{"counter":2,"key":"mdZPqG44s/LzZYgwBfCND9r5fnHSyU0BWTB1Azv5ZTY="},"chainType":1,"messageKeys":{}}},"pendingPreKey":{"signedKeyId":1,"baseKey":"BTzhptg+zLxQ73VRFsWPzDTl9bD8mfcDJ4s2m+Gbz1oy","preKeyId":1588}}},"version":"v1"}