{"_sessions":{"BX47sGGoeI6o1op41Vf3p4VOXQcVmoIDowSMqIeT7eY6":{"registrationId":188490035,"currentRatchet":{"ephemeralKeyPair":{"pubKey":"BakySSIogP2yo+HS7j8FwmGscwegmRaM+xNPmwwIOiQw","privKey":"eJPa07FMRpHxk9UJvpJcsxgX8UfREIsZh0P35oCB7UA="},"lastRemoteEphemeralKey":"BZWYHSR21zZK/va0MVwKXoGlIoSOozAK9e4VuU3E2sM4","previousCounter":0,"rootKey":"b8/WRI8r1FnNf0sK3ClGHQ5+cOmKQe3ByKtb0xCpwcA="},"indexInfo":{"baseKey":"BX47sGGoeI6o1op41Vf3p4VOXQcVmoIDowSMqIeT7eY6","baseKeyType":1,"closed":-1,"used":1721113087777,"created":1721059323241,"remoteIdentityKey":"BaBES6dxsOVY8zpByMfjc6/H7y+9Yjg8ACowmqfKnmdw"},"_chains":{"BQ8OOYcWSb8zeT3OxQnvqsYDQv/e/dEl1sKrYst+Y0tk":{"chainKey":{"counter":0},"chainType":2,"messageKeys":{}},"BZWYHSR21zZK/va0MVwKXoGlIoSOozAK9e4VuU3E2sM4":{"chainKey":{"counter":1,"key":"HHt9laJ666aix0f82GI3c3NXZpGffhlXHqm870jc4Mc="},"chainType":2,"messageKeys":{}},"BakySSIogP2yo+HS7j8FwmGscwegmRaM+xNPmwwIOiQw":{"chainKey":{"counter":3,"key":"+ZxqQYgbpbSqtROLryf5MPNmDvGrMpkCv2/p4KlhyHY="},"chainType":1,"messageKeys":{}}}}},"version":"v1"}