{"noiseKey":{"private":{"type":"Buffer","data":"CFY5+0hBSqNqb+uDSIS/L82TkNJMSwPd+XQlezax9Vg="},"public":{"type":"Buffer","data":"TkHMonTi47O9quhRnbzJCWJ6dnC+XQTzDdZtlaK+Uxs="}},"pairingEphemeralKeyPair":{"private":{"type":"Buffer","data":"MLN+jFk+3cx8Wv0I4opQAQAtqNLlZOh2Agaku+ATNFY="},"public":{"type":"Buffer","data":"bS4opOVP6Vs5rq4mFNV1Ht8tuDwvRtw3UFQYM8dJ+0g="}},"signedIdentityKey":{"private":{"type":"Buffer","data":"WF14TDdbw/XT3YAa8MU6aGoo6KJrkkn/qxHdr2P73nE="},"public":{"type":"Buffer","data":"EjitXUAKq0PF3HC5U0ObGqcNZGNnFRCbuZPRRMHqCxI="}},"signedPreKey":{"keyPair":{"private":{"type":"Buffer","data":"ePkAI1ofp+Yo1DvFQVVDGRrjb/LaEYv2x8eRDlQetHY="},"public":{"type":"Buffer","data":"TRq0uBchR6Zxj8xPLXML9pwM8zIjoAU0OT1BxZibMlU="}},"signature":{"type":"Buffer","data":"iuZXpf2yVI+0z0mZ+NhYHxWhXwlfhwbyQAcxrg6omvlLGgXzTNViXMJqMJqUT1YmTD0DR0cDsFx8KzeIvtbuAw=="},"keyId":1},"registrationId":104,"advSecretKey":"qhB7/zNG0+BxEItu9d+FVF5zacuQBEYQhfqkKftyAgQ=","processedHistoryMessages":[{"key":{"remoteJid":"6285795718659@s.whatsapp.net","fromMe":true,"id":"C4E54567F6AECA9216E17B9657ED6EEE"},"messageTimestamp":1720960358},{"key":{"remoteJid":"6285795718659@s.whatsapp.net","fromMe":true,"id":"5216F9C53D4B9D55D8CE32D1B8A25FDD"},"messageTimestamp":1720960358},{"key":{"remoteJid":"6285795718659@s.whatsapp.net","fromMe":true,"id":"37389B9927CE1071E524B3D90A08B5A9"},"messageTimestamp":1720960371},{"key":{"remoteJid":"6285795718659@s.whatsapp.net","fromMe":true,"id":"ADAF0E59C5C012DA5164F4EF94A30811"},"messageTimestamp":1720960373}],"nextPreKeyId":224,"firstUnuploadedPreKeyId":224,"accountSyncCounter":1,"accountSettings":{"unarchiveChats":false},"deviceId":"NQanq8R5Q8iNRaRMJvL11g","phoneId":"d297b2f1-4f4c-4aa8-93f5-e0ae32341a51","identityId":{"type":"Buffer","data":"Q4sC9bXEyXwuS/zK8LRjAsQWCxU="},"registered":true,"backupToken":{"type":"Buffer","data":"McbRwp51qs/Qizfz04HCRCCbqZw="},"registration":{},"pairingCode":"ZWREW284","me":{"id":"6285795718659:12@s.whatsapp.net","name":"rangelofficial.id","lid":"4660492558552:12@lid"},"account":{"details":"CK/kmFsQ4YrPtAYYAyAAKAA=","accountSignatureKey":"cKt542f6S4WoEF+7Sh4b5kAsHfeWG1M1/ckZURCUXU8=","accountSignature":"zV/hL46dSym825dSbqd2A4s/u6kfd1uDmG7kSigLfnxd0Q0WWbi9zHKO+7xoEqQBGTX0/fZqJ95L7dEuPGISBA==","deviceSignature":"TsWPxXxT7X6btwQekGcomETDgnlgsVSJNGoWm/L590S2RIOcF8jX4Ds+3Nq0zjzZ1vYZqZjy0HETfDp/vXxCAA=="},"signalIdentities":[{"identifier":{"name":"6285795718659:12@s.whatsapp.net","deviceId":0},"identifierKey":{"type":"Buffer","data":"BXCreeNn+kuFqBBfu0oeG+ZALB33lhtTNf3JGVEQlF1P"}}],"platform":"smba","routingInfo":{"type":"Buffer","data":"CAUIDA=="},"lastAccountSyncTimestamp":1720960600,"myAppStateKeyId":"AAAAANv3"}