[{"senderKeyId":2082059314,"senderChainKey":{"iteration":35,"seed":"otGUz5lE0dsbLaoouH4FA5zp6lv7ARFNxUyIi71UOxk="},"senderSigningKey":{"public":"BRTCGSZuXq7XbiQTR6AcOg84OtE+dtTrD8AQM5zil8x0"},"senderMessageKeys":[]},{"senderKeyId":1450184958,"senderChainKey":{"iteration":9,"seed":"nlVsSsfd31kZrOIO8VdEnM9qzJn38OH20sQOBpo3uvY="},"senderSigningKey":{"public":"BZFkbQLXmX+ODjnwwMhrOISqfk4bx7Iiia+8RblhE18f"},"senderMessageKeys":[]},{"senderKeyId":360607504,"senderChainKey":{"iteration":2,"seed":"0SyyfD+mY4vLXiDa+RBp/jCM32CymYdsQpX0pK+//0Q="},"senderSigningKey":{"public":"BXT3NKdCiiFBVrK0q6CikcPDeCYAdoTNmnm8TucHwz8C"}}]