[{"senderKeyId":316091117,"senderChainKey":{"iteration":50,"seed":"FC2Dpi+2Yh66PkznfHmjxMy9Ddlr+tVz+Ljnk2/EY8A="},"senderSigningKey":{"public":"BcYTI/44VmNb+Oukc2+bVdKu7IOphXRPRSxtfyGoQRx7"},"senderMessageKeys":[]},{"senderKeyId":1975321759,"senderChainKey":{"iteration":47,"seed":"5SpScySdEEKsQFn+DMNDcGZfKnec4gzd90NKBM45kjQ="},"senderSigningKey":{"public":"BRjqiU1tk9oWJI3C6mjQ0xXeIaGR+E1IHODFuujWg2gE"},"senderMessageKeys":[{},{}]},{"senderKeyId":1887643538,"senderChainKey":{"iteration":20,"seed":"3+yagMgr7KseFDjC9gqMk+F5iUmO2/pRj3M3aMr7oZE="},"senderSigningKey":{"public":"BZ9zzFB5rVd6bBNTUBkwlibwUTmTBvSI0LagTQYZbrc/"},"senderMessageKeys":[]},{"senderKeyId":1887643538,"senderChainKey":{"iteration":18,"seed":"4CxUEE5BRy6HvwxxoMTS2OyiQkZwE/K1R8VjwjXh+XA="},"senderSigningKey":{"public":"BZ9zzFB5rVd6bBNTUBkwlibwUTmTBvSI0LagTQYZbrc/"},"senderMessageKeys":[]},{"senderKeyId":522922059,"senderChainKey":{"iteration":17,"seed":"Y49A8CcKFEaA5Y9wEJz60m08kGV/gDYxR3bgielASqs="},"senderSigningKey":{"public":"BR5xbxKSFNktzsy2SHN0loKsJvehEiau34y41x3F/6oU"}}]