[{"senderKeyId":856583946,"senderChainKey":{"iteration":1,"seed":"ETLZAlXrrlsnDl2KpI/Gdn77dJHbYOLL7Ae/qhBAXsg="},"senderSigningKey":{"public":"BSLFA12iQYit6Fz1Rm+VszhLMiHP3MlO9lx4/VVgArtt"},"senderMessageKeys":[]},{"senderKeyId":856583946,"senderChainKey":{"iteration":6,"seed":"RrYgJrTX//95SzAx/lQcS1q3ib1n75Gk5fUPdHyyoV4="},"senderSigningKey":{"public":"BSLFA12iQYit6Fz1Rm+VszhLMiHP3MlO9lx4/VVgArtt"},"senderMessageKeys":[]},{"senderKeyId":1569540028,"senderChainKey":{"iteration":1,"seed":"HaIr2choaMx1B1Sgpr6NI3+aWFajLYYknfJBVIPs37A="},"senderSigningKey":{"public":"BagSB0GPlz+yQMhwi/+BfgtEaa1tDInjBiTKblyCIDQO"},"senderMessageKeys":[]},{"senderKeyId":867340374,"senderChainKey":{"iteration":29,"seed":"zkCsccqvWKP8xvtq7kWOYxHc4xo0BRq5G8oJNx2fznI="},"senderSigningKey":{"public":"BZBGe0a+LgOuu67zpWUAwf/TNUU++8gQqTVEJXyLFYBO"},"senderMessageKeys":[]},{"senderKeyId":400708237,"senderChainKey":{"iteration":14,"seed":"W9DXvvM6as64ZBNZIDpm+yzCLhD/QZRx5H/uGv10ITI="},"senderSigningKey":{"public":"BUXjlLfthYK6Zj7r8i4tg42Yd46x0imp6tknb8UTEfh5"},"senderMessageKeys":[]}]