[{"senderKeyId":899253980,"senderChainKey":{"iteration":280,"seed":"NKooeZnbzMjevABT/H8ULZlLGMKoaYmArb31n9ZafvQ="},"senderSigningKey":{"public":"BZmkzv5vCvYRZ1jZenx7IWZ72pG//MAHo6r+TU7VLVNL"},"senderMessageKeys":[{},{},{},{},{},{},{},{},{},{},{},{},{},{},{},{},{},{},{}]},{"senderKeyId":1373235933,"senderChainKey":{"iteration":1,"seed":"j28E147RDT4I1LityUYuJJs528123G3DCcUND/mB6go="},"senderSigningKey":{"public":"BeWJGglGBOuqCZwxbrL0sM+nX+1XSReQU3EFFNJrCQpO"},"senderMessageKeys":[]},{"senderKeyId":1609513509,"senderChainKey":{"iteration":1,"seed":"7EYmF8WoGXAQsHQOl3u7mzBdZWeY84zA5iRp5BQZs5w="},"senderSigningKey":{"public":"BbJQRwFvt2nllPa5UIF45VmhBK5GXF1JLDTBWNgzeI4A"},"senderMessageKeys":[]},{"senderKeyId":601410016,"senderChainKey":{"iteration":130,"seed":"U6GwCq0dGP42yDbJWCelDAN7yY7703kg+Y3KJ/dktts="},"senderSigningKey":{"public":"BdpjUpC5FG/Mc1ZuTq7SZdS1DWEohshqDKv6x047uFJP"},"senderMessageKeys":[{},{},{},{},{},{}]},{"senderKeyId":601410016,"senderChainKey":{"iteration":96,"seed":"vlXJg8VNnOh6dWgHbQosj5i4ssoeoUwJ/AHk7eyLFoE="},"senderSigningKey":{"public":"BdpjUpC5FG/Mc1ZuTq7SZdS1DWEohshqDKv6x047uFJP"},"senderMessageKeys":[]}]