[{"senderKeyId":480625480,"senderChainKey":{"iteration":913,"seed":"XbOvN0b4VDr/OY5bXhnVGUPxM5x8VJ3xsJs4AiZeQ8o="},"senderSigningKey":{"public":"BcyV2TBKIPl52T7dc9J4uxU+2Z0Iw+J9GMG26zObuBxt","private":"eH6gfOum4MhkAddlZMWAF869I4LsBcjYsdPF5qSrhGw="},"senderMessageKeys":[{"iteration":1,"seed":"+by4iMzTzwM6SDZu7aLtpoN9ukBzNzt4sjvHnJCSqNo="},{"iteration":3,"seed":"wtdDCoqQOQC7YxEXZ9m6YzQEDjr8tcxkdSUFRG0srfI="},{"iteration":5,"seed":"tkYBmORUaGg2Ft0z5aNH2CFS3uFYgFUEroTZINYkR+U="},{"iteration":7,"seed":"/KPcPwATtaQD+EXRlBCNHSDdbbmJ1cw+UH825zSAWMs="},{"iteration":9,"seed":"JfA9wjJbixOSZrja8cLg2s6DdOFJIysLnF6IU53Xk+c="},{},{},{},{},{},{},{},{},{},{},{},{},{},{},{},{},{},{},{},{},{},{},{},{},{},{},{},{},{},{},{},{},{},{},{},{},{},{},{},{},{},{},{},{},{},{},{},{},{},{},{},{},{},{},{},{},{},{},{},{},{},{},{},{},{},{},{},{},{},{},{},{},{},{},{},{},{},{},{},{},{},{},{},{},{},{},{},{},{},{},{},{},{},{},{},{},{},{},{},{},{},{},{},{},{},{},{},{},{},{},{},{},{},{},{},{},{},{},{},{},{},{},{},{},{},{},{},{},{},{},{},{},{},{},{},{},{},{},{},{},{},{},{},{},{},{},{},{},{},{},{},{},{},{},{},{},{},{},{},{},{},{},{},{},{},{},{},{},{},{},{},{},{},{},{},{},{},{},{},{},{},{},{},{},{},{},{},{},{},{},{},{},{},{},{},{},{},{},{},{},{},{},{},{},{},{},{},{},{},{},{},{},{},{},{},{},{},{},{},{},{},{},{},{},{},{},{},{},{},{},{},{},{},{},{},{},{},{},{},{},{},{},{},{},{},{},{},{},{},{},{},{},{},{},{},{},{},{},{},{},{},{},{},{},{},{},{},{},{},{},{},{},{},{},{},{},{},{},{},{},{},{},{},{},{},{},{},{},{},{},{},{},{},{},{},{},{},{},{},{},{},{},{},{},{},{},{},{},{},{},{},{},{},{},{},{},{},{},{},{},{},{},{},{},{},{},{},{},{},{},{},{},{},{},{},{},{},{},{},{},{},{},{},{},{},{},{},{},{},{},{},{},{},{},{},{},{},{},{},{},{},{},{},{},{},{},{},{},{},{},{},{},{},{},{},{},{},{},{},{},{},{},{},{},{},{},{},{},{},{},{},{},{},{},{},{},{},{},{},{},{},{},{},{},{},{},{},{},{},{},{},{},{},{},{},{},{},{},{},{},{},{},{},{},{},{},{},{},{},{},{},{},{},{},{},{},{},{},{},{},{},{},{},{},{},{},{},{},{},{},{}]}]