[{"senderKeyId":689045008,"senderChainKey":{"iteration":349,"seed":"wUiUcm83gKFzXWEJR+KLkTvzTYMvp72OT03NO0O1YqM="},"senderSigningKey":{"public":"BfCpd+bULeTNdNEs32uRUYvMdZPe1W3y/LY0rkD8haUG"},"senderMessageKeys":[{"iteration":269,"seed":"EDFCx5jg9x159on1Q2hURdeo24nCc4AKym9Rktqv1+E="},{"iteration":271,"seed":"qZzRoLZxLTeqoj/fALw+VzhxkJYTHHEvvyZ0HSR1DwA="},{"iteration":273,"seed":"698OD7KBkMhxTVC49f9NafnoLTotQ81qce584WQbc8s="},{"iteration":275,"seed":"kwe7qPITkrQsFy65Mgen4bfWJfkhJqJ7cpnD0pZ+m+g="},{"iteration":276,"seed":"gcZiWP8//N9qFyEKu8GO1VdQ5zTya0N/FQkRefScIvc="},{"iteration":277,"seed":"yVKeMbcxm3ytfVekwYrhdctRETL7Xh6oO3VUFcgr/IA="},{"iteration":278,"seed":"PfUIYAgUE5cDXnJMMqDRAn6ODnQcXzzsx0HXoREo5YU="},{"iteration":279,"seed":"t0Bga7NMn2fPkcjV6yVWfLwV9oXuVLEd/CR/n2KYspE="},{},{},{},{},{},{},{},{},{},{},{},{},{},{},{},{},{},{},{},{},{},{},{},{},{},{},{},{},{},{},{},{},{},{},{},{},{},{},{},{},{},{},{},{},{},{},{},{},{},{},{},{},{}]},{"senderKeyId":689045008,"senderChainKey":{"iteration":303,"seed":"X1RzzAkzoFPyVF7n1vDvOfMdzW1IBIum2ng1vpRhmrA="},"senderSigningKey":{"public":"BfCpd+bULeTNdNEs32uRUYvMdZPe1W3y/LY0rkD8haUG"},"senderMessageKeys":[]},{"senderKeyId":689045008,"senderChainKey":{"iteration":315,"seed":"QMcyzC5Mb+JBoRFDOVn8g+Jhg4YLBjD5AGpTfbYh1/c="},"senderSigningKey":{"public":"BfCpd+bULeTNdNEs32uRUYvMdZPe1W3y/LY0rkD8haUG"},"senderMessageKeys":[]},{"senderKeyId":689045008,"senderChainKey":{"iteration":319,"seed":"YMATSE64wmhihpWALruN3u7UO4B28s6jz1eJrFMIgdE="},"senderSigningKey":{"public":"BfCpd+bULeTNdNEs32uRUYvMdZPe1W3y/LY0rkD8haUG"},"senderMessageKeys":[]}]