[{"senderKeyId":1166246917,"senderChainKey":{"iteration":8,"seed":"er/2X0o9vPhNmBLqF0smvJphJO38+BWzMRCUtGPJies="},"senderSigningKey":{"public":"BdYQCoVaBF64Z0NNfTs2ksVwu/s0pPhTjcm/4W7KrL88"},"senderMessageKeys":[]},{"senderKeyId":1166246917,"senderChainKey":{"iteration":6,"seed":"8Tj8aHSoJ2D9lq+oyRr7pAKxQOtbtgz215jzmMxgRLw="},"senderSigningKey":{"public":"BdYQCoVaBF64Z0NNfTs2ksVwu/s0pPhTjcm/4W7KrL88"},"senderMessageKeys":[]},{"senderKeyId":1593480668,"senderChainKey":{"iteration":1,"seed":"q4UWIz/QMan1vN0+zu7rp6+QbMrSOyBamq37+4qqDjA="},"senderSigningKey":{"public":"BSHeEvhy95wJPQpo+laqqjY3DmL8LFLbCgNezAsfjfMs"},"senderMessageKeys":[]},{"senderKeyId":815021198,"senderChainKey":{"iteration":8,"seed":"yOpnoLdXCYyjofebCN9ZM7OC4SsFgtIKc7J3hb3no5g="},"senderSigningKey":{"public":"BeWJtSMPMn0CyhNGOS0vjL+fJLYPiEJ4KIZTN2N5SDJq"},"senderMessageKeys":[]}]