[{"senderKeyId":834266851,"senderChainKey":{"iteration":1751,"seed":"dlCFwkB0lWBUxkzh8M3lk8IAKkYpUXPmEjd/aNY50BY="},"senderSigningKey":{"public":"BXlqmwCpFUXCCw+wwM1XtAvmibLydosj4A+3PVI4WOR7","private":"qMMZp5P8vnKzabiZEdRLwfdAOGA+ECYA32xq6f0xFVY="},"senderMessageKeys":[{"iteration":1,"seed":"k1C+96vsElffdETy7Js4KEyZvP7Pmm014H1eLOqaTzs="},{"iteration":3,"seed":"B8sxkqj5kZCrPXSXdjaxrrjNsw6ulIufAaO7du6DyEQ="},{"iteration":5,"seed":"21J4erab8aOsNNm35psS3b0DE7fU1zRjzsGLXfYg5WM="},{"iteration":7,"seed":"W5/a/EKLn6qQ3yS9Jj6wYQvdxctx7q2X0vUa7NG+/l0="},{"iteration":9,"seed":"FvztIskT2A7b/pNuaFGYBUVCRbFG20I70MNWHg69+7Q="},{"iteration":11,"seed":"yvmZOAXDSDBtUdyrpY43VjU6pP90beBr8svnmaMdr+w="},{"iteration":13,"seed":"ZhoFO2+h6Jl3fmYYEA9mTt1J+GRa+wZsE0C1lALicqQ="},{"iteration":15,"seed":"Hb0E+m+hGYYDzpsqJC5w5hN2Qzw1w2AmKtxDR3/jsBU="},{"iteration":17,"seed":"iQ525wims9dJvkbx67DCHAQaYqUGRZp2P8eFqOG9m0k="},{"iteration":19,"seed":"0KryvfKYkcWlKfgu3MAksUeCx1Z/Y94D7RyNttE6Uus="},{"iteration":21,"seed":"EATstMjh9iF0eVuAtUVBvOwhYSflmXfy+LGDgZw1J5c="},{"iteration":23,"seed":"WyoWtEQG6J9HQGrM48rSIFc+CtvUu+PEO3ajXnoQjsg="},{"iteration":25,"seed":"FW1GTUt9vPKgcsoGknhtSw0UquT9n7Sv5Vc7wCDHAzY="},{"iteration":27,"seed":"LQVXXH8o88YcHZ6br30szRP+TTE2Cm7s5VYtMaqX+CY="},{"iteration":29,"seed":"2+qRbxaSbb03msdmfL+WBJYrDroi8U2LaU8wvyTeFVo="},{"iteration":31,"seed":"vgqx9fQSQUMiEXcEvgVCVdDKpt3lXuvP3WJ2Vdb+lbs="},{"iteration":33,"seed":"WO8epJi5nwSDNNu7IZFEht5mjlYKKLCYuCbO5Sqj75Y="},{"iteration":35,"seed":"/BJTmCgGPmHfrUQTnSWjGnc5KhqsZv+++TCnXpemjQw="},{"iteration":37,"seed":"FMrOVmF2W/g+WSJnJEhoMOvtVwl5HV2CfBmVfcsv9dg="},{"iteration":39,"seed":"1lzgT5+d48aKdsb7b7t8e4uVCkq+67ZHZZpAo7IXA8Q="},{"iteration":41,"seed":"iZp3K1QkcyY4eor0EsxblradV0VblCdZjjxXIGS4MAo="},{"iteration":43,"seed":"1LPv6DZHAKH/WhzQHC8gjjJA3zFLf/eqmAhOwVRmQuk="},{"iteration":45,"seed":"ZZrHc0WmoYr/sZQAr57TEwEf/oJXiAjQHF+QQcz+QHM="},{"iteration":47,"seed":"wc5IfN7XdmSF5NPl06jWvDxKJXbT81MCB9HnK6JtIq8="},{"iteration":49,"seed":"BZ5jlxjr8dHwwZRqMQLcEnKzfLnKrteMRQBhEnaJ6rE="},{"iteration":51,"seed":"BZEmbFIzrjUuOpFEPG25IBj0g8rIZ2sensWFpsXWZMo="},{"iteration":53,"seed":"e3WbGGURH59a4JUM6TskkPZs56qm6rsxil+0UYKXQ4k="},{"iteration":55,"seed":"fI6iumLMCpXq8TZWUJFzj74CzSWh0EIBfBFbVnWrSU4="},{"iteration":57,"seed":"0SRXQXOiszI0L7bsRraKU+vmoTP7Gdr9erk71PDAVqw="},{"iteration":59,"seed":"tH4I0FZUEzR10Wqe0PX8GlvLwRJg9dhT/fPBqug6rLA="},{"iteration":61,"seed":"8fRgfceM/C0yodCCh5Faa877ZA9UV1M6yXpVChqj0a4="},{"iteration":63,"seed":"Ww5HhfYG1erGY3NHh+ZKcD8mR1G7wEDfXLtExwGsxq8="},{"iteration":65,"seed":"qyersT4k3FXxcvfCByi7/XoKZ5m9jE9IKYJwPFbevTU="},{"iteration":67,"seed":"C63DVb4VUhpioDAvggWrfaCl4ooj1dwx2Ux0a6n+h94="},{"iteration":69,"seed":"YJyR9EaFILBjIHtpGe+K7V8RVNjAaBGJL9Ttlvit2Z0="},{"iteration":71,"seed":"rUcCGGsJjCa0YuwuO4hY2wwfS+R7zj1hPaHCI2Q3FKQ="},{"iteration":73,"seed":"ISkVucRHLkZ7oenjWRzwCNOO86WhO+M+LUBi1+oENDs="},{"iteration":75,"seed":"+PSEh9LSYAyhBwF1HGQQK4OQYCrF6tNlI0rphok6uNA="},{"iteration":77,"seed":"+Ijz6K5ov/QPndinlnjmTWeDKTQ7s+hl6mq+BiUjp8E="},{"iteration":79,"seed":"iC8KyumlyA3VUsb4kJx4QXHOENsoSsiGn5Rc20RUhZ0="},{"iteration":81,"seed":"av/h3s8mEWWYapJVLIZ+jhdkxARcUBfuXVjL2tdgWqQ="},{"iteration":83,"seed":"giRlMGn8FwjlSqGYs5BrCszGQkzh1oT/lvsrHhLfPI8="},{"iteration":85,"seed":"ymyL/8ZICiqPPfmHpb3B+SN0gJ5SUXmizmJyYtF1wLI="},{"iteration":87,"seed":"nwMQRXX7f7Kz4LkgluoYh9VOyoIiXgFpIWTYHDEFO+4="},{"iteration":89,"seed":"cbJvnGxr5Ju7wYXM97MpzeupWKID7AFj878R3pW7+r8="},{"iteration":91,"seed":"l5Ljz8X1z1kAgX6+pefrcrfS8sTxaW23a6sGysmGAzE="},{"iteration":93,"seed":"uRhyl7Mcoc0Gpezx3LQZsBTua14tu6iMOsr2dQBTKmY="},{"iteration":95,"seed":"sHAcT6kmcyoiW5EU0MswhjqBAGmbknnMnEzbAe39W5w="},{"iteration":97,"seed":"sotSIGCcHdO3nFzndbD0MArkxkICBwu4aA/p3G6u0BY="},{"iteration":99,"seed":"pRzs/iSRAJgbcVD7na4x1RNoa+EyQVj6OqDX1GgZU6s="},{"iteration":101,"seed":"a/p4WrWbdYRdbi16jm5aZ1Jjos7snpNkc1MSJtPd5JY="},{"iteration":103,"seed":"YbwZuNlOAAY28Oi1/BxT9HkvJqsLisDS0A5+fHPNMXo="},{"iteration":105,"seed":"OoSUCW1UlMzpF7+XQVDijcN1yk3WH8o0qV0Y7G7hSbc="},{"iteration":107,"seed":"gQHnpd2JxfWXFjRUSsKY2vDGqv3HD7RSUMuCD1+M+bQ="},{"iteration":109,"seed":"LnVi6bsJJTT3iyMryWUljRt6X9vpLchjVtC0nMCGW2U="},{"iteration":111,"seed":"ydtUs8TABf2hKyteIfNozokqecAxO6vCcc04i4s7RL0="},{"iteration":113,"seed":"WBm6PPS3UKdt2F/kOYWRANHj745ZJ7ogY0Nb5aCOzj4="},{"iteration":115,"seed":"+Jnnz4/C0RSYyA973u9TMlvUw1TH5NbeI++YT6ErGcI="},{"iteration":117,"seed":"diY7yH4fQl+SPwXO1eUni0/JVCAhxbkQ9dq7TYpWgA8="},{"iteration":119,"seed":"nZ9Md5Nkj8HHULiJsvfbKxTLeHWSZ4TzoAcMugZNgEw="},{"iteration":121,"seed":"bDhDddDu2iObCHzsIE/ZbZBIBn+TkicQ0OOJdjYyCik="},{"iteration":123,"seed":"WcnSXSUEBi3km/wPEEeGN2bePSZ/HbGaHHyGHcf5I48="},{"iteration":125,"seed":"Huja1IA4Apg+MdJUWiU9JkMNIW8qDuhYnJR+o4Tj79s="},{"iteration":127,"seed":"j0UxQKOBqlm4nPOEYNKmGMZUXRO8NoLgsqGpmctbW4g="},{"iteration":129,"seed":"3+pQCZiqdQqqcL7faC2owkMrWzYbdcQFVqvx6TdYuT4="},{"iteration":131,"seed":"Wm83YZmx/tPsoIWgUXJvALPG7K2Vdosw98Bvl9sh2NQ="},{"iteration":133,"seed":"0eKqHXmYVD86UJlLeF4ROtjPkRgbav8lzxUscjBLcbo="},{"iteration":135,"seed":"aqobdZU1xkwOJQG0S2ZsKbFfMli3ttPMpXaGLeZQCMI="},{"iteration":137,"seed":"2YlgKS2bA4j/b05GXTfWX81HLVKOHnInf5P2oNkXvNE="},{"iteration":139,"seed":"xF6DaMfRbdfuYwYGJTh7KW793XD9IiEYbkt3G/A9Kog="},{"iteration":141,"seed":"V39QNSSKInum8X8DtrcEP+QFtHLQsIih+wbTMoDTvqQ="},{"iteration":143,"seed":"s2FjmaSScBO7hYxPclqZteqly0LiTfMribUmqUFIPuM="},{"iteration":145,"seed":"wX5odTine8Z7f2LrTaQeKHWYMC11Q78tc2SP0e7FPXQ="},{"iteration":147,"seed":"X37H42GOEdl3euhM3Z6geJOM1NtvtM76ruT5RRnYdJ0="},{"iteration":149,"seed":"2bQvS8OGqmi+/O7cXSAMR1gOmAT5dBxj/vl0Q5XCU3s="},{"iteration":151,"seed":"vJVaT0GrYGfWKHmcy02VXDiXRhxE06QIlLxFYBVrBV8="},{"iteration":153,"seed":"CBLvI2dsTEVh3KAMwdLmOxnmuIiZkRw2j2SoREvfzUc="},{"iteration":155,"seed":"LDp+HvVIgSvlzrclqarSXqakB4WG0Ktm1tt8HI+70a0="},{"iteration":157,"seed":"bU95+ZqZgnKc3XhG8HLEz2kTgFcMJmqnbGdvfm5Jr3Y="},{"iteration":159,"seed":"HyjuB7sv9VmLw/OifyEurddciBkbUVWNb3zk5vv8tTY="},{"iteration":161,"seed":"MBBQNoDIIJsqjgnZA7HleSQ6wOrgY3DvLknr9qvFQqE="},{"iteration":163,"seed":"c3SRHpuJBxDFkrEuJEbH4qRje7SVQ2aXLeHYVWwWE6c="},{"iteration":165,"seed":"ulC1T/2YNX3elwm2Gmud745bULIKOY2D/0/MYUyM1vI="},{"iteration":167,"seed":"rXiSjTndIkO4MbPL/wRErF/pIMMBQYcmPfx+i+tktEc="},{"iteration":169,"seed":"pTTowyLrM9kJTc0f9evtDVr0Mw9p59lFt9zv8LgcRVg="},{"iteration":171,"seed":"zgc/9Jm6Xe2tSvBxwo2F6Pe2FoyZA1VDDYAAwG5HN3g="},{"iteration":173,"seed":"VDt8BSFUhDWwhL1gshYCZ2nhzQEnZoWaNsFcXIIBZEQ="},{"iteration":175,"seed":"6fX8x/fFJOCvdu5wXZySuMFbAFYhdgWprHrWJT5gKPU="},{"iteration":177,"seed":"CA7kKM+9pa0QjS8kLaZ8xF6BneyLk3Wt8nhiIVdmeiA="},{"iteration":179,"seed":"zyxmlwUU9kkkKobIYAdSJUG87mhJoFzu083uN1aD0BA="},{"iteration":181,"seed":"Yy71Y86V4BjRWbvtyI8seAbL/MTHrBQITuD5sK4zLv0="},{"iteration":183,"seed":"+PNaBRAHg5eUaIwE/ZtR0rH2WpIFHtquCkxyt2o7YuU="},{"iteration":185,"seed":"9JGDK7QlfOvl7TOaG/8pCSed+KnFf860wQ2HiqanzLc="},{"iteration":187,"seed":"d47BQDsIkRsjjK9Y/PLwQ33EIOVBzs2C2c+UETUjOsk="},{"iteration":189,"seed":"XCGu07P6jz3RlUI6yCSQY/Gii0Z5KpvRejY3pw66AyA="},{"iteration":191,"seed":"SkPIDGwI8Ke29+03ZQ9k4CEhiDhRK09MRRQGaveqRQU="},{"iteration":193,"seed":"EK7948iGmpHcpaWz9j9HZe9i5zkUuvy+aasMVpvuguI="},{"iteration":195,"seed":"gnOSoqWiXDltuRLu44U8TDuvZR1mitIOiMmQ8D90mv0="},{},{},{},{},{},{},{},{},{},{},{},{},{},{},{},{},{},{},{},{},{},{},{},{},{},{},{},{},{},{},{},{},{},{},{},{},{},{},{},{},{},{},{},{},{},{},{},{},{},{},{},{},{},{},{},{},{},{},{},{},{},{},{},{},{},{},{},{},{},{},{},{},{},{},{},{},{},{},{},{},{},{},{},{},{},{},{},{},{},{},{},{},{},{},{},{},{},{},{},{},{},{},{},{},{},{},{},{},{},{},{},{},{},{},{},{},{},{},{},{},{},{},{},{},{},{},{},{},{},{},{},{},{},{},{},{},{},{},{},{},{},{},{},{},{},{},{},{},{},{},{},{},{},{},{},{},{},{},{},{},{},{},{},{},{},{},{},{},{},{},{},{},{},{},{},{},{},{},{},{},{},{},{},{},{},{},{},{},{},{},{},{},{},{},{},{},{},{},{},{},{},{},{},{},{},{},{},{},{},{},{},{},{},{},{},{},{},{},{},{},{},{},{},{},{},{},{},{},{},{},{},{},{},{},{},{},{},{},{},{},{},{},{},{},{},{},{},{},{},{},{},{},{},{},{},{},{},{},{},{},{},{},{},{},{},{},{},{},{},{},{},{},{},{},{},{},{},{},{},{},{},{},{},{},{},{},{},{},{},{},{},{},{},{},{},{},{},{},{},{},{},{},{},{},{},{},{},{},{},{},{},{},{},{},{},{},{},{},{},{},{},{},{},{},{},{},{},{},{},{},{},{},{},{},{},{},{},{},{},{},{},{},{},{},{},{},{},{},{},{},{},{},{},{},{},{},{},{},{},{},{},{},{},{},{},{},{},{},{},{},{},{},{},{},{},{},{},{},{},{},{},{},{},{},{},{},{},{},{},{},{},{},{},{},{},{},{},{},{},{},{},{},{},{},{},{},{},{},{},{},{},{},{},{},{},{},{},{},{},{},{},{},{},{},{},{},{},{},{},{},{},{},{},{},{},{},{},{},{},{},{},{},{},{},{},{},{},{},{},{},{},{},{},{},{},{},{},{},{},{},{},{},{},{},{},{},{},{},{},{},{},{},{},{},{},{},{},{},{},{},{},{},{},{},{},{},{},{},{},{},{},{},{},{},{},{},{},{},{},{},{},{},{},{},{},{},{},{},{},{},{},{},{},{},{},{},{},{},{},{},{},{},{},{},{},{},{},{},{},{},{},{},{},{},{},{},{},{},{},{},{},{},{},{},{},{},{},{},{},{},{},{},{},{},{},{},{},{},{},{},{},{},{},{},{},{},{},{},{},{},{},{},{},{},{},{},{},{},{},{},{},{},{},{},{},{},{},{},{},{},{},{},{},{},{},{},{},{},{},{},{},{},{},{},{},{},{},{},{},{},{},{},{},{},{},{},{},{},{},{},{},{},{},{},{},{},{},{},{},{},{},{},{},{},{},{},{},{},{},{},{},{},{},{},{},{},{},{},{},{},{},{},{},{},{},{},{},{},{},{},{},{},{},{},{},{},{},{},{},{},{},{},{},{},{},{},{},{},{},{},{},{},{},{},{},{},{},{},{},{},{},{},{},{},{},{},{},{},{},{},{},{},{},{},{},{},{},{},{},{},{},{},{},{},{},{},{},{},{},{},{},{},{},{},{},{},{},{},{},{},{},{},{},{},{},{},{},{},{},{},{},{},{},{},{},{},{},{},{},{},{},{},{},{},{},{},{},{},{},{},{},{},{},{},{},{},{},{},{},{},{},{},{},{},{},{},{}]}]