[{"senderKeyId":700726563,"senderChainKey":{"iteration":489,"seed":"zRIFrV+kb1hwbI2UWXGruL4qGwD6D7z1BZD3Zkbqy+E="},"senderSigningKey":{"public":"BbjT6p87VK0Bhnl7K4D3TOEqgKv3VEuwDeUbgLMHNkpJ"},"senderMessageKeys":[{},{},{},{},{},{},{},{},{},{},{},{},{},{},{},{},{},{},{},{},{},{},{},{},{},{},{},{},{},{},{},{},{},{},{},{},{},{},{},{},{},{},{},{},{},{},{},{},{},{},{},{},{},{},{},{},{},{},{},{},{},{},{},{},{},{},{},{},{},{},{},{},{},{},{},{},{},{},{},{},{},{},{},{},{},{},{},{},{},{},{},{},{},{},{},{},{},{},{},{},{},{},{},{},{},{},{},{},{},{},{},{},{},{},{},{},{},{},{},{},{},{},{},{},{},{},{},{},{},{},{},{},{},{},{},{},{},{},{},{},{},{},{},{},{},{},{},{},{},{},{},{},{},{}]},{"senderKeyId":700726563,"senderChainKey":{"iteration":387,"seed":"mqhf6qowbB8VhH/+0FjAQ9gYHugunfripfI6NvFiEOk="},"senderSigningKey":{"public":"BbjT6p87VK0Bhnl7K4D3TOEqgKv3VEuwDeUbgLMHNkpJ"},"senderMessageKeys":[]},{"senderKeyId":700726563,"senderChainKey":{"iteration":433,"seed":"4MPXdOo6pe0kgNWHaGM3pEXGrbVEZt67fYfAxlRsgMA="},"senderSigningKey":{"public":"BbjT6p87VK0Bhnl7K4D3TOEqgKv3VEuwDeUbgLMHNkpJ"},"senderMessageKeys":[]},{"senderKeyId":700726563,"senderChainKey":{"iteration":459,"seed":"zDesvaX9gBdVG1E3EfOpjuDTlpO8taDijqs42zG0DNE="},"senderSigningKey":{"public":"BbjT6p87VK0Bhnl7K4D3TOEqgKv3VEuwDeUbgLMHNkpJ"},"senderMessageKeys":[]},{"senderKeyId":700726563,"senderChainKey":{"iteration":461,"seed":"saLcv6qxwBY7mZBZXC4Baybr+C3I/a4dwyB8yQcInGA="},"senderSigningKey":{"public":"BbjT6p87VK0Bhnl7K4D3TOEqgKv3VEuwDeUbgLMHNkpJ"},"senderMessageKeys":[]}]