[{"senderKeyId":1266602085,"senderChainKey":{"iteration":1,"seed":"Mi4j8A0aOo2ndbqI+mRPxMpQUy9UlQ32GV566xc/e48="},"senderSigningKey":{"public":"BXn8uz66POUCctLG8AHCkFJ2Sq6m7YE85nhuiOGf4ad8"},"senderMessageKeys":[]},{"senderKeyId":1332655570,"senderChainKey":{"iteration":2,"seed":"KsGoihyc2JkN5f68PmmVMsrbvHMlJWpdnIgrR2hHJ6A="},"senderSigningKey":{"public":"BRPcnu4mb+duUdqoAiVe9CHInWd0zLb7ouFjYo9wqTcm"}},{"senderKeyId":1165240962,"senderChainKey":{"iteration":4,"seed":"N/tRtnLD+lPcbJc52ytqPY69uV7Pu/NyXCvEb3/HixI="},"senderSigningKey":{"public":"Bcr7i5lAStQCJhTrF6nI3ZH4MTqNPWNjj3oP6ec4478U"}},{"senderKeyId":1235903722,"senderChainKey":{"iteration":2,"seed":"IZoO/e9ixjdigeZWrZo/+apmjLYWuo37TPuxDRngQas="},"senderSigningKey":{"public":"BQgbdPQHUJSGTBjXDtpV+LD40DxJUGOVU37CfFTpE2FP"}},{"senderKeyId":872841939,"senderChainKey":{"iteration":2,"seed":"Hk7zvEVQ7FrMhRbKOkXJYrt0caeTzZugT4+s+50LIog="},"senderSigningKey":{"public":"BRZTWb0HK7UfYtuaBpJC/haOlr3Gta9tWNH7ePAcw6cx"}}]