[{"senderKeyId":50069536,"senderChainKey":{"iteration":4,"seed":"kR5oGpOHo9G6ChYOwrSA/0PcHLwqpdOWyGMvgsDmIhQ="},"senderSigningKey":{"public":"BcVYi9c2cLrI6bRlSU7pED5KR+1E26ZAm69KSnupU2ge"},"senderMessageKeys":[]},{"senderKeyId":50069536,"senderChainKey":{"iteration":8,"seed":"oorKwo6Xh9+sNH91FODofn7YOQeC8CrGQ5L0dIGG6+0="},"senderSigningKey":{"public":"BcVYi9c2cLrI6bRlSU7pED5KR+1E26ZAm69KSnupU2ge"},"senderMessageKeys":[]},{"senderKeyId":1242576901,"senderChainKey":{"iteration":1,"seed":"2Kz299neYfPXdYPratAIWVLEbRo3DRjcDoTMXNscHYo="},"senderSigningKey":{"public":"BVRp2pKZCAKzYF8qS7woYevLsGhl4iERgmvh9CVCiwge"},"senderMessageKeys":[]},{"senderKeyId":2039170333,"senderChainKey":{"iteration":179,"seed":"uRDbrF4yQV8obnWkRuUFOjRXbBHQNshh18+Gl5dCEXc="},"senderSigningKey":{"public":"BWIwExkSxC0wl0NOVxrLcUoebd7PMlQiRtG8EOyB82Q/"},"senderMessageKeys":[{},{}]},{"senderKeyId":1216066743,"senderChainKey":{"iteration":57,"seed":"LqvtGycJU+DJ8SJTBF6OyCs3vjNBOdOym5wXQ7IiSTs="},"senderSigningKey":{"public":"BZ+xR+3fDoL0MHfO3CxL2V6BZsYIAarQrjphKMCxAtsA"},"senderMessageKeys":[]}]