{"_sessions":{"BcoCiFs70eTTXDsKvAWtG5yU2j4DRBsYq1gTfwNQFoYt":{"registrationId":1337554464,"currentRatchet":{"ephemeralKeyPair":{"pubKey":"BalscZAy62H4XPI7t0t/jTo3iBW7PzMU6TFIvbIB+3gv","privKey":"OPLAgri+8AtcWJl9QccBdbgwWo5ALwaL3YCTAJ1OpGE="},"lastRemoteEphemeralKey":"BTqB0J51QHvLqJ6ML440BowUmo3/zLHfy3N6dskeFkFN","previousCounter":19,"rootKey":"5GhO7M3sF3z0oNKqrMSTV4ZPimVAHRXxXoCSEqxSTZ4="},"indexInfo":{"baseKey":"BcoCiFs70eTTXDsKvAWtG5yU2j4DRBsYq1gTfwNQFoYt","baseKeyType":1,"closed":-1,"used":1721121935940,"created":1721053813251,"remoteIdentityKey":"BSu5Ln/se/IYu2xt95vghdHD8XRJqhpqHGAY+6sMoEhk"},"_chains":{"BZFb4acb60NARJMpxV2NOG8DMMrhpONEtFU1rsI2TPEV":{"chainKey":{"counter":2},"chainType":2,"messageKeys":{}},"BbW0XgtJ2j7I7xK16lYw9bn/4PypmQqvFirN6NOeyHxv":{"chainKey":{"counter":2},"chainType":2,"messageKeys":{}},"BTqB0J51QHvLqJ6ML440BowUmo3/zLHfy3N6dskeFkFN":{"chainKey":{"counter":0,"key":"BKbhz8phHncIggvQ81dLEAqixxX3Q0zEkKpvx5Y98yg="},"chainType":2,"messageKeys":{}},"BalscZAy62H4XPI7t0t/jTo3iBW7PzMU6TFIvbIB+3gv":{"chainKey":{"counter":84,"key":"SdRl75/QVMLngy9U0qYDqQVNbQJq3RmwoVNN7H3bc3Q="},"chainType":1,"messageKeys":{}}}}},"version":"v1"}