{"_sessions":{"BaDTyHblbJK2ywu2gev9qi+nVK9j2NhRUpaeufK7yBJO":{"registrationId":224184891,"currentRatchet":{"ephemeralKeyPair":{"pubKey":"BUMnk4wSTnoYk7BpREnVY4ZocbT8fEc+1hlx9+b2jyw3","privKey":"oNJp4yaGBElt9ZRAES9SXCZmBFRLVVoQtrCj/zl5sUk="},"lastRemoteEphemeralKey":"BeTA28Fv8ZLO5WFrRsuyle4tld+Ougy4r1fFtFHgZKYX","previousCounter":0,"rootKey":"d/g6zMSFMwAJT4n0wNFw/vkyV2SZlrS7e5uYoB+crL8="},"indexInfo":{"baseKey":"BaDTyHblbJK2ywu2gev9qi+nVK9j2NhRUpaeufK7yBJO","baseKeyType":1,"closed":-1,"used":1721059323226,"created":1721059323226,"remoteIdentityKey":"Ba7bP9oQab2Sz19O+/ad2Zgm/pBeG3CeUu5KO+Ah9n4d"},"_chains":{"BUMnk4wSTnoYk7BpREnVY4ZocbT8fEc+1hlx9+b2jyw3":{"chainKey":{"counter":5,"key":"Ym+Y+34FfcgnIXXwqQYIsNtHXB0tEA5QLvGKotx38uI="},"chainType":1,"messageKeys":{}}},"pendingPreKey":{"signedKeyId":12,"baseKey":"BaDTyHblbJK2ywu2gev9qi+nVK9j2NhRUpaeufK7yBJO","preKeyId":11825924}}},"version":"v1"}