{"_sessions":{"BUlbmvqLfQyRGOtNgF1vTG3wq2Jz3p8jmc30LAjUw3c3":{"registrationId":868978175,"currentRatchet":{"ephemeralKeyPair":{"pubKey":"BTh63B822u2Wgzer2D+CUjmSLM052PA8zao5Tm+TZiNo","privKey":"YNDO5TGVBds3Bzh7sYIWd7Ai6UmO8Wg4F/G64w3kd2Y="},"lastRemoteEphemeralKey":"BcRdJd7dzp7OhP3dwhwbkqhpMyjNmnrgEqeJN/iRYuVS","previousCounter":0,"rootKey":"pv4LQcdWSG1ZG0spySDelm7LoYCStTWVvWmbejpb7ec="},"indexInfo":{"baseKey":"BUlbmvqLfQyRGOtNgF1vTG3wq2Jz3p8jmc30LAjUw3c3","baseKeyType":1,"closed":-1,"used":1721051171034,"created":1721051171034,"remoteIdentityKey":"BenWNrxfDzDWd6Ds2hxq4Tko0t1qOfqacFCQNbOdNYxv"},"_chains":{"BTh63B822u2Wgzer2D+CUjmSLM052PA8zao5Tm+TZiNo":{"chainKey":{"counter":130,"key":"uSUDNR8IOLPhtoiX3r2HHo9n6zT5knScmWfODoAUVXw="},"chainType":1,"messageKeys":{}}},"pendingPreKey":{"signedKeyId":8,"baseKey":"BUlbmvqLfQyRGOtNgF1vTG3wq2Jz3p8jmc30LAjUw3c3","preKeyId":1853553}}},"version":"v1"}