{"_sessions":{"BTLbBzArB+u6QeLyULSxSORWx6OT7axy6T61tlyGfhsc":{"registrationId":776553227,"currentRatchet":{"ephemeralKeyPair":{"pubKey":"BfTL97k80wJgEXUlg0UTyPOlXwluEm695d6oMI9SdyQ8","privKey":"6KM0W1k7IO5XuK97dg85pu/lx/iKnzx1Aw1TjrW6XFI="},"lastRemoteEphemeralKey":"BeW/IAVqzxHp9wfQeXNopdqi3zNe6Gxye1bjImB2JQ5i","previousCounter":0,"rootKey":"DrP5ywcD25N4dR7CZtfFc1qaju1FvWQdcpFh/+OYfS8="},"indexInfo":{"baseKey":"BTLbBzArB+u6QeLyULSxSORWx6OT7axy6T61tlyGfhsc","baseKeyType":1,"closed":-1,"used":1721130766721,"created":1721130583573,"remoteIdentityKey":"BaB4srcleNkRUxKFkc9twrwycLQxUd5c4MlvSoFF1ehL"},"_chains":{"BeW/IAVqzxHp9wfQeXNopdqi3zNe6Gxye1bjImB2JQ5i":{"chainKey":{"counter":1,"key":"4HQKkuw3HJ4d2fq6ZvJpEBZzd+nYV48T+xe1dFwGNys="},"chainType":2,"messageKeys":{}},"BfTL97k80wJgEXUlg0UTyPOlXwluEm695d6oMI9SdyQ8":{"chainKey":{"counter":82,"key":"W3ZeDzQFSP+eXNfsWQEGBdgGlm54d23nPv3PNA8z4fo="},"chainType":1,"messageKeys":{}}}}},"version":"v1"}