{"_sessions":{"Be6oAR7SeG8sAiXg7BVMWkKVVO0+OVtLg6a+sl0ze39C":{"registrationId":224480854,"currentRatchet":{"ephemeralKeyPair":{"pubKey":"BXU0lxZeo6xMRk8Ey+iOQdK+KZlxu7hKY4JQcLlcbU4I","privKey":"sK3YysyN7/o7ISUi//YrAipWjyduIVQwxX81qDiLYXQ="},"lastRemoteEphemeralKey":"BYyKBRO2U6zBwL9CuVLw6CUSeYeNaU3Aq1+CPYO0+KwK","previousCounter":0,"rootKey":"MHpCxaNZWJrWJ+i1zlKOfjfXJKhiP9FusDfg34fQj1Q="},"indexInfo":{"baseKey":"Be6oAR7SeG8sAiXg7BVMWkKVVO0+OVtLg6a+sl0ze39C","baseKeyType":1,"closed":-1,"used":1721059323220,"created":1721059323220,"remoteIdentityKey":"BRslIGdUzt/2nH1cx1OsSdu+I6Yam9F5sWiwNrvlJC1U"},"_chains":{"BXU0lxZeo6xMRk8Ey+iOQdK+KZlxu7hKY4JQcLlcbU4I":{"chainKey":{"counter":5,"key":"P4yNsCeT78d8rhEir10n3qqoaprKtJfrTs/liEOUwSo="},"chainType":1,"messageKeys":{}}},"pendingPreKey":{"signedKeyId":6,"baseKey":"Be6oAR7SeG8sAiXg7BVMWkKVVO0+OVtLg6a+sl0ze39C","preKeyId":9222709}}},"version":"v1"}