{"_sessions":{"BbvnB5ooy+1brXqoFNycmAM58C4VKpD7KJlg4+FsT/Ms":{"registrationId":444267365,"currentRatchet":{"ephemeralKeyPair":{"pubKey":"BTeyOnm5l/qrJ9zG91rY3RW0MzutrxvmdAk5NWV3zHZ2","privKey":"0IRtlIpS0hpIfHkBNd/9owyGs48VztwUAFwz7JiLWko="},"lastRemoteEphemeralKey":"BX9JiaqFOnt3bu/HqwOpiPUJ8Rn7EUTmtk4hXxYJwI8d","previousCounter":0,"rootKey":"MgaXeL46NGLEeBBl2k1JwGETEp5o4Fq89fZxMTVTtug="},"indexInfo":{"baseKey":"BbvnB5ooy+1brXqoFNycmAM58C4VKpD7KJlg4+FsT/Ms","baseKeyType":1,"closed":-1,"used":1721059323237,"created":1721059323237,"remoteIdentityKey":"BaOFlubmjF5peXSqeh2XPa8jHrytemP+lEgPQHKLWJhn"},"_chains":{"BTeyOnm5l/qrJ9zG91rY3RW0MzutrxvmdAk5NWV3zHZ2":{"chainKey":{"counter":5,"key":"N5u8HXgPHxa3NrjANa3STGk1JIyk02JltCqs6QPf11s="},"chainType":1,"messageKeys":{}}},"pendingPreKey":{"signedKeyId":0,"baseKey":"BbvnB5ooy+1brXqoFNycmAM58C4VKpD7KJlg4+FsT/Ms","preKeyId":10190930}}},"version":"v1"}