{"_sessions":{"BWOFFE0VGZ1S+7BfRiJSJ95gkbQ/8BSVULWpA8SXy5IL":{"registrationId":1992282660,"currentRatchet":{"ephemeralKeyPair":{"pubKey":"BTGm7PQ1LFXa4JhgPzrgHXQG71ZkCmT6pOxCxQbZLshe","privKey":"MOTgeHHgVvO9dUh1JxdBwmBnWJ4VqcALHHsRabrJXXk="},"lastRemoteEphemeralKey":"BUdVVeSuNwvJkc8XU+1bRnCNjB0SZRKpq69UVW7qFME2","previousCounter":0,"rootKey":"fB61ewCKvOOCXpgRhPVhuLSz1a7ggnVvdMH3GKkAOEA="},"indexInfo":{"baseKey":"BWOFFE0VGZ1S+7BfRiJSJ95gkbQ/8BSVULWpA8SXy5IL","baseKeyType":2,"closed":-1,"used":1721128719659,"created":1721128704026,"remoteIdentityKey":"Be3cr+mQtnp/8pJrCv+woqTPPuC7n2a44aln47x6aX0n"},"_chains":{"BYMH6msnAxO1g/bgeH+d4+lwh8n9yeIeDv7uK+tKPDh7":{"chainKey":{"counter":0},"chainType":2,"messageKeys":{}},"BUdVVeSuNwvJkc8XU+1bRnCNjB0SZRKpq69UVW7qFME2":{"chainKey":{"counter":0,"key":"x1h/vfw9GWMv2mx1u6DSxqO+zsHcTGbpF+5bFXtNrqQ="},"chainType":2,"messageKeys":{}},"BTGm7PQ1LFXa4JhgPzrgHXQG71ZkCmT6pOxCxQbZLshe":{"chainKey":{"counter":35,"key":"NnSSAr28AP7e6rMnktVCql2w5mh/fIiKE+bsip+7IKk="},"chainType":1,"messageKeys":{}}}}},"version":"v1"}