{"_sessions":{"Bc3911Z2LUTTZBLYKJhPylZKaNzZS7p9EkQ+l4UMnoo5":{"registrationId":460000546,"currentRatchet":{"ephemeralKeyPair":{"pubKey":"BSke5AyZgNX9LLleP9GLKZemyCIvAxQMwmASEn0MXTcr","privKey":"ILsaZA2HIoKrXP4HtbpW6DlAHAk4lpLoZJ39A87bekA="},"lastRemoteEphemeralKey":"BRHCx24RJiamKmMqGn/iN6sfNC+ADNEeImje/HOf+HwH","previousCounter":0,"rootKey":"MJ4urhzWRZXj0tstX6Jv9LrZRWe7hnDarZ5d2zIrE0w="},"indexInfo":{"baseKey":"Bc3911Z2LUTTZBLYKJhPylZKaNzZS7p9EkQ+l4UMnoo5","baseKeyType":2,"closed":-1,"used":1721058574721,"created":1721058574721,"remoteIdentityKey":"BZ2OKZ6cCGc6frSARCQ4vxmx/g3n1WNEXI1hM+6kMrNm"},"_chains":{"BRHCx24RJiamKmMqGn/iN6sfNC+ADNEeImje/HOf+HwH":{"chainKey":{"counter":0,"key":"DCE/3Vo+VtdHPfI/GAJ3uTLzBmBiSw0jDicpboZ1Vs0="},"chainType":2,"messageKeys":{}},"BSke5AyZgNX9LLleP9GLKZemyCIvAxQMwmASEn0MXTcr":{"chainKey":{"counter":10,"key":"E4lcW85IRGZj4CIt4Ro7jA8D/hmgOIH5ATKxGluB/0g="},"chainType":1,"messageKeys":{}}}}},"version":"v1"}