{"_sessions":{"BVSoGwVtyJuJ+yhcUYyRAwPr6UcFyL53bQBW3AEc+oxL":{"registrationId":10,"currentRatchet":{"ephemeralKeyPair":{"pubKey":"BTHIwRdUqZD0a5sGfXhyW+L/E7kGTwNDuGPzyTwoXyV0","privKey":"6PNbnUZ31tDG5mkP3qw4eqKi/Y00t7hdgCL6xxd3nno="},"lastRemoteEphemeralKey":"BfYBeSHEFJzqMpivBVCqwfQyjbwB4iV07PFQ/Z+LO0EA","previousCounter":0,"rootKey":"BaN770Q3jiA0GHUYklBWgulqg+x2Soo5amt4cgWLWYg="},"indexInfo":{"baseKey":"BVSoGwVtyJuJ+yhcUYyRAwPr6UcFyL53bQBW3AEc+oxL","baseKeyType":1,"closed":1721138814362,"used":1721138853504,"created":1721138813869,"remoteIdentityKey":"BTM+bDDs4P/RuvDn79n0QulnGaiiH4haNnvpuj59VOcY"},"_chains":{"BfYBeSHEFJzqMpivBVCqwfQyjbwB4iV07PFQ/Z+LO0EA":{"chainKey":{"counter":0,"key":"FNng3xsW2L5d/xEIZBxeyQnCgN7coKp+Wfa5FgllT80="},"chainType":2,"messageKeys":{}},"BTHIwRdUqZD0a5sGfXhyW+L/E7kGTwNDuGPzyTwoXyV0":{"chainKey":{"counter":-1,"key":"yhgi7BUeChv9NagAoPXzG8Tw/I2WfKYM1nXzfiHZZuQ="},"chainType":1,"messageKeys":{}}}},"Bcm10boQjleJwVVBq5fUFxmKVO1VoKR8eY1VWZx0roYZ":{"registrationId":10,"currentRatchet":{"ephemeralKeyPair":{"pubKey":"BbeNwiiIinYrHT++1klqt/Db3375wzefeQh1JRUur3sp","privKey":"oHs2Bqy9al4/k4l+EvZ6yAbxj+maOtht3yRI17QWuno="},"lastRemoteEphemeralKey":"BfYBeSHEFJzqMpivBVCqwfQyjbwB4iV07PFQ/Z+LO0EA","previousCounter":2,"rootKey":"TAhXDd4PMalznAUsHxbYkfKFIG8K4GJ01Urau5u2bZI="},"indexInfo":{"baseKey":"Bcm10boQjleJwVVBq5fUFxmKVO1VoKR8eY1VWZx0roYZ","baseKeyType":1,"closed":1721143367768,"used":1721138814358,"created":1721138814358,"remoteIdentityKey":"BTM+bDDs4P/RuvDn79n0QulnGaiiH4haNnvpuj59VOcY"},"_chains":{"BfYBeSHEFJzqMpivBVCqwfQyjbwB4iV07PFQ/Z+LO0EA":{"chainKey":{"counter":0,"key":"OJ85Kiyjt7TG2+bzQBJc/g/116pi7ChD1Utwcp4b1Pk="},"chainType":2,"messageKeys":{}},"BbeNwiiIinYrHT++1klqt/Db3375wzefeQh1JRUur3sp":{"chainKey":{"counter":-1,"key":"+R7XJ3skOK//KJ+I9NIyc0fOrAsil/iRX21qDPvPKjM="},"chainType":1,"messageKeys":{}}},"pendingPreKey":{"signedKeyId":1,"baseKey":"Bcm10boQjleJwVVBq5fUFxmKVO1VoKR8eY1VWZx0roYZ","preKeyId":43}},"BZLeGYNjmD8RX1u1pZeQH+6DmyuXZTsU531/KTviyUxs":{"registrationId":10,"currentRatchet":{"ephemeralKeyPair":{"pubKey":"Bftc3Q7hMFcsSGzRJKGjOz4DHKCiB5V14/qWGZRpTPkL","privKey":"uBWRMGw1V9TQm0A5lzXE28uSWKuN3Q33BU99bxH0NHo="},"lastRemoteEphemeralKey":"Bcex/ukQCVarOoy37KIzPvWytSVQqoeYmcL1vGLJD4lS","previousCounter":0,"rootKey":"im/Xhi3FhTnjdTEeZLWtGX7BKguREluiqwnEAWtvxRY="},"indexInfo":{"baseKey":"BZLeGYNjmD8RX1u1pZeQH+6DmyuXZTsU531/KTviyUxs","baseKeyType":1,"closed":-1,"used":1721143367765,"created":1721143367765,"remoteIdentityKey":"BTM+bDDs4P/RuvDn79n0QulnGaiiH4haNnvpuj59VOcY"},"_chains":{"Bftc3Q7hMFcsSGzRJKGjOz4DHKCiB5V14/qWGZRpTPkL":{"chainKey":{"counter":49,"key":"578iVEllNYhS1kvgyA3eNMMhFg4vTZSZ0Puq6CYpLm8="},"chainType":1,"messageKeys":{}}},"pendingPreKey":{"signedKeyId":1,"baseKey":"BZLeGYNjmD8RX1u1pZeQH+6DmyuXZTsU531/KTviyUxs","preKeyId":39}}},"version":"v1"}