{"_sessions":{"BcilJuZteWGdo3w8VSlQc7TtKb6y9hpbo+K3XGV1Fiwb":{"registrationId":2006085124,"currentRatchet":{"ephemeralKeyPair":{"pubKey":"BSLpBULcaho+PG2AVBj5c5XVVm4kgJBsGSaQE018WoIi","privKey":"QCg2d+sk2Ul2uPOOHwhZngDU14uRlA58FqfL4icQLVI="},"lastRemoteEphemeralKey":"BeH6qa0owfFdWnGTzNmKdUb7tzPvIHFwbLwX05EGGTMr","previousCounter":0,"rootKey":"Tcu40F5yNe79dm6vTwzVDWnd0Ztdgo9sdGWLJ2HiprQ="},"indexInfo":{"baseKey":"BcilJuZteWGdo3w8VSlQc7TtKb6y9hpbo+K3XGV1Fiwb","baseKeyType":1,"closed":1721110919949,"used":1721051170672,"created":1721051170672,"remoteIdentityKey":"BYqUu0UO0tzqx+zoQmZanYg9LR7Gh9Q8uBRBJgwAHuVM"},"_chains":{"BSLpBULcaho+PG2AVBj5c5XVVm4kgJBsGSaQE018WoIi":{"chainKey":{"counter":44,"key":"ujJHNqowQ13da58m0eS0/7Tr8h1Y5+g6UHVpY/RyQyc="},"chainType":1,"messageKeys":{}}},"pendingPreKey":{"signedKeyId":0,"baseKey":"BcilJuZteWGdo3w8VSlQc7TtKb6y9hpbo+K3XGV1Fiwb"}},"BW2PMiMXHKDsaeO2UUX5iJRicmsXVcQQk2LoYysYmaQE":{"registrationId":2006085124,"currentRatchet":{"ephemeralKeyPair":{"pubKey":"BTdVAEvx306eq2kQQVxPqykfp1uqATH8VnAeSm3R8JBu","privKey":"iArufgX9H1TVD33vPiomFCrtQJi4mwv1JDF+I5tK82Q="},"lastRemoteEphemeralKey":"BeH6qa0owfFdWnGTzNmKdUb7tzPvIHFwbLwX05EGGTMr","previousCounter":0,"rootKey":"d3mb1SpFBH7uGJmonH1VK6+9frgGa9kiP0oA/dfDZJk="},"indexInfo":{"baseKey":"BW2PMiMXHKDsaeO2UUX5iJRicmsXVcQQk2LoYysYmaQE","baseKeyType":1,"closed":-1,"used":1721110919943,"created":1721110919943,"remoteIdentityKey":"BYqUu0UO0tzqx+zoQmZanYg9LR7Gh9Q8uBRBJgwAHuVM"},"_chains":{"BTdVAEvx306eq2kQQVxPqykfp1uqATH8VnAeSm3R8JBu":{"chainKey":{"counter":87,"key":"YmTAGfDnVEDYRUAmpzomAb84Lg0A4zsBRMEn7o3KpoQ="},"chainType":1,"messageKeys":{}}},"pendingPreKey":{"signedKeyId":0,"baseKey":"BW2PMiMXHKDsaeO2UUX5iJRicmsXVcQQk2LoYysYmaQE"}}},"version":"v1"}