{"_sessions":{"BdUNAIuXFLMylPiEKsXPK1/gRDJoixPP+Omud6z9MLcD":{"registrationId":251,"currentRatchet":{"ephemeralKeyPair":{"pubKey":"Ba3Svy/1F/nT+26h4XppkH7d4ce8Z3dL5ganqyODOEpp","privKey":"GE6H48t5zUmooNqDL7yYxJRFQnfzmvNp+7EkmR7eBGc="},"lastRemoteEphemeralKey":"BYXrJHblvgDXyLe1x5BfNBIY+TvHEkmR/YaGBerFrCJJ","previousCounter":0,"rootKey":"drwYGuTysQFFN4Y7G0u8HaqOexlbeygHzPmaOB/7v6Q="},"indexInfo":{"baseKey":"BdUNAIuXFLMylPiEKsXPK1/gRDJoixPP+Omud6z9MLcD","baseKeyType":1,"closed":-1,"used":1721061609637,"created":1721061609637,"remoteIdentityKey":"BUU8I33+1uOZBPG9GyoCqjevYSTrHUbVNqnv7VJLP0Br"},"_chains":{"Ba3Svy/1F/nT+26h4XppkH7d4ce8Z3dL5ganqyODOEpp":{"chainKey":{"counter":4,"key":"vnfOVYumnn3cx6uePRH3oaqPXV7KHYMibweccJSgYnk="},"chainType":1,"messageKeys":{}}},"pendingPreKey":{"signedKeyId":1,"baseKey":"BdUNAIuXFLMylPiEKsXPK1/gRDJoixPP+Omud6z9MLcD"}}},"version":"v1"}