{"_sessions":{"BRkwvGCLiB9Q4QOYNJzdJsyVYx6AYGpgVtrocTDOLKl+":{"registrationId":2782,"currentRatchet":{"ephemeralKeyPair":{"pubKey":"BYjLMPRmfIXTXkoV89F8B2XG4DSl9r2MERXFcrfAPhEi","privKey":"kBjXwKidp0iYGh7ehISlAxkxZT/xg0Y9mdMDesx+0nk="},"lastRemoteEphemeralKey":"BZfAXLN58lD5L3OVjQKDhC6OztJvtlnJNcXKdAfAoKxb","previousCounter":0,"rootKey":"/BEhg8Mp2tOCuirpwALZOhKuKtSZTkY1fCWvrCJJUNI="},"indexInfo":{"baseKey":"BRkwvGCLiB9Q4QOYNJzdJsyVYx6AYGpgVtrocTDOLKl+","baseKeyType":1,"closed":-1,"used":1721059322960,"created":1721059322960,"remoteIdentityKey":"BbeoBMwJsQD3cFe4iAOMTCUuHWNeR7eyUJKOVND2y1xo"},"_chains":{"BYjLMPRmfIXTXkoV89F8B2XG4DSl9r2MERXFcrfAPhEi":{"chainKey":{"counter":5,"key":"JdCvWcuTF6dV2Cja7pp/H/aPUlFUUSh/v2mYbE+UUh8="},"chainType":1,"messageKeys":{}}},"pendingPreKey":{"signedKeyId":1,"baseKey":"BRkwvGCLiB9Q4QOYNJzdJsyVYx6AYGpgVtrocTDOLKl+","preKeyId":2622}}},"version":"v1"}