{"_sessions":{"BQ9cP/7HTsLu9eKhMwl0AHDx+BWGheoCd+Z8XOGS9ctu":{"registrationId":448761309,"currentRatchet":{"ephemeralKeyPair":{"pubKey":"BdWzRTmMguhtwjJeZpWfFgPzTAJuS6bHOByh1PeywNwT","privKey":"CARnEJzNGWP0cAitsDAZ9m+L/Y1q265VwP3L1bb5llA="},"lastRemoteEphemeralKey":"BcpNjqQLZFS4mv64Iq3i8VWqH+57gEc6lNhT+41oG7RX","previousCounter":0,"rootKey":"Tpv1wuWWJLfCiUtdPp7fFeRSEbnDNMiFVPumSIQ0YJY="},"indexInfo":{"baseKey":"BQ9cP/7HTsLu9eKhMwl0AHDx+BWGheoCd+Z8XOGS9ctu","baseKeyType":1,"closed":-1,"used":1721069705740,"created":1721069705740,"remoteIdentityKey":"BVpSLeeJWTxXRy6r8myrtF6reT7kdg1gpC+xFpod7KFM"},"_chains":{"BdWzRTmMguhtwjJeZpWfFgPzTAJuS6bHOByh1PeywNwT":{"chainKey":{"counter":0,"key":"AdAOWt0//0wv0FzUfnPSzaqEEG0OqJ1l2Z9utvxG1Ro="},"chainType":1,"messageKeys":{}}},"pendingPreKey":{"signedKeyId":11,"baseKey":"BQ9cP/7HTsLu9eKhMwl0AHDx+BWGheoCd+Z8XOGS9ctu","preKeyId":7613146}}},"version":"v1"}