{"_sessions":{"BT62ue1OBrc3VlgtzgCwTQrWy9SSrXJ5P0aixw7r2dsf":{"registrationId":1283073750,"currentRatchet":{"ephemeralKeyPair":{"pubKey":"BZz2ES2a8KAtVeHXloZBbzQErSyhIG7LX5Jl81uKuMNF","privKey":"6JPy9y8D9g59h4otgxuYXPBvvDonv+jTTL/GAhOFN2w="},"lastRemoteEphemeralKey":"BZGJLXCWQUdtidbNJkwUfoosHl23szz9KuVnjTFM4IJo","previousCounter":0,"rootKey":"Z1+Yvyy13VzK+xoRH8FRZuV6NXfjQidOF3nO8qElgsM="},"indexInfo":{"baseKey":"BT62ue1OBrc3VlgtzgCwTQrWy9SSrXJ5P0aixw7r2dsf","baseKeyType":1,"closed":1721052933909,"used":1721051170738,"created":1721051170738,"remoteIdentityKey":"BXRksXtpnRigYzMsCS5wT5cFfDHL7DzcWdSf4wyqZGo1"},"_chains":{"BZz2ES2a8KAtVeHXloZBbzQErSyhIG7LX5Jl81uKuMNF":{"chainKey":{"counter":21,"key":"mfcebxNE7Ju8iIHEA9dKLcGZ2/gJFN9/Tj8ZBBsFym4="},"chainType":1,"messageKeys":{}}},"pendingPreKey":{"signedKeyId":0,"baseKey":"BT62ue1OBrc3VlgtzgCwTQrWy9SSrXJ5P0aixw7r2dsf","preKeyId":7837469}},"Bcb2LqEmX/4HG3M7fijF91sJ/V7AeX5tLCIb7NyokyQD":{"registrationId":1283073750,"currentRatchet":{"ephemeralKeyPair":{"pubKey":"BZP3HOjXMED01fQLVkL8u6vsKKQsIsIEoH9506rTJyAv","privKey":"oK3Ab8a/xvf9gvvC3duK/lJrWrOcw8MEfjGjDkW9/lE="},"lastRemoteEphemeralKey":"BZGJLXCWQUdtidbNJkwUfoosHl23szz9KuVnjTFM4IJo","previousCounter":0,"rootKey":"3R7uWEYLVoMUNgHi4mqgc2chjS5D/3r/I55lNFKwM2U="},"indexInfo":{"baseKey":"Bcb2LqEmX/4HG3M7fijF91sJ/V7AeX5tLCIb7NyokyQD","baseKeyType":1,"closed":1721052934963,"used":1721052933907,"created":1721052933907,"remoteIdentityKey":"BXRksXtpnRigYzMsCS5wT5cFfDHL7DzcWdSf4wyqZGo1"},"_chains":{"BZP3HOjXMED01fQLVkL8u6vsKKQsIsIEoH9506rTJyAv":{"chainKey":{"counter":0,"key":"Kk7Om+ht7Wm/1DJ0WYfJgoerqmLM54E2p8X3nl7JQBg="},"chainType":1,"messageKeys":{}}},"pendingPreKey":{"signedKeyId":0,"baseKey":"Bcb2LqEmX/4HG3M7fijF91sJ/V7AeX5tLCIb7NyokyQD","preKeyId":7837941}},"BWNjXeUfifpTKNrxNZu3K/di0teBB9lqZj7tv1nvZkty":{"registrationId":1283073750,"currentRatchet":{"ephemeralKeyPair":{"pubKey":"BSXyykZAkZOeMCDj+7W0qkYeUvRL2f58m6kcIkjVcKE1","privKey":"KFM2S2MwvCqqLxipHgt1fsui/gRyNyW+RofCTLEkYn4="},"lastRemoteEphemeralKey":"BZGJLXCWQUdtidbNJkwUfoosHl23szz9KuVnjTFM4IJo","previousCounter":0,"rootKey":"D7d+DBFcy1hJczhCHFcs8G0XC+T8o0UjDTtwXEaX2yk="},"indexInfo":{"baseKey":"BWNjXeUfifpTKNrxNZu3K/di0teBB9lqZj7tv1nvZkty","baseKeyType":1,"closed":1721052936104,"used":1721052934961,"created":1721052934961,"remoteIdentityKey":"BXRksXtpnRigYzMsCS5wT5cFfDHL7DzcWdSf4wyqZGo1"},"_chains":{"BSXyykZAkZOeMCDj+7W0qkYeUvRL2f58m6kcIkjVcKE1":{"chainKey":{"counter":1,"key":"7taxjZJhhUnoLbcpEK9qVMZtPlx9F3slV9FUIqiwmKE="},"chainType":1,"messageKeys":{}}},"pendingPreKey":{"signedKeyId":0,"baseKey":"BWNjXeUfifpTKNrxNZu3K/di0teBB9lqZj7tv1nvZkty","preKeyId":7837456}},"BVUZFFhjZ5/NKrZGwRinYJHPOGvPmEiTsKSrdklXBGVL":{"registrationId":1283073750,"currentRatchet":{"ephemeralKeyPair":{"pubKey":"BSb0LRZHrcgJa36wDRX8K7E8i5E4I/snTAmujv01K8By","privKey":"SIrTqpQ7DgbhJjXDrsiL2Wj3b1Y6M4l65B2uZc6gX3A="},"lastRemoteEphemeralKey":"BZGJLXCWQUdtidbNJkwUfoosHl23szz9KuVnjTFM4IJo","previousCounter":0,"rootKey":"f6x+aevDlAN6W73ticLZqCPlwi6C/m9obeZFtYUNxMY="},"indexInfo":{"baseKey":"BVUZFFhjZ5/NKrZGwRinYJHPOGvPmEiTsKSrdklXBGVL","baseKeyType":1,"closed":1721052936933,"used":1721052936094,"created":1721052936094,"remoteIdentityKey":"BXRksXtpnRigYzMsCS5wT5cFfDHL7DzcWdSf4wyqZGo1"},"_chains":{"BSb0LRZHrcgJa36wDRX8K7E8i5E4I/snTAmujv01K8By":{"chainKey":{"counter":0,"key":"4CxIaxup/6VEjPFZSNX51a3yt8ER6DZm5054QRbYu6s="},"chainType":1,"messageKeys":{}}},"pendingPreKey":{"signedKeyId":0,"baseKey":"BVUZFFhjZ5/NKrZGwRinYJHPOGvPmEiTsKSrdklXBGVL","preKeyId":7837333}},"BY5ngPip/8VV3XNMfNt6NU61J7IUCk57LQpGFg9K25Qy":{"registrationId":1283073750,"currentRatchet":{"ephemeralKeyPair":{"pubKey":"BerIdzDEAxc65RDLWsNgI1uQj/ZkALU3YIzqVMuufp8A","privKey":"aLCtwthrhsdYHR/xc80awI8L44Xgx+tm+LnrLGBOZUQ="},"lastRemoteEphemeralKey":"BZGJLXCWQUdtidbNJkwUfoosHl23szz9KuVnjTFM4IJo","previousCounter":0,"rootKey":"Yl/7kDjJAg/Qf9I56RwpHZpxSFmZl2QigR68Ung9raY="},"indexInfo":{"baseKey":"BY5ngPip/8VV3XNMfNt6NU61J7IUCk57LQpGFg9K25Qy","baseKeyType":1,"closed":-1,"used":1721052936931,"created":1721052936931,"remoteIdentityKey":"BXRksXtpnRigYzMsCS5wT5cFfDHL7DzcWdSf4wyqZGo1"},"_chains":{"BerIdzDEAxc65RDLWsNgI1uQj/ZkALU3YIzqVMuufp8A":{"chainKey":{"counter":104,"key":"0n98ud61WVA5HKFccEuhm4vss3S20kDx/pUBWjbNaGw="},"chainType":1,"messageKeys":{}}},"pendingPreKey":{"signedKeyId":0,"baseKey":"BY5ngPip/8VV3XNMfNt6NU61J7IUCk57LQpGFg9K25Qy","preKeyId":7837297}}},"version":"v1"}