{"_sessions":{"BaQviVE4wz9xlTpHn6+W8Jaq29I0/1RtX2+hVLTOWts5":{"registrationId":1253049773,"currentRatchet":{"ephemeralKeyPair":{"pubKey":"Bfg9F4ECi+HsbVsF8o8f8NYK3QqqeSBOQ3N3RdmzNZcp","privKey":"iMR3HrE36Xj+gDzapQwoZjpOIAgejkTFXGQQ2EGeum4="},"lastRemoteEphemeralKey":"BWo+m7tWu6DjqKi+bl0au8621AneKa+wYws5bZgAs0VV","previousCounter":0,"rootKey":"lI35HEXfGYXV6eAD0fD/E5iy2F2qPw2HIHoBJ7IqlKE="},"indexInfo":{"baseKey":"BaQviVE4wz9xlTpHn6+W8Jaq29I0/1RtX2+hVLTOWts5","baseKeyType":1,"closed":-1,"used":1721069705443,"created":1721069705443,"remoteIdentityKey":"BcLjHQZIDnt+F3iB4RbLbPZsrzgcALqfmRR1KiF5HMdC"},"_chains":{"Bfg9F4ECi+HsbVsF8o8f8NYK3QqqeSBOQ3N3RdmzNZcp":{"chainKey":{"counter":0,"key":"koRcxsGvTL5nqbRlR6FV7NJxzk59MiSGcgK9xovxMY0="},"chainType":1,"messageKeys":{}}},"pendingPreKey":{"signedKeyId":13,"baseKey":"BaQviVE4wz9xlTpHn6+W8Jaq29I0/1RtX2+hVLTOWts5","preKeyId":8458527}}},"version":"v1"}