{"_sessions":{"BVIZSWgpJYmzd4v/d4++HdlT8B/WIavmb6jQXDZml0BC":{"registrationId":884679059,"currentRatchet":{"ephemeralKeyPair":{"pubKey":"BflNsBByIrOg7wSJ9z8owuLqenLJHqoyErVf+MMOb2EZ","privKey":"CAbxs87Coc2IlmOJJvhRsd2U+Wc1u1HwxY/TnSVjTng="},"lastRemoteEphemeralKey":"BQApm5qGZKm1DDOB8OR2/wxR9Efl1lqrLIHykcVS8v0C","previousCounter":0,"rootKey":"amja0kopSZprylw6WoVNlQpEA1HMkvFVHldnCuknA8s="},"indexInfo":{"baseKey":"BVIZSWgpJYmzd4v/d4++HdlT8B/WIavmb6jQXDZml0BC","baseKeyType":1,"closed":-1,"used":1721069705673,"created":1721069705673,"remoteIdentityKey":"BZwCSmERNV/+DpGmEFyyQPZgXmB9MqF+UJlebPKnuQsc"},"_chains":{"BflNsBByIrOg7wSJ9z8owuLqenLJHqoyErVf+MMOb2EZ":{"chainKey":{"counter":0,"key":"TywIH1E8BxuiRF/IPlmWYArFYJbjY/oUCBTnepo1Q34="},"chainType":1,"messageKeys":{}}},"pendingPreKey":{"signedKeyId":2,"baseKey":"BVIZSWgpJYmzd4v/d4++HdlT8B/WIavmb6jQXDZml0BC","preKeyId":3858082}}},"version":"v1"}