{"_sessions":{"BQfbCaf0UlPS1cx2K4falWdpt0EKdIlrlL1SvVCrvUkY":{"registrationId":6353,"currentRatchet":{"ephemeralKeyPair":{"pubKey":"BfXg0ddU3+O32bqFXbpYpISEi4P0L0xBV4RLI/mhOe97","privKey":"MCOZp/blLSw+vuIVxzJeqmetNOoljmyN2xUfkEpszH8="},"lastRemoteEphemeralKey":"BZHiF1lDJSDn6jXJN504NrxKuI8mQAZyq2CjwrTY61ZS","previousCounter":0,"rootKey":"na/Efad8IXSPtJRNToZN6e1U4xXJZx0ydTu4Z73Prnk="},"indexInfo":{"baseKey":"BQfbCaf0UlPS1cx2K4falWdpt0EKdIlrlL1SvVCrvUkY","baseKeyType":1,"closed":-1,"used":1721069705372,"created":1721069705372,"remoteIdentityKey":"BTrd9r/is3/Hu9vAEY8NQ8KIJpF2yNdP/6nG9FOEo4sq"},"_chains":{"BfXg0ddU3+O32bqFXbpYpISEi4P0L0xBV4RLI/mhOe97":{"chainKey":{"counter":0,"key":"GQhaXqpgSIm0JP8yELT8eEZjMltmflvPrnFXOabxqTA="},"chainType":1,"messageKeys":{}}},"pendingPreKey":{"signedKeyId":1,"baseKey":"BQfbCaf0UlPS1cx2K4falWdpt0EKdIlrlL1SvVCrvUkY","preKeyId":842}}},"version":"v1"}