{"_sessions":{"BabjvIRapfJcXI3mhYwzXnwUiZTYeXXmpo53MHo1k+so":{"registrationId":229,"currentRatchet":{"ephemeralKeyPair":{"pubKey":"BbhtXT3Lv/YArO1XBkp+RrVyH/7+A9QzMNgIq5zkx34M","privKey":"YCMy2v7EY2x0s4a/W4DJZgVhWmRCbSd4ds1Q84hcWls="},"lastRemoteEphemeralKey":"BbsHcNsfROsgbm8kS+g2yt1qnA9hSFx+JkzFBCwPEIAP","previousCounter":0,"rootKey":"tX+DcMnemSI3AmX3ElkXAhwp06+iU3wYq5JgNL4tWEU="},"indexInfo":{"baseKey":"BabjvIRapfJcXI3mhYwzXnwUiZTYeXXmpo53MHo1k+so","baseKeyType":1,"closed":-1,"used":1721051170364,"created":1721051170364,"remoteIdentityKey":"BXSkGbW/xHL4Iy77Z4brhloW3c5UbyIrDvdlCmUqiS9r"},"_chains":{"BbhtXT3Lv/YArO1XBkp+RrVyH/7+A9QzMNgIq5zkx34M":{"chainKey":{"counter":40,"key":"qBZuZcVImnk7Gd/l2xjAUJbWOPK7IMUvclaLMTDdvTk="},"chainType":1,"messageKeys":{}}},"pendingPreKey":{"signedKeyId":1,"baseKey":"BabjvIRapfJcXI3mhYwzXnwUiZTYeXXmpo53MHo1k+so"}}},"version":"v1"}