{"_sessions":{"BdOVKCHuD1CYOs2gtxTyTGUHchAqfeTgoV+WAevRq+QO":{"registrationId":2088610421,"currentRatchet":{"ephemeralKeyPair":{"pubKey":"BWuVSdbgugwP7eFTaobP7k1h3+dnTah4t+mCDmOHw0gv","privKey":"cFK6hEuf1OQJCHGbGlPFcyFT7FnmFa90YGEQg6NgCEU="},"lastRemoteEphemeralKey":"BQSiMoCWT0qbyKpKXGHUomDPwrKW8iE9ykyIyVcmL+4M","previousCounter":0,"rootKey":"0RVyWardfctl8YosV96N6AASBRBrRJ2SEFs6gmdX+5k="},"indexInfo":{"baseKey":"BdOVKCHuD1CYOs2gtxTyTGUHchAqfeTgoV+WAevRq+QO","baseKeyType":1,"closed":-1,"used":1721051170852,"created":1721051170852,"remoteIdentityKey":"Bd/6pV+fXPS8RY5LV/A3dtguk/HZGalA/eeLl10uSBQZ"},"_chains":{"BWuVSdbgugwP7eFTaobP7k1h3+dnTah4t+mCDmOHw0gv":{"chainKey":{"counter":131,"key":"+54OwecPe6fdd+i9ZF2cyUil3oCytdgeDphpu9QLUCE="},"chainType":1,"messageKeys":{}}},"pendingPreKey":{"signedKeyId":0,"baseKey":"BdOVKCHuD1CYOs2gtxTyTGUHchAqfeTgoV+WAevRq+QO","preKeyId":10009863}}},"version":"v1"}