{"_sessions":{"BRFT344++o0cr2hZ8kppLOtof/NcKNFoLgKkj+ojppI7":{"registrationId":572222516,"currentRatchet":{"ephemeralKeyPair":{"pubKey":"BRxWzm90AgQMtg+PxlYq+yuQQX14nlPP4VZRqcxVB1gl","privKey":"yBxLda31kFGFNSo4Rju1qe2uWIDN/IJJ729xKv+ZZVE="},"lastRemoteEphemeralKey":"BWWkbWZZ37sGiv9DXahNS+6SDSuqWZZLOnECmocjN1dw","previousCounter":45,"rootKey":"FYdQCeoHyFE0x7K+K+wdD3nzc7+2tuNpJauyNn5SShA="},"indexInfo":{"baseKey":"BRFT344++o0cr2hZ8kppLOtof/NcKNFoLgKkj+ojppI7","baseKeyType":1,"closed":-1,"used":1721121120034,"created":1721051170747,"remoteIdentityKey":"BeHBdqo5znd7wtCUKMr0TgRXaMToHNg0zyD79zcldfgz"},"_chains":{"BWWkbWZZ37sGiv9DXahNS+6SDSuqWZZLOnECmocjN1dw":{"chainKey":{"counter":0,"key":"q2qrT98EPR00PzOWVzWXj3YEycq5jwJSKNRx/l/XgcU="},"chainType":2,"messageKeys":{}},"BRxWzm90AgQMtg+PxlYq+yuQQX14nlPP4VZRqcxVB1gl":{"chainKey":{"counter":1,"key":"pMCJqGQvtW7IgD/OUAu2fSlNJ/KhCf7urnQDj+lihZA="},"chainType":1,"messageKeys":{}}}}},"version":"v1"}