{"_sessions":{"BbCOTH0JrfQZr+HA/M+76DpIO/hcywGQRtU7MBWNL0UJ":{"registrationId":86,"currentRatchet":{"ephemeralKeyPair":{"pubKey":"Bb1h1qnZB5imtDzjBDco6DhcHkNZzOX2Wv6HKhID0uRb","privKey":"CHxeykhbnPjd9QgGiQRmpyV9lQzl5qINcCq6FKCI53U="},"lastRemoteEphemeralKey":"BUU2UXAYYKSRy6yQ1O6Zwq/whkK0xu8jSL1eHlRF218D","previousCounter":0,"rootKey":"85/Q8+1VePZuD6mQ2ySwd28CQdhTW4j8jOfvIEf7Z0U="},"indexInfo":{"baseKey":"BbCOTH0JrfQZr+HA/M+76DpIO/hcywGQRtU7MBWNL0UJ","baseKeyType":1,"closed":-1,"used":1721128707826,"created":1721128707826,"remoteIdentityKey":"Ba2F02Gl4xbbn8STpvQ6yyEkHZ9+iipXCWd0WS0dUhp1"},"_chains":{"Bb1h1qnZB5imtDzjBDco6DhcHkNZzOX2Wv6HKhID0uRb":{"chainKey":{"counter":36,"key":"Cu1lUQeOIuMPmQFSN33faGHBr8fXB7jOp0LnMPoFzZM="},"chainType":1,"messageKeys":{}}},"pendingPreKey":{"signedKeyId":1,"baseKey":"BbCOTH0JrfQZr+HA/M+76DpIO/hcywGQRtU7MBWNL0UJ","preKeyId":58}}},"version":"v1"}