{"_sessions":{"BV/hqoQPudRjr5bkj+s/NbaM/CYxQqV1DtD2/ioc+PFx":{"registrationId":465697210,"currentRatchet":{"ephemeralKeyPair":{"pubKey":"BfMNM0HoO/u5ByU9xStWeso9UXQthtMlE03jvkL1tv1E","privKey":"qJB+kXU+PEqsJhMd+YUGptlMczpE32qCj4/rXbTK+l4="},"lastRemoteEphemeralKey":"Bav4x/t5Pb65dlIYp0sUCXzvwutFNeow7pAaABymFEte","previousCounter":0,"rootKey":"9GeY/tWxYXJ0u2IIlw7IF99l0lLRfR3xZxcukCoY8ds="},"indexInfo":{"baseKey":"BV/hqoQPudRjr5bkj+s/NbaM/CYxQqV1DtD2/ioc+PFx","baseKeyType":1,"closed":-1,"used":1721061609818,"created":1721061609818,"remoteIdentityKey":"BeSDjdvkK/7Kw9hAPUiHboXAH9dPtzZU/rlOUZMS811V"},"_chains":{"BfMNM0HoO/u5ByU9xStWeso9UXQthtMlE03jvkL1tv1E":{"chainKey":{"counter":4,"key":"trShSiYqI5zVbetOwaLTpU8XERyFvvGVKUXnX5mxTok="},"chainType":1,"messageKeys":{}}},"pendingPreKey":{"signedKeyId":5,"baseKey":"BV/hqoQPudRjr5bkj+s/NbaM/CYxQqV1DtD2/ioc+PFx","preKeyId":6123213}}},"version":"v1"}