{"_sessions":{"BUtRTt1rQAN88DVGVSeuRXlNNwhiMjunUmP/gzJBjTIU":{"registrationId":1413999691,"currentRatchet":{"ephemeralKeyPair":{"pubKey":"BQfO86v6fpjMwbOlmVfvdfzDnM1StfgceEe+6sBsjxpR","privKey":"gBwyZHA0c0lERyeOwetsANdn4jumW1n0o3AxgN3eqHM="},"lastRemoteEphemeralKey":"BUkobxo+cUCdWPIgjrpkLE11Ex3V7vyVvmDAlBBhm20M","previousCounter":0,"rootKey":"eZRSpVMxwmsuHLsppoOWhjstms205eYa6BOOgHbc53s="},"indexInfo":{"baseKey":"BUtRTt1rQAN88DVGVSeuRXlNNwhiMjunUmP/gzJBjTIU","baseKeyType":1,"closed":-1,"used":1721059323123,"created":1721059323123,"remoteIdentityKey":"BcKlUDBP/7LJh55+uC6dnXzaUopDBYfJMK6x7lDBnTVc"},"_chains":{"BQfO86v6fpjMwbOlmVfvdfzDnM1StfgceEe+6sBsjxpR":{"chainKey":{"counter":5,"key":"Xhwuwlyh1Km/JuHgE7iBjXh/Ugu5Bs+xuSGRo2va+Vs="},"chainType":1,"messageKeys":{}}},"pendingPreKey":{"signedKeyId":0,"baseKey":"BUtRTt1rQAN88DVGVSeuRXlNNwhiMjunUmP/gzJBjTIU","preKeyId":1255684}}},"version":"v1"}