{"_sessions":{"BW2K8+qn4nf91COPwHHeFS+3smGtu1NT8sMWLZLObttc":{"registrationId":1455146743,"currentRatchet":{"ephemeralKeyPair":{"pubKey":"Bct4oPB2YhWVyq8YuWo+q6Akc/moZRfdpuuEAjbHKh0v","privKey":"eHdn4q2nge3qlZLOv0vhWoB6PjBOPAAq8TWwWWb7AEc="},"lastRemoteEphemeralKey":"BamWFTwDzhTa6FdEsbXaocmhwA1MVLXEXSm3aN6uuEJm","previousCounter":0,"rootKey":"HmhKwViqc5sOZboAc/WC/d/vR+CC0jpo9cMzJIxfSHI="},"indexInfo":{"baseKey":"BW2K8+qn4nf91COPwHHeFS+3smGtu1NT8sMWLZLObttc","baseKeyType":1,"closed":-1,"used":1721059323144,"created":1721059323144,"remoteIdentityKey":"BUcXSiS+Gt0izxoiLlW+PJE4E8bTU/XFDVKwBoLx2qwk"},"_chains":{"Bct4oPB2YhWVyq8YuWo+q6Akc/moZRfdpuuEAjbHKh0v":{"chainKey":{"counter":10,"key":"1j0dUELGg8TuMz49fkCm3he07OHJv1IfYXP6VcCQ9ZQ="},"chainType":1,"messageKeys":{}}},"pendingPreKey":{"signedKeyId":0,"baseKey":"BW2K8+qn4nf91COPwHHeFS+3smGtu1NT8sMWLZLObttc","preKeyId":882880}}},"version":"v1"}