{"_sessions":{"BfcUUZg82hEVPHz3kJ+ZteGcm3BTs8lF8fm1RunyKhZW":{"registrationId":61,"currentRatchet":{"ephemeralKeyPair":{"pubKey":"BSVeZhMmajzS4YjUqejolYzlwmLAqp5W6Vj35n6z7Cgq","privKey":"8Hc3N7tPHyrf6w9ZFencB2knAGusbFSvfxdsgJtixVc="},"lastRemoteEphemeralKey":"BQOoNHmvYgL+0cqU9LK+SckmGCZd6KGbzeRxGcarztAb","previousCounter":2,"rootKey":"9M/selPKSIUKoPIDWFgCiZ6tUmxv2R0MqIfWW04z6oY="},"indexInfo":{"baseKey":"BfcUUZg82hEVPHz3kJ+ZteGcm3BTs8lF8fm1RunyKhZW","baseKeyType":2,"closed":-1,"used":1721134956139,"created":1721113721499,"remoteIdentityKey":"BVBK25bQHlip5QSUkgKF74LQHSom9TCv+JYrD49hWRsu"},"_chains":{"BcnH/HV25nfxdOLDPlwkQiVW58XzxpsCmOYZxgR7qxZx":{"chainKey":{"counter":1},"chainType":2,"messageKeys":{}},"BQOoNHmvYgL+0cqU9LK+SckmGCZd6KGbzeRxGcarztAb":{"chainKey":{"counter":0,"key":"oMugPTUdD3r7hAS3qKxnz0Qa4il4nar/tkeYbwgHjjQ="},"chainType":2,"messageKeys":{}},"BSVeZhMmajzS4YjUqejolYzlwmLAqp5W6Vj35n6z7Cgq":{"chainKey":{"counter":0,"key":"5Op7FqUlojiwtoprwseYrq4hKdC2xFmX45qivFAi3m4="},"chainType":1,"messageKeys":{}}}}},"version":"v1"}