{"_sessions":{"BZEpk5iTWwBRptebBp76za+tONZ8AR0cFUT4MvV7VRxy":{"registrationId":148,"currentRatchet":{"ephemeralKeyPair":{"pubKey":"BTRYWbv6uQ/4/Y+1wvF+ka1Jba003ApWtFVCGlBEYHVW","privKey":"SDDhmbNYutCVzaZ4K75T4i6+6SYXYrNCof3tuibxTUI="},"lastRemoteEphemeralKey":"BYIsyQ6BfyhupQk/qhIWAG5RkItSnKM/ZjhYC7TK281R","previousCounter":0,"rootKey":"r4pEs7DDzsPfrrCZ8pbdCqPVFOCK2ELjsDoYcBq2PZE="},"indexInfo":{"baseKey":"BZEpk5iTWwBRptebBp76za+tONZ8AR0cFUT4MvV7VRxy","baseKeyType":1,"closed":-1,"used":1721051170250,"created":1721051170250,"remoteIdentityKey":"BcnYU6DNJg+vLJdEo3+JEwBCjjGAorNB65Or/wg1b713"},"_chains":{"BTRYWbv6uQ/4/Y+1wvF+ka1Jba003ApWtFVCGlBEYHVW":{"chainKey":{"counter":130,"key":"tlIuK4tAtLyLH9cPL2rHUVA1HvfKyFsEOUOcgY62tnw="},"chainType":1,"messageKeys":{}}},"pendingPreKey":{"signedKeyId":1,"baseKey":"BZEpk5iTWwBRptebBp76za+tONZ8AR0cFUT4MvV7VRxy"}}},"version":"v1"}