{"_sessions":{"BVWhAD7L5+6imK8tTJjKx5eeOyNDp0P85HP7J4rrtuk8":{"registrationId":1971873264,"currentRatchet":{"ephemeralKeyPair":{"pubKey":"BWq4s4+1H/Ji0CkKKQa1RPP2vgup51kd8P0wICBjYp9O","privKey":"8L4tWaHcTvtDf0uDmiCE8D1URA6lcdQViY0Rn29D7Xo="},"lastRemoteEphemeralKey":"BUP2mqWsaUzupppi5fH/IvuP2DjxC+bXrhUl3z0k4HUd","previousCounter":0,"rootKey":"HRF54pP8llt90lFO7sVLAdVRn80vXFXuodR737bMtXk="},"indexInfo":{"baseKey":"BVWhAD7L5+6imK8tTJjKx5eeOyNDp0P85HP7J4rrtuk8","baseKeyType":1,"closed":-1,"used":1721069705679,"created":1721069705679,"remoteIdentityKey":"BcSgtO8VQ4/a5OfZGZYDoYfvbZK7uibNwyXq48UIg4s9"},"_chains":{"BWq4s4+1H/Ji0CkKKQa1RPP2vgup51kd8P0wICBjYp9O":{"chainKey":{"counter":0,"key":"+rgvGK8OUSdHKWqW+Xl9F+kfxulUVXBnzDKZCRf6cOs="},"chainType":1,"messageKeys":{}}},"pendingPreKey":{"signedKeyId":10,"baseKey":"BVWhAD7L5+6imK8tTJjKx5eeOyNDp0P85HP7J4rrtuk8","preKeyId":2411836}}},"version":"v1"}