{"_sessions":{"Bbvw+ZcBiZEYrDnGa8GdQ/kzR8em+p7nqfV2zNV3W3M8":{"registrationId":310314777,"currentRatchet":{"ephemeralKeyPair":{"pubKey":"BTECcVQI34vnj6RIYpVh2/DUc310eQm0mpenF28iTNxU","privKey":"oIkuLZYdHNjRxEi1Y7oEGhkFATIyk4gyQkNywQDMok4="},"lastRemoteEphemeralKey":"BUMEV5tUjIlK6w5fPyG+anLKhHd86HouLtS6CoJ50FJk","previousCounter":0,"rootKey":"EjqxOxD/2Dnxm0G8yMwKDSKJNYYLzFIAr1kWtZuKf7E="},"indexInfo":{"baseKey":"Bbvw+ZcBiZEYrDnGa8GdQ/kzR8em+p7nqfV2zNV3W3M8","baseKeyType":1,"closed":-1,"used":1721059322813,"created":1721059322813,"remoteIdentityKey":"BU3X8cnUwXKnFqhyV4UdI0wwFN+KVwMjBAXryPNGndxy"},"_chains":{"BTECcVQI34vnj6RIYpVh2/DUc310eQm0mpenF28iTNxU":{"chainKey":{"counter":10,"key":"TC7YZ7puacdKOuwYKQGwErv3jl2BgzOFuASHjtobiJg="},"chainType":1,"messageKeys":{}}},"pendingPreKey":{"signedKeyId":6,"baseKey":"Bbvw+ZcBiZEYrDnGa8GdQ/kzR8em+p7nqfV2zNV3W3M8","preKeyId":3540}}},"version":"v1"}