{"_sessions":{"BbCVN0TjRcUYrbxFulY3xuhBwEswktELpeF/Tu39+9BW":{"registrationId":19,"currentRatchet":{"ephemeralKeyPair":{"pubKey":"BUaJibUctQ09rZ4tUEJ8yxPdOUwe6djMv1XYT6t6G3Al","privKey":"uF39nUuRCwQmBrI6ysHDjDhu829x0EjjU2wRvBkTq1g="},"lastRemoteEphemeralKey":"BRT0idQM7vGGXCC3YpIO8rXcGWZ7HqJ+IttDktLskvl0","previousCounter":0,"rootKey":"CvCkCnFheQJBhijF/O+aS5CxWqyTBSJihZSu8TmYeQo="},"indexInfo":{"baseKey":"BbCVN0TjRcUYrbxFulY3xuhBwEswktELpeF/Tu39+9BW","baseKeyType":2,"closed":-1,"used":1720984429443,"created":1720984429443,"remoteIdentityKey":"BUDxbh7ZmG6ZLKbj25le2T8Uk59OUobVvnEPtNNnc85I"},"_chains":{"BRT0idQM7vGGXCC3YpIO8rXcGWZ7HqJ+IttDktLskvl0":{"chainKey":{"counter":7,"key":"4apdf+ZIQCGOrCO7VWekqkfpP8KT1xc9PZAuQACO828="},"chainType":2,"messageKeys":{}},"BUaJibUctQ09rZ4tUEJ8yxPdOUwe6djMv1XYT6t6G3Al":{"chainKey":{"counter":587,"key":"tF1Rrt33iPk27Rlzy67o+I2DH9T9ygUlkW9UORmaGMI="},"chainType":1,"messageKeys":{}}}}},"version":"v1"}