{"_sessions":{"BR9tJkz6oAbL4rgfCxsTfef7S7Ib7AnTtaeIJNUa+zAl":{"registrationId":2136623499,"currentRatchet":{"ephemeralKeyPair":{"pubKey":"BZsOckxrDiJYkUE0xWIVNAd0RkYAdAbOtKoYedtygz83","privKey":"SK2fQlmOZpdggl3jKS5Ypfli1eRShjN7vqA+W7cLA1w="},"lastRemoteEphemeralKey":"BRfkCVU9WBSd2og3kdwdTEt1zOxYQGlMeARY93ypfpsi","previousCounter":1,"rootKey":"Mbp+pgU/koLVq4kn6xcFeRpWQusTCBAB+EGSX1W2z/E="},"indexInfo":{"baseKey":"BR9tJkz6oAbL4rgfCxsTfef7S7Ib7AnTtaeIJNUa+zAl","baseKeyType":1,"closed":-1,"used":1721076403622,"created":1721074791768,"remoteIdentityKey":"BcU5CH/H2ihC8RYyGKCMslLRIicinkYKoA6Xanu1g9Aj"},"_chains":{"BU4sX0YmY5kyIAZPNR1TA0418sPYCZIlQutUM17EMWhY":{"chainKey":{"counter":0},"chainType":2,"messageKeys":{}},"BRfkCVU9WBSd2og3kdwdTEt1zOxYQGlMeARY93ypfpsi":{"chainKey":{"counter":2,"key":"ws9BwX4xlTrGqFfdA4tnR9S3EAS/nU3WWfOKSM6vcn8="},"chainType":2,"messageKeys":{}},"BZsOckxrDiJYkUE0xWIVNAd0RkYAdAbOtKoYedtygz83":{"chainKey":{"counter":96,"key":"35CVEB6Q6X+eenJpse00z/pbcOoqgCg9QUQXTkMDq24="},"chainType":1,"messageKeys":{}}}}},"version":"v1"}