{"_sessions":{"Bc5m33dBakVz9bAaaXxrPQzz8EJLJjhVVNvQYrYe4Q9p":{"registrationId":1786611582,"currentRatchet":{"ephemeralKeyPair":{"pubKey":"BSaNyl4QYPAwABRPgaczthlKzD51pT576/1jAphdgm5L","privKey":"SFlN1ZsC0sRlCtCfcvMRHsnBnOJ1P8uZDLJf5RoIVXU="},"lastRemoteEphemeralKey":"BdnaRVkLsDk2/FJJFgaC685FuBbLBk6/54F/qocCQTx6","previousCounter":0,"rootKey":"Ict91/eaoDt2i+l/uKNICiu5mXe1ge0BCX7ak2bgfrs="},"indexInfo":{"baseKey":"Bc5m33dBakVz9bAaaXxrPQzz8EJLJjhVVNvQYrYe4Q9p","baseKeyType":1,"closed":-1,"used":1721069705435,"created":1721069705435,"remoteIdentityKey":"BaIbiAvwlOclGAv7UqZKRPfgzFSrIBdmKbcxRlZNOM8Z"},"_chains":{"BSaNyl4QYPAwABRPgaczthlKzD51pT576/1jAphdgm5L":{"chainKey":{"counter":0,"key":"BCC82Upp+/PDTjSgXHeQFor4QimRyTAL+QefK68VsgY="},"chainType":1,"messageKeys":{}}},"pendingPreKey":{"signedKeyId":13,"baseKey":"Bc5m33dBakVz9bAaaXxrPQzz8EJLJjhVVNvQYrYe4Q9p","preKeyId":4370273}}},"version":"v1"}