{"_sessions":{"BdYx9ScHYWuLazrwXrxfrxycFeqcXDL36vazSvQ3bj00":{"registrationId":180,"currentRatchet":{"ephemeralKeyPair":{"pubKey":"BZb9+RVX4Zld8marxQYzVHTkLlb2wgtoeRhW6nfSKGNO","privKey":"kOZ06EYYUmDaUlTKZIUBz1d6GE9tJknSsF01dZthpmo="},"lastRemoteEphemeralKey":"BVDbxzWj7JQdeJUXC4r5HajbB+32i/yjNZPBWoy73tkb","previousCounter":0,"rootKey":"tFaFyX1Ff5j2u7KlJRm3TZE6DK2L431quon/UbVWoAE="},"indexInfo":{"baseKey":"BdYx9ScHYWuLazrwXrxfrxycFeqcXDL36vazSvQ3bj00","baseKeyType":1,"closed":-1,"used":1721059322825,"created":1721059322825,"remoteIdentityKey":"BS8jool6HwWxVRjQtEmo1+lgnHt1J73fUvqBhQIwXSVQ"},"_chains":{"BZb9+RVX4Zld8marxQYzVHTkLlb2wgtoeRhW6nfSKGNO":{"chainKey":{"counter":5,"key":"maVqRCZ0EaMalqe9svDKb13VhbPWE5CwJxaM37HpXU8="},"chainType":1,"messageKeys":{}}},"pendingPreKey":{"signedKeyId":1,"baseKey":"BdYx9ScHYWuLazrwXrxfrxycFeqcXDL36vazSvQ3bj00"}}},"version":"v1"}