{"_sessions":{"BVCzJvgXok62mIpM0Gk+gx/SyAMU3Fc6Ro++ykSeNMAC":{"registrationId":1186886165,"currentRatchet":{"ephemeralKeyPair":{"pubKey":"BdQ2GkEqh79KnLoTDGUaYV1M0E1VpIAM77ee+KgO0Jxa","privKey":"QGzdPkK0PqBYk2qxNxiFrXAQSCHYavRxnvYxIYtINkI="},"lastRemoteEphemeralKey":"BUG/MAD8g1Tm3WSq9B1kNT4kmgruCL/EglAvfAYAkBZL","previousCounter":0,"rootKey":"ilFY//NSN5Y4E2AOXcVpQrw0feQRlzJTXx9/YkSkOaE="},"indexInfo":{"baseKey":"BVCzJvgXok62mIpM0Gk+gx/SyAMU3Fc6Ro++ykSeNMAC","baseKeyType":1,"closed":-1,"used":1721069705653,"created":1721069705653,"remoteIdentityKey":"BXD+NqZ0Tozqn34/bnjdQaJErQKxhCl6st1GehaPwy4s"},"_chains":{"BdQ2GkEqh79KnLoTDGUaYV1M0E1VpIAM77ee+KgO0Jxa":{"chainKey":{"counter":0,"key":"7LOCvUHbyujJdhluUzDXaHDb8TpK6xqkehUNJrNQLII="},"chainType":1,"messageKeys":{}}},"pendingPreKey":{"signedKeyId":15,"baseKey":"BVCzJvgXok62mIpM0Gk+gx/SyAMU3Fc6Ro++ykSeNMAC","preKeyId":12135700}}},"version":"v1"}