{"_sessions":{"BbhMcqsUR7wmh29sBGhUaOQPR1g+1C+NUsOOigiiHmca":{"registrationId":712807009,"currentRatchet":{"ephemeralKeyPair":{"pubKey":"BTwMAEN+W/PtJMMTJyqzekXTAQOAcNOh5bqTLhIHUoRk","privKey":"aCb2m2XFUJJ1vkLwTxB+/JZsLmfe4JfPkl01WpthV34="},"lastRemoteEphemeralKey":"BX5YcV2EsBiJdrGWOefT7NnuWqJpo8YItoQ03hMHH7g3","previousCounter":0,"rootKey":"vbSQBwCluB3hEHNHkyCxW2KBJIBwn4HnlzTaLGRXGAw="},"indexInfo":{"baseKey":"BbhMcqsUR7wmh29sBGhUaOQPR1g+1C+NUsOOigiiHmca","baseKeyType":1,"closed":-1,"used":1721051171130,"created":1721051171130,"remoteIdentityKey":"BQ/RGZ/kNuBmjuvnmiwWxlxK+NC9r9hVyCa8FrTRHg4l"},"_chains":{"BTwMAEN+W/PtJMMTJyqzekXTAQOAcNOh5bqTLhIHUoRk":{"chainKey":{"counter":130,"key":"KE9FLDXyfHD36jx2Vbdcah7gxY7dP4DX4wWliEkyC2I="},"chainType":1,"messageKeys":{}}},"pendingPreKey":{"signedKeyId":6,"baseKey":"BbhMcqsUR7wmh29sBGhUaOQPR1g+1C+NUsOOigiiHmca","preKeyId":11737853}}},"version":"v1"}