{"_sessions":{"BbuqloZgubdDwkbwE/jpR/oVkhot712Iq6mQihT7aEch":{"registrationId":316502212,"currentRatchet":{"ephemeralKeyPair":{"pubKey":"BXv/oGFe8u5zmP8B1Zukl9B2H6IBQTAdpLiYIESPqKgV","privKey":"2KQA2gRoccTQYxpsBNwOwQTMv9ZjDisWSdD4AYRvlGc="},"lastRemoteEphemeralKey":"Be3NgTxrT1qpcaohqyjxYx2udFFR0hD58DqKC7A/FNt/","previousCounter":1,"rootKey":"ybqdx1/kA0fjbZBb2TvHgj20tB0VjNtPdUgqeMkqzNs="},"indexInfo":{"baseKey":"BbuqloZgubdDwkbwE/jpR/oVkhot712Iq6mQihT7aEch","baseKeyType":1,"closed":-1,"used":1721128515350,"created":1721059323152,"remoteIdentityKey":"BRhaCfHDxd7MYR9EXOaamb+asbO8WCFbxKJfH63f3Zd6"},"_chains":{"Be3NgTxrT1qpcaohqyjxYx2udFFR0hD58DqKC7A/FNt/":{"chainKey":{"counter":0,"key":"n2eCKLJBNsn9IvHV4t46gtxuKoNHx33/5JqfxAdxiN0="},"chainType":2,"messageKeys":{}},"BXv/oGFe8u5zmP8B1Zukl9B2H6IBQTAdpLiYIESPqKgV":{"chainKey":{"counter":3,"key":"a4wgIUXlxfMsCr5awFjAiyb3BFZnGZ6ebaydHTnAHBI="},"chainType":1,"messageKeys":{}}}}},"version":"v1"}