{"_sessions":{"BWsZCGooIjA/8CgQ8sBCBjq4Je7idKxjaVenLSeF91cN":{"registrationId":1904440851,"currentRatchet":{"ephemeralKeyPair":{"pubKey":"BQ9Sc+kMJV+Ag4QBkZHd/IEtv3IJH2wlBQTaGDneIrtq","privKey":"4IcI0yPvl91sWxd9K9OTnN9gOcc4320SEMQ8FgX3RE0="},"lastRemoteEphemeralKey":"BWGRW+azp8g4XWvLoaMcixo23iEBpnRxOINmUwEGJJEG","previousCounter":0,"rootKey":"2CmSDLE/ukeu16whEaB59ZAbSZ5b+/gX6wVUdZPnYdc="},"indexInfo":{"baseKey":"BWsZCGooIjA/8CgQ8sBCBjq4Je7idKxjaVenLSeF91cN","baseKeyType":1,"closed":-1,"used":1721051170633,"created":1721051170633,"remoteIdentityKey":"BZNAwWqYB8TFcb5J2oyyHyHt69AqzxuYDQatU1Ac2jQZ"},"_chains":{"BQ9Sc+kMJV+Ag4QBkZHd/IEtv3IJH2wlBQTaGDneIrtq":{"chainKey":{"counter":131,"key":"OrBvoDENT7yzM8qR6RNo0THHAECkTk2WFMGnIhBIQNs="},"chainType":1,"messageKeys":{}}},"pendingPreKey":{"signedKeyId":2,"baseKey":"BWsZCGooIjA/8CgQ8sBCBjq4Je7idKxjaVenLSeF91cN","preKeyId":3168658}}},"version":"v1"}