{"_sessions":{"BRzP4xVnFjtJi5NOPUpp//AgAyzGFqcPoso2ZyI0YPw1":{"registrationId":1316030625,"currentRatchet":{"ephemeralKeyPair":{"pubKey":"BbzaHm4RnjrFRgVsgQZwaOdD0b161EB2Vis9MGMWj6JV","privKey":"MC1KxjWjVtwPoabyIXVqxX8sysTvPvuFzh6m7ywehEY="},"lastRemoteEphemeralKey":"Bfpmpc8sn13/ieSi15CmpEONKkN9etas3UOJUhHJ0KtI","previousCounter":0,"rootKey":"hikj51AXj9Oom6Q5gbQ8iJSLV27n4QpzzOUzYsMRn7U="},"indexInfo":{"baseKey":"BRzP4xVnFjtJi5NOPUpp//AgAyzGFqcPoso2ZyI0YPw1","baseKeyType":1,"closed":-1,"used":1721061609826,"created":1721061609826,"remoteIdentityKey":"BSP85D4vAeZC0k/FzPB0upKnqnFqTcYb4u7kO086P2w1"},"_chains":{"BbzaHm4RnjrFRgVsgQZwaOdD0b161EB2Vis9MGMWj6JV":{"chainKey":{"counter":4,"key":"X3VNBZG1n81LIzphXdL0fG/pi0ID0kbvvVfVkGiP904="},"chainType":1,"messageKeys":{}}},"pendingPreKey":{"signedKeyId":9,"baseKey":"BRzP4xVnFjtJi5NOPUpp//AgAyzGFqcPoso2ZyI0YPw1","preKeyId":5678516}}},"version":"v1"}