{"_sessions":{"BXU1cjvL5uREomB4pwrtkNgxdBm5WcGlaD/R4l+sGWcZ":{"registrationId":2122429628,"currentRatchet":{"ephemeralKeyPair":{"pubKey":"BU6sYfRvVTWMfyPj2+VbSsHPAAO05JCK+H+94Cujmns0","privKey":"yKnEiyjXQDbHDWjUkonTheO3ov3H8gO0T21reyatcXI="},"lastRemoteEphemeralKey":"Bc/29lmc8rBz7ZQuuwEYsToNHTqUWp58NqFcxB+0liRa","previousCounter":0,"rootKey":"d18t253pfvUqJir4LQoZnOJe1OpVJHl+zRndY5csI9Q="},"indexInfo":{"baseKey":"BXU1cjvL5uREomB4pwrtkNgxdBm5WcGlaD/R4l+sGWcZ","baseKeyType":1,"closed":-1,"used":1721051170949,"created":1721051170949,"remoteIdentityKey":"BT+0zTiPOWB0MvvYBE/IOOMtyAJOYAErGslgUZaUcKts"},"_chains":{"BU6sYfRvVTWMfyPj2+VbSsHPAAO05JCK+H+94Cujmns0":{"chainKey":{"counter":130,"key":"HqZC5mNPJSZohSz5JFfqkZMar/da76NDkSoRD0flX5A="},"chainType":1,"messageKeys":{}}},"pendingPreKey":{"signedKeyId":7,"baseKey":"BXU1cjvL5uREomB4pwrtkNgxdBm5WcGlaD/R4l+sGWcZ","preKeyId":3914812}}},"version":"v1"}