{"_sessions":{"BcyCYqFpdL5P2Xr3R+GZJopYDLKRoRjGXdmJ2zHdLGNH":{"registrationId":3875,"currentRatchet":{"ephemeralKeyPair":{"pubKey":"BTdWyV5k5JdqYMKBWWbnOrJ0LuDAhzV+V1/NPJA0e0cR","privKey":"+DKfvknCNzxzXwqbYrH7wkFmNuJzk8K3vRtFfE+InF8="},"lastRemoteEphemeralKey":"BcanQi3TuUvCJRpgqsoBlcJtyUoB6Dam/PKLzkmDmMwV","previousCounter":0,"rootKey":"1nCC6XaZdWe/eofuzCJXp8LyvJnmTaXGq4P26gj/Y88="},"indexInfo":{"baseKey":"BcyCYqFpdL5P2Xr3R+GZJopYDLKRoRjGXdmJ2zHdLGNH","baseKeyType":1,"closed":-1,"used":1721069705375,"created":1721069705375,"remoteIdentityKey":"BTWrf7V0OHMZcHjnK8vr7lWVG4m5yVC3P1iWSRWxQO8y"},"_chains":{"BTdWyV5k5JdqYMKBWWbnOrJ0LuDAhzV+V1/NPJA0e0cR":{"chainKey":{"counter":0,"key":"zDVxg7aBaVUQpbkQ5Sk2magTDwlfoA//QTT9mLtzvKU="},"chainType":1,"messageKeys":{}}},"pendingPreKey":{"signedKeyId":1,"baseKey":"BcyCYqFpdL5P2Xr3R+GZJopYDLKRoRjGXdmJ2zHdLGNH"}}},"version":"v1"}