{"_sessions":{"BVKPA2T7mYd606/Dz8pihTms7qmYkmqZwNUF+ApXGl5X":{"registrationId":69662771,"currentRatchet":{"ephemeralKeyPair":{"pubKey":"BTI/xePoYSD97B/VdCp85RclpGJRPH9bHdo95S5ooIts","privKey":"yMA+M4z6tWts4amF2E47Sdmdz0ViPV9jBjd5DsKtEUQ="},"lastRemoteEphemeralKey":"BXPXl8vPU1i9b9TlYXEDEGlMg3e8F8vN7bjT3ipvA9c9","previousCounter":0,"rootKey":"IZI9aG+rCblQbX5E17bdEXVtuyCoL01czCSanD+lI5I="},"indexInfo":{"baseKey":"BVKPA2T7mYd606/Dz8pihTms7qmYkmqZwNUF+ApXGl5X","baseKeyType":1,"closed":-1,"used":1721061609830,"created":1721061609830,"remoteIdentityKey":"BRt7X2aPLucLG3wRatK00uGb/Rjt78c9iwDDCHOqRv1r"},"_chains":{"BTI/xePoYSD97B/VdCp85RclpGJRPH9bHdo95S5ooIts":{"chainKey":{"counter":4,"key":"PtI5r6HeU4u3IVpoH/oHral3fGfketHGmWr4s3I6AdI="},"chainType":1,"messageKeys":{}}},"pendingPreKey":{"signedKeyId":9625938,"baseKey":"BVKPA2T7mYd606/Dz8pihTms7qmYkmqZwNUF+ApXGl5X","preKeyId":7671}}},"version":"v1"}