{"_sessions":{"BdZBbU62iEZZn+Td0M1XGz+uczxW5YFo7PU8Fc+RPesW":{"registrationId":94,"currentRatchet":{"ephemeralKeyPair":{"pubKey":"BRTcRcM1PWz5e7P7Ame3YJMd5ByFW+7Xtug7IQD6nzdM","privKey":"wIVJIz8UxDEzc9nY3mZQq58gHve1GksebwsEgDsOR3I="},"lastRemoteEphemeralKey":"BTstFoE+IrbMlNSoUn46JNr0NWdibZ01YG09TYpG0Idd","previousCounter":0,"rootKey":"fLMR6OcvMK+ZwHr+AwAAJsKgWRM/zHyNyIP78VCWNDE="},"indexInfo":{"baseKey":"BdZBbU62iEZZn+Td0M1XGz+uczxW5YFo7PU8Fc+RPesW","baseKeyType":1,"closed":-1,"used":1721059322828,"created":1721059322828,"remoteIdentityKey":"BUybDpIHegthuIAcPyeMuoH6MZs6Od73h+UMPeMEtJdS"},"_chains":{"BRTcRcM1PWz5e7P7Ame3YJMd5ByFW+7Xtug7IQD6nzdM":{"chainKey":{"counter":5,"key":"h0WefHQKnjV8k0syxY1/ZYyVm6AQfW068KLAMbnj1wE="},"chainType":1,"messageKeys":{}}},"pendingPreKey":{"signedKeyId":1,"baseKey":"BdZBbU62iEZZn+Td0M1XGz+uczxW5YFo7PU8Fc+RPesW"}}},"version":"v1"}