{"_sessions":{"BcavRrZWZV+utEu/FhxzaYMmHAz5I+eBroNdtfrRbU1f":{"registrationId":393687491,"currentRatchet":{"ephemeralKeyPair":{"pubKey":"Bb/9CLzzDcHEyv1HjEF0Dv9B0sythAlKvt0CMQRGOu9R","privKey":"yHH3YtuuOfxeG+j37wQIrp0TiFcb3/V52YmAmuMaVEs="},"lastRemoteEphemeralKey":"Be01V8EmvQ/reTfvtMERSCtYGuJ4PAoNoDE9Fa35yOE2","previousCounter":48,"rootKey":"WwAKRWrCymXKRm29Yqk2qXTLuQO0f++MP2wRB4YCIlA="},"indexInfo":{"baseKey":"BcavRrZWZV+utEu/FhxzaYMmHAz5I+eBroNdtfrRbU1f","baseKeyType":1,"closed":-1,"used":1721157614835,"created":1721051170967,"remoteIdentityKey":"BbnNHTPUEttxoFpSIJ3fVSac63scuFT/fLad9uOWHMYf"},"_chains":{"BXapnuUmRbCeGel70bSYXS4GTafaT9y3G8rF/yQv+y9G":{"chainKey":{"counter":0},"chainType":2,"messageKeys":{}},"BeGqeTrUqUkvtSMmXX/YZqQm9VFBVBAcqSSuiDnPhsh9":{"chainKey":{"counter":0},"chainType":2,"messageKeys":{}},"Be01V8EmvQ/reTfvtMERSCtYGuJ4PAoNoDE9Fa35yOE2":{"chainKey":{"counter":0,"key":"u1eR4+ug61geBP04oqfUG5RZ65eiopPu7QjNztNOmNk="},"chainType":2,"messageKeys":{}},"Bb/9CLzzDcHEyv1HjEF0Dv9B0sythAlKvt0CMQRGOu9R":{"chainKey":{"counter":-1,"key":"zxc5ffWkyVmR6Vzox9RJQzyrqdu/mrtWqwQ3PQqs1Dw="},"chainType":1,"messageKeys":{}}}}},"version":"v1"}