{"_sessions":{"BYW+WGY9ybHFZ1Eq7EvoiAbFYSPV9k/6g2ihbZz9OLIx":{"registrationId":10605,"currentRatchet":{"ephemeralKeyPair":{"pubKey":"BR+afH3MmwYcgLlr14PAvTUE1BuZzNvfsmrBS5mlAHV9","privKey":"6KtcJQlzKWBYzg8z+jvmoRPFlj8sw6LpB/aJp5voWlQ="},"lastRemoteEphemeralKey":"BXSJVU3Kr9cnLkAbWCQR0KncA9G4Qv6nSqeEA7GcAzEi","previousCounter":0,"rootKey":"1VS+vK3YQPR8NCTntX4DOQO9RuG006EJfLeMcuLnPbY="},"indexInfo":{"baseKey":"BYW+WGY9ybHFZ1Eq7EvoiAbFYSPV9k/6g2ihbZz9OLIx","baseKeyType":1,"closed":-1,"used":1721061609618,"created":1721061609618,"remoteIdentityKey":"BTDiHNjfmdhpqaeG8yfsIVWmVjNr6d7BNnGXLxh+rel5"},"_chains":{"BR+afH3MmwYcgLlr14PAvTUE1BuZzNvfsmrBS5mlAHV9":{"chainKey":{"counter":0,"key":"CYwKHe751Pq9kU23oTO2ooXAmZqN7rVoFC0sP+BVFkc="},"chainType":1,"messageKeys":{}}},"pendingPreKey":{"signedKeyId":1,"baseKey":"BYW+WGY9ybHFZ1Eq7EvoiAbFYSPV9k/6g2ihbZz9OLIx","preKeyId":989}}},"version":"v1"}