{"_sessions":{"BdlcTVKwUk8JoOykN9B2G3nVggI+KpgnBgPpWwNJeUg8":{"registrationId":107,"currentRatchet":{"ephemeralKeyPair":{"pubKey":"BYaesEKrfUUgz1gwKaAFv6sq8XmrUuycN3UeSF8fnwVd","privKey":"4Lui5B1TIwFg001xmHwmnuE7bLMMINrY+7BkJZ+svHM="},"lastRemoteEphemeralKey":"Bf7K+FKORvLOoZDInRKiA9cc/tIfT36EMPMGsM2R9zpf","previousCounter":0,"rootKey":"qGOTc+Fy8MMpucd1epvhM178aPbCVjYzeEXeSskffJw="},"indexInfo":{"baseKey":"BdlcTVKwUk8JoOykN9B2G3nVggI+KpgnBgPpWwNJeUg8","baseKeyType":1,"closed":-1,"used":1721053813172,"created":1721053813172,"remoteIdentityKey":"BZVeLggoaOJExNRsdhBWFyNJAqDUCCupCN0iBM4Fnz9g"},"_chains":{"BYaesEKrfUUgz1gwKaAFv6sq8XmrUuycN3UeSF8fnwVd":{"chainKey":{"counter":104,"key":"deKw/ui9u3pnM39/4v9CMP19xIKLyP88rjxr5jpGsu4="},"chainType":1,"messageKeys":{}}},"pendingPreKey":{"signedKeyId":1,"baseKey":"BdlcTVKwUk8JoOykN9B2G3nVggI+KpgnBgPpWwNJeUg8"}}},"version":"v1"}