{"_sessions":{"BeSWUTOvd/JftYX9ZmlAfV6OCnvW0F1vkYrYGjjnsScI":{"registrationId":1395062582,"currentRatchet":{"ephemeralKeyPair":{"pubKey":"BY5F1Z6ztSaTOMoJ+3qFrcx2oC9qItJTOjWAuLFvLe1j","privKey":"iGIOa8CbiCDwl04FFTrckWkUe0w0JjXg9id436orXls="},"lastRemoteEphemeralKey":"Bed6Hp//Gj+hf1+RjUJNbYXbPl9XFLZn4JJIBPwzUNYk","previousCounter":0,"rootKey":"o8Ua6iJt94bUbptS+33y0R1UBN+mWLL/lSRhNZQkxzQ="},"indexInfo":{"baseKey":"BeSWUTOvd/JftYX9ZmlAfV6OCnvW0F1vkYrYGjjnsScI","baseKeyType":2,"closed":1721118963085,"used":1721108146058,"created":1721108146058,"remoteIdentityKey":"BTqhjzo1kxdGJVMgAU567HSaGG9c9fDtHyDpOfLONg0r"},"_chains":{"Bed6Hp//Gj+hf1+RjUJNbYXbPl9XFLZn4JJIBPwzUNYk":{"chainKey":{"counter":0,"key":"J/iYb428OPl5tNun+lzpJM0rCf94V7+99BMUdTYi4PU="},"chainType":2,"messageKeys":{}},"BY5F1Z6ztSaTOMoJ+3qFrcx2oC9qItJTOjWAuLFvLe1j":{"chainKey":{"counter":0,"key":"DTwXxO587zApfk+H6YcPESB2F3PsMqQOvT5ZTggJiM8="},"chainType":1,"messageKeys":{}}}},"BSvro/wmk4wLgS6OFQhL180idMaWxXiW4lq95lRVFGxI":{"registrationId":1395062582,"currentRatchet":{"ephemeralKeyPair":{"pubKey":"BZ3JrfqgvrfVQxer9DOah8tNAxxtEhVmqEbe97fQesU+","privKey":"UJA5OQnipYyjeeFHoLKnZER4+WQYRmluFHc+wJZc91w="},"lastRemoteEphemeralKey":"BVW4xYYaqbL7hKNrHXP2fg8ptvphG2LU24QQKEOaH/cz","previousCounter":0,"rootKey":"EB/JQmzh13p54jFCZ6U+1T54klxrVAJI591Ys+h6AkY="},"indexInfo":{"baseKey":"BSvro/wmk4wLgS6OFQhL180idMaWxXiW4lq95lRVFGxI","baseKeyType":1,"closed":-1,"used":1721118963082,"created":1721118963082,"remoteIdentityKey":"BTqhjzo1kxdGJVMgAU567HSaGG9c9fDtHyDpOfLONg0r"},"_chains":{"BZ3JrfqgvrfVQxer9DOah8tNAxxtEhVmqEbe97fQesU+":{"chainKey":{"counter":86,"key":"j+LJx4NWmCkdLPaW4X0q5LenmLksIv84E/BYL6soJno="},"chainType":1,"messageKeys":{}}},"pendingPreKey":{"signedKeyId":1,"baseKey":"BSvro/wmk4wLgS6OFQhL180idMaWxXiW4lq95lRVFGxI","preKeyId":29}}},"version":"v1"}