{"_sessions":{"BRUCEFouOOihKT3JtMK4barc7PLPsu+GBiQI+72VyUkV":{"registrationId":53,"currentRatchet":{"ephemeralKeyPair":{"pubKey":"BXVkNCL1t7BTT6yvYaXrg62uEDVL+1QTYuOE0ACDmJ94","privKey":"cGaBbBOI4/1DlwQv8zTFyi0qeF1Azu8EG1+FW0s7zWc="},"lastRemoteEphemeralKey":"BdjHgtioVZQWfz049P8pcmGdOvHSDqypuI2pPmYh6/8+","previousCounter":0,"rootKey":"4sIDM3faqis5iYFsGeWqRzWcH8wchLz+MBDeGVM0Iz4="},"indexInfo":{"baseKey":"BRUCEFouOOihKT3JtMK4barc7PLPsu+GBiQI+72VyUkV","baseKeyType":1,"closed":-1,"used":1721051772190,"created":1721051772190,"remoteIdentityKey":"BergQ9LFXSHgNxLkDX8ruFlykd3NqmW1VET1NLWdx3VN"},"_chains":{"BXVkNCL1t7BTT6yvYaXrg62uEDVL+1QTYuOE0ACDmJ94":{"chainKey":{"counter":0,"key":"tAne/fEwo1lx7ZNkHq6/2XAyiKos06W4fOjS4oBwZrM="},"chainType":1,"messageKeys":{}}},"pendingPreKey":{"signedKeyId":1,"baseKey":"BRUCEFouOOihKT3JtMK4barc7PLPsu+GBiQI+72VyUkV"}}},"version":"v1"}