{"_sessions":{"BXrHnGBlvquzC5IQ2d/h+KMRZPZBfKlj12T+4po8LfQL":{"registrationId":956880427,"currentRatchet":{"ephemeralKeyPair":{"pubKey":"BfHM1Jp7vjLK7kHlGurlOgGYaISf9mMTA6RIu+JoODZF","privKey":"WFUyEbe3s6VKHozqD3vnwR1dl5rjvnrIDqRtCViQ23A="},"lastRemoteEphemeralKey":"BVkRS3y1akpiqW5K/N7X0kqZxlVEVnlceTzLk9xrrfUv","previousCounter":0,"rootKey":"B0eDRr4gN3P1a8IGpSQu3hYHS2NpJMaLfXfxvwnK00w="},"indexInfo":{"baseKey":"BXrHnGBlvquzC5IQ2d/h+KMRZPZBfKlj12T+4po8LfQL","baseKeyType":1,"closed":-1,"used":1721051170539,"created":1721051170539,"remoteIdentityKey":"BaRgvTztf8a2eE9dL65etFY1Jmi3MZAvLDJRd/5flGlI"},"_chains":{"BfHM1Jp7vjLK7kHlGurlOgGYaISf9mMTA6RIu+JoODZF":{"chainKey":{"counter":131,"key":"NLXnS2YbBYTpnHI540b9n2HESD0EYBFtOV9OJXU/6WU="},"chainType":1,"messageKeys":{}}},"pendingPreKey":{"signedKeyId":0,"baseKey":"BXrHnGBlvquzC5IQ2d/h+KMRZPZBfKlj12T+4po8LfQL","preKeyId":6858207}}},"version":"v1"}