{"_sessions":{"BScYPgjTvKpdsQl+sAy4zA2ZrW0IugoI5+BXLC4V5qlp":{"registrationId":11224,"currentRatchet":{"ephemeralKeyPair":{"pubKey":"BYC9F1HL3Pgxwb/Y7rWhUeZd0C2UqXA1cAb5zIR/34UI","privKey":"QBPO9JrGHVK1BcxvT9bo2U9tcunm4GB2fas7jwLrFUg="},"lastRemoteEphemeralKey":"BWNxJ8ZANY4UlfN/Y+iYhNn0Nc5O0W06tn4vPID5Ia80","previousCounter":0,"rootKey":"oAGwvuzjfc2m2QQQ69PktC87J1XULydbKb0wi5YIjck="},"indexInfo":{"baseKey":"BScYPgjTvKpdsQl+sAy4zA2ZrW0IugoI5+BXLC4V5qlp","baseKeyType":1,"closed":-1,"used":1721061609552,"created":1721061609552,"remoteIdentityKey":"BV1kHvuxa+tb4Ha9k1LhRe1LdxtNPinp8VYDP179L9Yz"},"_chains":{"BYC9F1HL3Pgxwb/Y7rWhUeZd0C2UqXA1cAb5zIR/34UI":{"chainKey":{"counter":4,"key":"vlNf59nGAyGWqm+FJxGHZAcgnqbgyAik9tLArWfp/Tc="},"chainType":1,"messageKeys":{}}},"pendingPreKey":{"signedKeyId":1,"baseKey":"BScYPgjTvKpdsQl+sAy4zA2ZrW0IugoI5+BXLC4V5qlp"}}},"version":"v1"}