{"_sessions":{"BYvIiJHEMBSI8YNsVvGRbAWN7GzZFwN4DAg5tDmdkwcs":{"registrationId":457076156,"currentRatchet":{"ephemeralKeyPair":{"pubKey":"BWe+DQ2fqGMzgE8+uxkaB1bfqz/JGG3EZvy6x5ExoREc","privKey":"cLEyqCSYiPOkh4oksozppmJcRpvTv18/RDMBKTAMxVg="},"lastRemoteEphemeralKey":"BUd+ToZN4wnQ3UACn4G5lluXVJ0amLreOmQMbalWYNxK","previousCounter":0,"rootKey":"ve7NmoP/VAYX3HJBCoYoQtFazO103JS8vqZ6/nou9Yw="},"indexInfo":{"baseKey":"BYvIiJHEMBSI8YNsVvGRbAWN7GzZFwN4DAg5tDmdkwcs","baseKeyType":1,"closed":-1,"used":1721059323245,"created":1721059323245,"remoteIdentityKey":"BUsE0xhyIH6Quxtb5A99NxsCRhQwuR+IGRjoNdJtC1oN"},"_chains":{"BWe+DQ2fqGMzgE8+uxkaB1bfqz/JGG3EZvy6x5ExoREc":{"chainKey":{"counter":10,"key":"efkL/ivqbH/g/wDSLEc0svkndEzBYk39sxiOfIq2ZgA="},"chainType":1,"messageKeys":{}}},"pendingPreKey":{"signedKeyId":0,"baseKey":"BYvIiJHEMBSI8YNsVvGRbAWN7GzZFwN4DAg5tDmdkwcs","preKeyId":1412293}}},"version":"v1"}