{"_sessions":{"BaQlis+5igm5YkwCqYJvEoSSS5h6GIKDT69LgIUoRp0W":{"registrationId":123,"currentRatchet":{"ephemeralKeyPair":{"pubKey":"BXO76Lhy5/2cnT02utcd22jQwl2OCeeIs6Ruh8Z+tHFT","privKey":"MEhSzkPh7uBFmSxqO5sIKBf7rwolExj2igNWwBUCaEk="},"lastRemoteEphemeralKey":"BROQOAzYYJu3fCC+aKY3JRgsm2iVOTO/RMGpFnL8L14d","previousCounter":0,"rootKey":"zGzzg1A9lWqRNrtjezRIEz18pccJgbF9hRdFJXw/5Cc="},"indexInfo":{"baseKey":"BaQlis+5igm5YkwCqYJvEoSSS5h6GIKDT69LgIUoRp0W","baseKeyType":1,"closed":-1,"used":1721051170351,"created":1721051170351,"remoteIdentityKey":"BZk5nOJytKg64aLM9QYFsjTGgOBB6g0HDrc2LVf/O1JQ"},"_chains":{"BXO76Lhy5/2cnT02utcd22jQwl2OCeeIs6Ruh8Z+tHFT":{"chainKey":{"counter":32,"key":"QB3aJIU4asBDTFZOMBytQwBozNARydY74DGTjeQzvRQ="},"chainType":1,"messageKeys":{}}},"pendingPreKey":{"signedKeyId":1,"baseKey":"BaQlis+5igm5YkwCqYJvEoSSS5h6GIKDT69LgIUoRp0W"}}},"version":"v1"}