{"_sessions":{"Bd+0h0wBCQW3TdXi2rEvT5CGAANd/1BCKnWxaq757o5b":{"registrationId":1334980523,"currentRatchet":{"ephemeralKeyPair":{"pubKey":"Bf9IVWl8W1as15xl67qIAGmGm7px7W8HMQotoMOwAPEO","privKey":"UHFBhtuz4pPRah1fo4Iz8CPVXZHYNv+n/URjra/iaEE="},"lastRemoteEphemeralKey":"Bdc152Oftt5je8KGduWKAJDRWXBiKQlCFjPK3s9X4Mww","previousCounter":0,"rootKey":"lNRdPZ/JXhSPqgHuBotzNBUUMJANtoixsemkFMo9hgE="},"indexInfo":{"baseKey":"Bd+0h0wBCQW3TdXi2rEvT5CGAANd/1BCKnWxaq757o5b","baseKeyType":1,"closed":-1,"used":1721059322837,"created":1721059322837,"remoteIdentityKey":"BVCTBo7+LAx45yy+YqGBz8HQuIZR9pUQZQwn6pCUfhYf"},"_chains":{"Bf9IVWl8W1as15xl67qIAGmGm7px7W8HMQotoMOwAPEO":{"chainKey":{"counter":5,"key":"gzQEh8xcqPsTc7Q2omiKnT69Emyv+D/OBIlLPibDN2Y="},"chainType":1,"messageKeys":{}}},"pendingPreKey":{"signedKeyId":156,"baseKey":"Bd+0h0wBCQW3TdXi2rEvT5CGAANd/1BCKnWxaq757o5b","preKeyId":15318383}}},"version":"v1"}