{"_sessions":{"BWmRWp40TiJJB6UPqQb5qoomYemu2GAphb6FlBNQ7Qlg":{"registrationId":1004697699,"currentRatchet":{"ephemeralKeyPair":{"pubKey":"BTl2DYqrhVhtwsAL/6U2b/KcmC+OJbx25Uip5mEf6xhB","privKey":"6BA7q+rzz3jcqLA31O8vTXRP/QTOvAPuo0EMkWjv4kA="},"lastRemoteEphemeralKey":"Bdb10M5NiyZNunmK1mxif6Xc6Fo6Tde1ICdO7qu/6uAM","previousCounter":84,"rootKey":"144RnUmeNuMI/Y4GWrbgEGYq8ZQHYYX/Hfhx7JwU/jU="},"indexInfo":{"baseKey":"BWmRWp40TiJJB6UPqQb5qoomYemu2GAphb6FlBNQ7Qlg","baseKeyType":1,"closed":-1,"used":1721157680945,"created":1721051170531,"remoteIdentityKey":"BUBzvq1y5hvk9sZfwkgN3G7L1OrJNq+a1OQY22LX7IoB"},"_chains":{"BdjJnoXvOeevnBGCmS6y/ZCcIOsZKGyzRGD7Tp19ldQa":{"chainKey":{"counter":0},"chainType":2,"messageKeys":{}},"BRr8HLlk++brWYzkr6Whz07Se3sazDfLA4Kbz1EMq94/":{"chainKey":{"counter":0},"chainType":2,"messageKeys":{}},"BVETB/lOdFXVvgzaF+PFZS7Ey6sXin/pFRj8yzPbZ0Ja":{"chainKey":{"counter":0},"chainType":2,"messageKeys":{}},"Bdb10M5NiyZNunmK1mxif6Xc6Fo6Tde1ICdO7qu/6uAM":{"chainKey":{"counter":1,"key":"bcjriEmWGdC9jjJ83/fU2+OjERnO3xNghNuVyAxw/Vo="},"chainType":2,"messageKeys":{}},"BTl2DYqrhVhtwsAL/6U2b/KcmC+OJbx25Uip5mEf6xhB":{"chainKey":{"counter":1,"key":"zSfV4hfSh8o53XP1N1DjgWozB15qrYc4Do/EtrrTKrs="},"chainType":1,"messageKeys":{}}}}},"version":"v1"}