{"_sessions":{"BV4ZhxELJvIVlsaZ8kJ1JT7Qp475MJzB4HB/UQ7ltaZy":{"registrationId":1336279824,"currentRatchet":{"ephemeralKeyPair":{"pubKey":"BaqV2B6VDJyKawQYG7fl0uFKhzH0Ueifu3HvsHptKKEc","privKey":"cEtHHn6z2itbxMbBt+g0bJQBCBnHui7qDCmOlH/AxVw="},"lastRemoteEphemeralKey":"BRvrIuSXy5DY2JNB5Ntxx3MDi0VMdeQ7mq2i0PYZxrkZ","previousCounter":130,"rootKey":"E/gFS6kTEPOBvltPEwcazKFATdJWq+fwN6wdONZsQZ8="},"indexInfo":{"baseKey":"BV4ZhxELJvIVlsaZ8kJ1JT7Qp475MJzB4HB/UQ7ltaZy","baseKeyType":1,"closed":-1,"used":1721157573809,"created":1721051171057,"remoteIdentityKey":"BUS1+0zABDCuy4yEnsDEwt1PBRo4LzxUb7lO6OdV+wcx"},"_chains":{"BRvrIuSXy5DY2JNB5Ntxx3MDi0VMdeQ7mq2i0PYZxrkZ":{"chainKey":{"counter":0,"key":"FQ6LqE6UXDAcRzKNTnH9DBsEMEbUQ15Be80rQB2+dRs="},"chainType":2,"messageKeys":{}},"BaqV2B6VDJyKawQYG7fl0uFKhzH0Ueifu3HvsHptKKEc":{"chainKey":{"counter":-1,"key":"jiPfNWFGvHp0a+LN8JjiA40C+jkxNbz+ZcFsVFNy3js="},"chainType":1,"messageKeys":{}}}}},"version":"v1"}