{"_sessions":{"BS2Xb3rN3g8lwLCsdpV620M4USGDMezcbkGWWkRSfi5h":{"registrationId":1375910508,"currentRatchet":{"ephemeralKeyPair":{"pubKey":"BVcDd6fV5GaPWXERyaGcom+oud7yQhRtxsTyY26BKkYo","privKey":"WPP12QVPj+0WOnTEqwbA0Luljsjx0TO3uqX6ptKR62k="},"lastRemoteEphemeralKey":"BZ8qCfNRxg95LJMkJHFWzPuYObaqGIrYG5LiD5mJa2BB","previousCounter":0,"rootKey":"hkXpWrZ/UH+reTC/qqpWYv2bGDO7bdDAvnjmKuujKa4="},"indexInfo":{"baseKey":"BS2Xb3rN3g8lwLCsdpV620M4USGDMezcbkGWWkRSfi5h","baseKeyType":1,"closed":-1,"used":1721051170654,"created":1721051170654,"remoteIdentityKey":"BYxJ4jL+804SYIdoO1hWTgMM8UVXgWNga4NWsyimrNwK"},"_chains":{"BVcDd6fV5GaPWXERyaGcom+oud7yQhRtxsTyY26BKkYo":{"chainKey":{"counter":130,"key":"RSNXDkzWhRfymsvMN+PVOB9WwAkh2ik/Mu/6zjHDpyo="},"chainType":1,"messageKeys":{}}},"pendingPreKey":{"signedKeyId":1,"baseKey":"BS2Xb3rN3g8lwLCsdpV620M4USGDMezcbkGWWkRSfi5h","preKeyId":16053179}}},"version":"v1"}