{"_sessions":{"BTKySppXFmTmT1j99DMig0dU9C/ILTuJ04m7RYu2S4Zo":{"registrationId":203,"currentRatchet":{"ephemeralKeyPair":{"pubKey":"BYuIGK1XoI3mMEpq3izC1ml2zQAo4kU2OLod6UXlICt2","privKey":"0FeCzQOg8Qb1XzGkeacFv40QBt9qAV31Ny94G6GHuEo="},"lastRemoteEphemeralKey":"BfHjOfTOWWUYokdx/3PUAeM7NpkO24ct1a30nnrGK6xs","previousCounter":0,"rootKey":"+No9J+zLmcy+HEKZLVgGLggf+6/WyXL11o8NAPDlCMc="},"indexInfo":{"baseKey":"BTKySppXFmTmT1j99DMig0dU9C/ILTuJ04m7RYu2S4Zo","baseKeyType":1,"closed":-1,"used":1721051170344,"created":1721051170344,"remoteIdentityKey":"Bdr4jw36IXNpJlLpyzNBe4aa7qvaKkv8jvsBOUtzXsZa"},"_chains":{"BYuIGK1XoI3mMEpq3izC1ml2zQAo4kU2OLod6UXlICt2":{"chainKey":{"counter":32,"key":"qkPDhSS/IcaJCJhuyScPRRx9X30832YpAwMW9+4cU/Q="},"chainType":1,"messageKeys":{}}},"pendingPreKey":{"signedKeyId":1,"baseKey":"BTKySppXFmTmT1j99DMig0dU9C/ILTuJ04m7RYu2S4Zo"}}},"version":"v1"}