{"_sessions":{"BdTWhiuGuJvyceB/zLweZ0+jk0ebyPT+/Mh6CPHx1D0S":{"registrationId":729262609,"currentRatchet":{"ephemeralKeyPair":{"pubKey":"BUnfp5kRDBjqA4ghWdGAFsoUBwe0EcnFf+wpyaZWQjRc","privKey":"yDv/zTGW5vesfenseNK/HSJpL/GU/lu1H5UGnb0iL2M="},"lastRemoteEphemeralKey":"BWOmeuzhj75Oye0GaVBMJxDfqGu9o96emUbRG4PEev8I","previousCounter":131,"rootKey":"UCb0jjLJ5oWHZ/vLBAZ9QpY8lEONOpJed42x+SwnL1U="},"indexInfo":{"baseKey":"BdTWhiuGuJvyceB/zLweZ0+jk0ebyPT+/Mh6CPHx1D0S","baseKeyType":1,"closed":-1,"used":1721158014355,"created":1721051171147,"remoteIdentityKey":"Be/9uMpuPtwY6LlyEi2DqIBPdTSfWLBdGBt8LGlA0swg"},"_chains":{"BWOmeuzhj75Oye0GaVBMJxDfqGu9o96emUbRG4PEev8I":{"chainKey":{"counter":0,"key":"8JfbGvWO9qnDpqaOZ8vmuKnnQOxqt1s3LdYIu9WNl30="},"chainType":2,"messageKeys":{}},"BUnfp5kRDBjqA4ghWdGAFsoUBwe0EcnFf+wpyaZWQjRc":{"chainKey":{"counter":-1,"key":"JwuaGs7VpzX0E2iMVffF2XWHwHwz9YmOVaqwdDZdJpA="},"chainType":1,"messageKeys":{}}}}},"version":"v1"}