{"_sessions":{"BREYZqT7ScLf6J/kMeB/0wJdzrHQ5kLGgIwLzyDnzuIJ":{"registrationId":33763161,"currentRatchet":{"ephemeralKeyPair":{"pubKey":"BV4mAaOCqaYwamohQRy85Y5CY72PnLsyW/TOZiUaIYA8","privKey":"EEj/9VUAXi+Dz3+oMfnFXofpA1DohrAfFrZwGx5Ld1M="},"lastRemoteEphemeralKey":"BXusFnH5NNcxAvLlXj0vfsNFFoUfJlgS7b9cjGsXl1gI","previousCounter":0,"rootKey":"iTLODzeRtzE8mSMvNG9Cb5zUUFLAcnZoPVXQtE53aLQ="},"indexInfo":{"baseKey":"BREYZqT7ScLf6J/kMeB/0wJdzrHQ5kLGgIwLzyDnzuIJ","baseKeyType":1,"closed":-1,"used":1721061609615,"created":1721061609615,"remoteIdentityKey":"BYegHLQMmNiCoMpcLgUK6nyflQ1BTvkQf67UssUX3boF"},"_chains":{"BV4mAaOCqaYwamohQRy85Y5CY72PnLsyW/TOZiUaIYA8":{"chainKey":{"counter":4,"key":"ooLtCmu+VOUH4o/wYLa8qS4uCOFOPeMIM3bP9+ArB8g="},"chainType":1,"messageKeys":{}}},"pendingPreKey":{"signedKeyId":1,"baseKey":"BREYZqT7ScLf6J/kMeB/0wJdzrHQ5kLGgIwLzyDnzuIJ","preKeyId":15673187}}},"version":"v1"}