{"_sessions":{"BXzn2W957Vwn4Uv04BDtrYzmzpkTv1p7XBzWpd9853lH":{"registrationId":1738960651,"currentRatchet":{"ephemeralKeyPair":{"pubKey":"BYru4CFfeV/LYNddXcREi1d2fNmL4QTeWOxdiJ4Q61Ft","privKey":"IEdBr2uF9bH54hh4PWDKzRtE5j5HJ+4URcnrseAsCXo="},"lastRemoteEphemeralKey":"Bc0iG2aJNWj1E7PXRMPMLlTLf7H67IEtysOUFi1Lx4w3","previousCounter":0,"rootKey":"K7CqVumfLoGXK1Hg9oNM8fgMKUttuaWBHGWAHXXN9OI="},"indexInfo":{"baseKey":"BXzn2W957Vwn4Uv04BDtrYzmzpkTv1p7XBzWpd9853lH","baseKeyType":1,"closed":-1,"used":1721069705676,"created":1721069705676,"remoteIdentityKey":"BSknCTW16C9ANeLUaSnxjvE9JxoIHLWHTH3VU+eP77cH"},"_chains":{"BYru4CFfeV/LYNddXcREi1d2fNmL4QTeWOxdiJ4Q61Ft":{"chainKey":{"counter":0,"key":"GodDtTOqw9/G705+hk3NR6gQoMIzKpQ/rUVAe6myhDc="},"chainType":1,"messageKeys":{}}},"pendingPreKey":{"signedKeyId":13,"baseKey":"BXzn2W957Vwn4Uv04BDtrYzmzpkTv1p7XBzWpd9853lH","preKeyId":8412537}}},"version":"v1"}