{"_sessions":{"BRbF242CEetF58OMQujFbpZuJSxAlJH7du/tIFsg76JV":{"registrationId":2629,"currentRatchet":{"ephemeralKeyPair":{"pubKey":"BQIPS/nMM3QcdsiEBpDZOOdXS4wla9fQjTJBusRkVQR5","privKey":"cO1PHxuwdSduH/rZ8ZfWN5BAymoJycK5ogYfmuFIE3A="},"lastRemoteEphemeralKey":"BZoL9NCVEs5OwXBUE23Jm7H+jt9RPG2FanDkmLyITBAG","previousCounter":0,"rootKey":"eWiRMeluGgUjbjVryX5b5jk4EkYzZUO6h4gtGLmBWFM="},"indexInfo":{"baseKey":"BRbF242CEetF58OMQujFbpZuJSxAlJH7du/tIFsg76JV","baseKeyType":1,"closed":-1,"used":1721061609627,"created":1721061609627,"remoteIdentityKey":"BeTq0xumQdgwXRkpJBTu6+JNGyQ385m8zxuRJw2EasAK"},"_chains":{"BQIPS/nMM3QcdsiEBpDZOOdXS4wla9fQjTJBusRkVQR5":{"chainKey":{"counter":4,"key":"olE+lvYwF8WEdpqwfVwNGf9CLJqF+Cl8Qpo9XyieVek="},"chainType":1,"messageKeys":{}}},"pendingPreKey":{"signedKeyId":1,"baseKey":"BRbF242CEetF58OMQujFbpZuJSxAlJH7du/tIFsg76JV"}}},"version":"v1"}