{"_sessions":{"BW8i72OuL9CnUCZHVZk9144JQbTwjO+T19YnPy+3xv5m":{"registrationId":36,"currentRatchet":{"ephemeralKeyPair":{"pubKey":"BSMHeTk+AYNro82mIR3RDTh8FAYGVvJNC4J4M/wGq940","privKey":"iMqIYPkMr4WmPy6d2zeHwzGzhbPfCkcu13hzlbXZe04="},"lastRemoteEphemeralKey":"BboqKDTCFIm86/xMj76eyX6HsvOOs0YOB7JPc/hwPt1C","previousCounter":0,"rootKey":"GggLKIXlMixa3BNVpoOleX15ffiyi4WwfaYDArs33Xw="},"indexInfo":{"baseKey":"BW8i72OuL9CnUCZHVZk9144JQbTwjO+T19YnPy+3xv5m","baseKeyType":2,"closed":1721082376548,"used":1721121131629,"created":1721058391844,"remoteIdentityKey":"BcHLazvKq4AsbufsJplNW1BfPd7iyjjy1hkiWOD4JtUf"},"_chains":{"BbPez2sHJDC9FCsgVXwDdroW6RKSFMFAelvVnozvzxha":{"chainKey":{"counter":0},"chainType":2,"messageKeys":{}},"BboqKDTCFIm86/xMj76eyX6HsvOOs0YOB7JPc/hwPt1C":{"chainKey":{"counter":4,"key":"7QwMysmA98pf+zbfSYTL4Hw/3Aebc2g9Qhne2w04sGI="},"chainType":2,"messageKeys":{}},"BSMHeTk+AYNro82mIR3RDTh8FAYGVvJNC4J4M/wGq940":{"chainKey":{"counter":-1,"key":"zgGgNRjefHf2FfWoIAeija4X+EXCjJOT7atj7ZDrssY="},"chainType":1,"messageKeys":{}}}},"BcUplHmP8ptyl3D7artf9jUgXD1Gc7IeN9Ky2cMgZQYB":{"registrationId":36,"currentRatchet":{"ephemeralKeyPair":{"pubKey":"BY6pxVgpehlcxX6jMtK2k1ChOhhsvlEQ/jiEYXYvvuZe","privKey":"KDnlvqHwd3Qppdhv9oUSz//1IXRry1Lr0AfWwjjYj04="},"lastRemoteEphemeralKey":"BboqKDTCFIm86/xMj76eyX6HsvOOs0YOB7JPc/hwPt1C","previousCounter":0,"rootKey":"of5VpFpjaOACRBpOeFMmZ0M8JrJJeh2VfhEh6uqxCFM="},"indexInfo":{"baseKey":"BcUplHmP8ptyl3D7artf9jUgXD1Gc7IeN9Ky2cMgZQYB","baseKeyType":1,"closed":1721082377137,"used":1721082376546,"created":1721082376546,"remoteIdentityKey":"BcHLazvKq4AsbufsJplNW1BfPd7iyjjy1hkiWOD4JtUf"},"_chains":{"BboqKDTCFIm86/xMj76eyX6HsvOOs0YOB7JPc/hwPt1C":{"chainKey":{"counter":0,"key":"7WbfP4SOBYW8PtqpljRE2wehWDV2Gvf0TqKyNLM4Q6s="},"chainType":2,"messageKeys":{}},"BY6pxVgpehlcxX6jMtK2k1ChOhhsvlEQ/jiEYXYvvuZe":{"chainKey":{"counter":-1,"key":"yQWbCwgpxTX+3ndMLIUiBvDDAsvpEBn2Vftq15y+sW8="},"chainType":1,"messageKeys":{}}},"pendingPreKey":{"signedKeyId":1,"baseKey":"BcUplHmP8ptyl3D7artf9jUgXD1Gc7IeN9Ky2cMgZQYB","preKeyId":198}},"BcZzTu2aVJxahaV+ip/nZST7vMhLMpQGrim2bjJLC4QV":{"registrationId":36,"currentRatchet":{"ephemeralKeyPair":{"pubKey":"BWDwOxTG5h8kOfBqlrC4JYTeKTODNqw2CvH6xWYDw2Ay","privKey":"cJqscZ3jShmfKx5xw91bb2zyrUiVJD7l6Y4p/TA6Bls="},"lastRemoteEphemeralKey":"BboqKDTCFIm86/xMj76eyX6HsvOOs0YOB7JPc/hwPt1C","previousCounter":0,"rootKey":"duUiKvLgzoIYF/70+lRmKBictmXzGI7aSXy5Op9oK9k="},"indexInfo":{"baseKey":"BcZzTu2aVJxahaV+ip/nZST7vMhLMpQGrim2bjJLC4QV","baseKeyType":1,"closed":1721082378309,"used":1721082377135,"created":1721082377135,"remoteIdentityKey":"BcHLazvKq4AsbufsJplNW1BfPd7iyjjy1hkiWOD4JtUf"},"_chains":{"BboqKDTCFIm86/xMj76eyX6HsvOOs0YOB7JPc/hwPt1C":{"chainKey":{"counter":0,"key":"hUbHCTDVWqSlhHat6Wo6BjvHZVNHPT/0v688JaY4L6g="},"chainType":2,"messageKeys":{}},"BWDwOxTG5h8kOfBqlrC4JYTeKTODNqw2CvH6xWYDw2Ay":{"chainKey":{"counter":-1,"key":"O3c0trEEcDgsugxp7Ppf8CSNRk5LC5jGiMz6D6FhDhQ="},"chainType":1,"messageKeys":{}}},"pendingPreKey":{"signedKeyId":1,"baseKey":"BcZzTu2aVJxahaV+ip/nZST7vMhLMpQGrim2bjJLC4QV","preKeyId":201}},"BeqmRP1KuRMFISUWD6k8UumfutSRertRkwWTLaBCuylH":{"registrationId":36,"currentRatchet":{"ephemeralKeyPair":{"pubKey":"BcBspuebR8o3W9p+BYBUqapiQyfsrKcnzelA/b8CAlJ1","privKey":"kCDrSApDp8LwMmjWdC5dLYcoyuxMrdUUeOW7Nja730M="},"lastRemoteEphemeralKey":"BboqKDTCFIm86/xMj76eyX6HsvOOs0YOB7JPc/hwPt1C","previousCounter":0,"rootKey":"+8KHPunjOQNdm67/MHsoPdotatoq5OcxWQ/JT7vDxiw="},"indexInfo":{"baseKey":"BeqmRP1KuRMFISUWD6k8UumfutSRertRkwWTLaBCuylH","baseKeyType":1,"closed":1721082378882,"used":1721082378307,"created":1721082378307,"remoteIdentityKey":"BcHLazvKq4AsbufsJplNW1BfPd7iyjjy1hkiWOD4JtUf"},"_chains":{"BboqKDTCFIm86/xMj76eyX6HsvOOs0YOB7JPc/hwPt1C":{"chainKey":{"counter":0,"key":"f5Y+a895PSmgM5OmTPq/z19Y48ODEKDKDdZnQAFCeS4="},"chainType":2,"messageKeys":{}},"BcBspuebR8o3W9p+BYBUqapiQyfsrKcnzelA/b8CAlJ1":{"chainKey":{"counter":-1,"key":"tOQHfUtP63uVjvRDh2R/iMOaLdWnILcbpId/icr5j7o="},"chainType":1,"messageKeys":{}}},"pendingPreKey":{"signedKeyId":1,"baseKey":"BeqmRP1KuRMFISUWD6k8UumfutSRertRkwWTLaBCuylH","preKeyId":203}},"Bdh2DvOwoIr+Q24xwmRISxsAZ3U3mu72mVhDKBp9q1V4":{"registrationId":36,"currentRatchet":{"ephemeralKeyPair":{"pubKey":"BWFfBM57RuM5Ix2uXQ/YceKuh4UHOIH7rLWAphZKei1U","privKey":"0KeZH9QysZTjK5CnepleQ3yL4/SCzTz95fUF32SbZmA="},"lastRemoteEphemeralKey":"BboqKDTCFIm86/xMj76eyX6HsvOOs0YOB7JPc/hwPt1C","previousCounter":0,"rootKey":"Plswzb3jPdmcD3UhuxKsp/mGb7BFNiRyNa9TgzpecZ4="},"indexInfo":{"baseKey":"Bdh2DvOwoIr+Q24xwmRISxsAZ3U3mu72mVhDKBp9q1V4","baseKeyType":1,"closed":1721082379425,"used":1721082378880,"created":1721082378880,"remoteIdentityKey":"BcHLazvKq4AsbufsJplNW1BfPd7iyjjy1hkiWOD4JtUf"},"_chains":{"BboqKDTCFIm86/xMj76eyX6HsvOOs0YOB7JPc/hwPt1C":{"chainKey":{"counter":0,"key":"4aVpTfK2tJEhzATwT8J3LsDqWl7C+K129+fFlndhUnA="},"chainType":2,"messageKeys":{}},"BWFfBM57RuM5Ix2uXQ/YceKuh4UHOIH7rLWAphZKei1U":{"chainKey":{"counter":-1,"key":"+Jw51K7US59a/GB9IMHJoCmKCuRRiOeVDxAoEUQJnug="},"chainType":1,"messageKeys":{}}},"pendingPreKey":{"signedKeyId":1,"baseKey":"Bdh2DvOwoIr+Q24xwmRISxsAZ3U3mu72mVhDKBp9q1V4","preKeyId":179}},"BSxBqydTjH+kdeKRebTSEyLDzF3xs7DTZBiG4acF4hNj":{"registrationId":36,"currentRatchet":{"ephemeralKeyPair":{"pubKey":"BQ9Ma0LHvLJIlMdW9vM5UY6NGiS71/JWvjvOK8fihbBl","privKey":"yCEVHKaIH/rUwY91hOe3tINWpNEd3NSzBas1AaMJv10="},"lastRemoteEphemeralKey":"BboqKDTCFIm86/xMj76eyX6HsvOOs0YOB7JPc/hwPt1C","previousCounter":0,"rootKey":"CNIpWdpHPTxAlaiWSvnrwSNIVwiTmCYmQ4KUOfhI6f0="},"indexInfo":{"baseKey":"BSxBqydTjH+kdeKRebTSEyLDzF3xs7DTZBiG4acF4hNj","baseKeyType":1,"closed":1721128648293,"used":1721082379424,"created":1721082379424,"remoteIdentityKey":"BcHLazvKq4AsbufsJplNW1BfPd7iyjjy1hkiWOD4JtUf"},"_chains":{"BboqKDTCFIm86/xMj76eyX6HsvOOs0YOB7JPc/hwPt1C":{"chainKey":{"counter":0,"key":"/p4rlFuc8A8E3PTxATie3Kkm2HjV6OqRI/3DQK7D5JA="},"chainType":2,"messageKeys":{}},"BQ9Ma0LHvLJIlMdW9vM5UY6NGiS71/JWvjvOK8fihbBl":{"chainKey":{"counter":0,"key":"CypAhd9usIcFmUOH01bLJ62QA9eimy4qzSsDmDeE7KI="},"chainType":1,"messageKeys":{}}},"pendingPreKey":{"signedKeyId":1,"baseKey":"BSxBqydTjH+kdeKRebTSEyLDzF3xs7DTZBiG4acF4hNj","preKeyId":192}},"BW+dUqXiMCXC+VmBhWCvDVmUunlyqYhi8+wpd93PyugS":{"registrationId":36,"currentRatchet":{"ephemeralKeyPair":{"pubKey":"BenPmPR4xNL2k82NUQY/o4GYNsGIu39H1DfKzsvTkLcx","privKey":"WI4VViotXHKqyMsDY/6YTN3RKEau1LFdLH3xlw78zF8="},"lastRemoteEphemeralKey":"BX8C+p+Xpsf/TVO5g7wlIPevPxqWfAZxIK5xzsCzCv52","previousCounter":0,"rootKey":"82OABp6AjM5UoraEaGxIECWu0VHiOy2uoyZQ4XzMSgs="},"indexInfo":{"baseKey":"BW+dUqXiMCXC+VmBhWCvDVmUunlyqYhi8+wpd93PyugS","baseKeyType":1,"closed":1721128651779,"used":1721128648291,"created":1721128648291,"remoteIdentityKey":"BcHLazvKq4AsbufsJplNW1BfPd7iyjjy1hkiWOD4JtUf"},"_chains":{"BenPmPR4xNL2k82NUQY/o4GYNsGIu39H1DfKzsvTkLcx":{"chainKey":{"counter":1,"key":"Mmx06VburEfBgk9VfaeJKcLsHXH/UZmjvjEChnqQvdc="},"chainType":1,"messageKeys":{}}},"pendingPreKey":{"signedKeyId":1,"baseKey":"BW+dUqXiMCXC+VmBhWCvDVmUunlyqYhi8+wpd93PyugS","preKeyId":200}},"Bcd4XBtg9xVt62icI6L3RoWAAA4/s8dGUwCN/zZqIEY5":{"registrationId":36,"currentRatchet":{"ephemeralKeyPair":{"pubKey":"BRXdxbQ5gUTDtFtqRz7Y/jdKMBata/vDitUzBPfRkc4k","privKey":"KHQKt/WWJtXL8IDOxMvprYfrR4BQMUup+4yT0xvPrFg="},"lastRemoteEphemeralKey":"BX8C+p+Xpsf/TVO5g7wlIPevPxqWfAZxIK5xzsCzCv52","previousCounter":0,"rootKey":"Qn3QVLDD5ThAT0KQPvKd8sT4Vwn+l/W3VQxIcKS30i8="},"indexInfo":{"baseKey":"Bcd4XBtg9xVt62icI6L3RoWAAA4/s8dGUwCN/zZqIEY5","baseKeyType":1,"closed":1721128652953,"used":1721128651776,"created":1721128651776,"remoteIdentityKey":"BcHLazvKq4AsbufsJplNW1BfPd7iyjjy1hkiWOD4JtUf"},"_chains":{"BRXdxbQ5gUTDtFtqRz7Y/jdKMBata/vDitUzBPfRkc4k":{"chainKey":{"counter":0,"key":"DZ08w1daAi/fMTj9ovzKLOYob/tDS4WLO0ulm6XeSow="},"chainType":1,"messageKeys":{}}},"pendingPreKey":{"signedKeyId":1,"baseKey":"Bcd4XBtg9xVt62icI6L3RoWAAA4/s8dGUwCN/zZqIEY5","preKeyId":197}},"BUFepuXmrj1fcLhcHfZquuCS/GxGVfsRhCvky1JgkNtX":{"registrationId":36,"currentRatchet":{"ephemeralKeyPair":{"pubKey":"BbY6YQOpmWydebbRrUBku7S7s9tYcD2RCvi4XwLeH+xP","privKey":"qGo4vBfsEqpfyOCu6mfOj6aDxj1y0mDOEWC4Nbkpqmo="},"lastRemoteEphemeralKey":"BX8C+p+Xpsf/TVO5g7wlIPevPxqWfAZxIK5xzsCzCv52","previousCounter":0,"rootKey":"sAM10AbLELR2hGv4QOpRtXMHBHORyHRF32CxbD5h/x8="},"indexInfo":{"baseKey":"BUFepuXmrj1fcLhcHfZquuCS/GxGVfsRhCvky1JgkNtX","baseKeyType":1,"closed":1721128654244,"used":1721128652941,"created":1721128652941,"remoteIdentityKey":"BcHLazvKq4AsbufsJplNW1BfPd7iyjjy1hkiWOD4JtUf"},"_chains":{"BbY6YQOpmWydebbRrUBku7S7s9tYcD2RCvi4XwLeH+xP":{"chainKey":{"counter":0,"key":"4dFYJ5f17JfsFZ6Yzuxe4Kuph+I1f4oSinPJX654Z5Q="},"chainType":1,"messageKeys":{}}},"pendingPreKey":{"signedKeyId":1,"baseKey":"BUFepuXmrj1fcLhcHfZquuCS/GxGVfsRhCvky1JgkNtX","preKeyId":186}},"BfSu0zqsFV8fpIzwYQ+u/zPJzM2mT5DYp4J6iQDMj2EL":{"registrationId":36,"currentRatchet":{"ephemeralKeyPair":{"pubKey":"BTBHljy6nZ0vkI2csSPblFmDOSRxUFG4G65EiCrh0+sG","privKey":"WNCx86SYu6DynqMlH0dLavBYX58fL1a3FW3xt5VK/F0="},"lastRemoteEphemeralKey":"BX8C+p+Xpsf/TVO5g7wlIPevPxqWfAZxIK5xzsCzCv52","previousCounter":0,"rootKey":"rAH5yY2MNHPCGQgVCpJa2affZaay/Rjuv7DbgORP4Y8="},"indexInfo":{"baseKey":"BfSu0zqsFV8fpIzwYQ+u/zPJzM2mT5DYp4J6iQDMj2EL","baseKeyType":1,"closed":1721128655388,"used":1721128654242,"created":1721128654242,"remoteIdentityKey":"BcHLazvKq4AsbufsJplNW1BfPd7iyjjy1hkiWOD4JtUf"},"_chains":{"BTBHljy6nZ0vkI2csSPblFmDOSRxUFG4G65EiCrh0+sG":{"chainKey":{"counter":0,"key":"UwU9AyKXrP80SP0S3pXfJQr34oOCcqepZDvN/LlPrIU="},"chainType":1,"messageKeys":{}}},"pendingPreKey":{"signedKeyId":1,"baseKey":"BfSu0zqsFV8fpIzwYQ+u/zPJzM2mT5DYp4J6iQDMj2EL","preKeyId":175}},"BdUjJvusdtvkRa0fY9zr9j2oGs02a4IMLgCjDOowViYr":{"registrationId":36,"currentRatchet":{"ephemeralKeyPair":{"pubKey":"BR4jCnYRQkRd73Tn4RhKKO6dNgaYkTCvS7I9O98h9LpW","privKey":"8AxFr33lLSSCTFsbBeBFy207AmFr/95EETQrQtkpe1g="},"lastRemoteEphemeralKey":"BX8C+p+Xpsf/TVO5g7wlIPevPxqWfAZxIK5xzsCzCv52","previousCounter":0,"rootKey":"xWns4ev4SnCIrqzZ8QkuxwCKGwWng7TcRFjRGxMb/XY="},"indexInfo":{"baseKey":"BdUjJvusdtvkRa0fY9zr9j2oGs02a4IMLgCjDOowViYr","baseKeyType":1,"closed":1721128696439,"used":1721128655386,"created":1721128655386,"remoteIdentityKey":"BcHLazvKq4AsbufsJplNW1BfPd7iyjjy1hkiWOD4JtUf"},"_chains":{"BR4jCnYRQkRd73Tn4RhKKO6dNgaYkTCvS7I9O98h9LpW":{"chainKey":{"counter":0,"key":"WH4uL12XUj0LbB6ZkA8pg7zVtRa/hQ1oGGJMP3lE5sY="},"chainType":1,"messageKeys":{}}},"pendingPreKey":{"signedKeyId":1,"baseKey":"BdUjJvusdtvkRa0fY9zr9j2oGs02a4IMLgCjDOowViYr","preKeyId":184}},"BY16sRb4PMyXETy+ZBZR2gyZyxRDGpb9s8jS98G+CH0s":{"registrationId":36,"currentRatchet":{"ephemeralKeyPair":{"pubKey":"BcE0STroo+oJcfy4JkfNS5v0NDHQgBekIRzv5Vc5LUNN","privKey":"4OQOtTet/OAi3ShbduqyXg3uhzs7EWip34u2ss9k6lQ="},"lastRemoteEphemeralKey":"Bek7P2tMhGNJxUEPrDwooqa/zAxfVK/d6KJ1IZI0ytUF","previousCounter":0,"rootKey":"vWZOesKgJk955tTZgn6WQ6VALdAj/2eu/yHWU2lqdFA="},"indexInfo":{"baseKey":"BY16sRb4PMyXETy+ZBZR2gyZyxRDGpb9s8jS98G+CH0s","baseKeyType":2,"closed":-1,"used":1721141779917,"created":1721128696443,"remoteIdentityKey":"BcHLazvKq4AsbufsJplNW1BfPd7iyjjy1hkiWOD4JtUf"},"_chains":{"Be5VlUKP2g3tWkP8RB4hbSmtzs5+uVduhGmFLMAkojho":{"chainKey":{"counter":1},"chainType":2,"messageKeys":{"0":"9vbUZ1cyS1jZNu6WvQxTHGfQrDRfnzVuI5AbRg+zSb4="}},"Bek7P2tMhGNJxUEPrDwooqa/zAxfVK/d6KJ1IZI0ytUF":{"chainKey":{"counter":2,"key":"PyWs79ngHUB06dqqrmaSY73Fk3Q9tvptEnpYAvQF7J0="},"chainType":2,"messageKeys":{}},"BcE0STroo+oJcfy4JkfNS5v0NDHQgBekIRzv5Vc5LUNN":{"chainKey":{"counter":-1,"key":"TitsS1I1IR2LoA/9a3/cmv7n9kCj3ymjpkgnjy31H9I="},"chainType":1,"messageKeys":{}}}}},"version":"v1"}