{"_sessions":{"BaeVYpArnoq4cgdGxthT7+4r6isLIHb16Svt+ZffF+IQ":{"registrationId":632238956,"currentRatchet":{"ephemeralKeyPair":{"pubKey":"BcOe+rBIKSmH05KVtAniISiPTmYGALyW5PULR6fGEORb","privKey":"kFhkeiwM+5+cp0ovKi0vZz2gxxVfrl8So43dR4h39mM="},"lastRemoteEphemeralKey":"BTMFF3GL2NySeyxaXgbtSe8rfLx3EMo1tcrcpFXrsHcg","previousCounter":0,"rootKey":"V+hk4ZVvglSgtOIgvEt3o+IWl7LFcSw74YqqnaYRVGM="},"indexInfo":{"baseKey":"BaeVYpArnoq4cgdGxthT7+4r6isLIHb16Svt+ZffF+IQ","baseKeyType":1,"closed":-1,"used":1721051170677,"created":1721051170677,"remoteIdentityKey":"Bet9bVL4N2tBOGLholx1ePjNsUPEnSVukflzeHrhmYR8"},"_chains":{"BcOe+rBIKSmH05KVtAniISiPTmYGALyW5PULR6fGEORb":{"chainKey":{"counter":130,"key":"H0aMXA00DlVkpOoRl9/2bFzOE7+VdenmPPWFWccw0pE="},"chainType":1,"messageKeys":{}}},"pendingPreKey":{"signedKeyId":0,"baseKey":"BaeVYpArnoq4cgdGxthT7+4r6isLIHb16Svt+ZffF+IQ"}}},"version":"v1"}