{"_sessions":{"BTEdxFatDxslb0V8IUzzDZX2J8sELXKzRZgqy2N3Ii57":{"registrationId":1888898168,"currentRatchet":{"ephemeralKeyPair":{"pubKey":"BYA8d9mSweEJHK7RRJJjRtfp7N0n7iK6aOY5NuxL6Ew4","privKey":"KJzIClIt/L8Pb+9V5NK4BU73sjdKqK3bMjHqNPSXT0I="},"lastRemoteEphemeralKey":"Bcu0R6c6lA75pqkGB49HwyTVuZ6yd81aIzHvgysAX5Vn","previousCounter":0,"rootKey":"/fECIUmuAiqFAYaAJiPJbBEAnFsbspX5dDqcNY68Lzo="},"indexInfo":{"baseKey":"BTEdxFatDxslb0V8IUzzDZX2J8sELXKzRZgqy2N3Ii57","baseKeyType":1,"closed":-1,"used":1721137174553,"created":1721137144998,"remoteIdentityKey":"BQSJYNfPCmciLpf5pgfcF/gbvBoe75msB4Y9Znd7PNk1"},"_chains":{"Bcu0R6c6lA75pqkGB49HwyTVuZ6yd81aIzHvgysAX5Vn":{"chainKey":{"counter":0,"key":"BOKMchWHCfMuM6JCT5PHeTWM/3O13cAl26s5bu7JfeU="},"chainType":2,"messageKeys":{}},"BYA8d9mSweEJHK7RRJJjRtfp7N0n7iK6aOY5NuxL6Ew4":{"chainKey":{"counter":51,"key":"i3ohkSrAcmGh4GQLVuJnNaEgmoRu590j6RB3SYAezhE="},"chainType":1,"messageKeys":{}}}}},"version":"v1"}