{"_sessions":{"BaScjg1k+bvcJSEA8dbZ20f2r6HHKoCSmgzViErcin11":{"registrationId":576886600,"currentRatchet":{"ephemeralKeyPair":{"pubKey":"BZNNjEx+WX3hcSZhqB7ddtLPSL2eXa4jMomMqLnXhzx+","privKey":"WAxCYzJji86MtXwzEh4oUPewylAspMbDjKWBIZrAHGU="},"lastRemoteEphemeralKey":"BTICK4hQaZ8OpJUMvl3qiSZILWEC86oGzB4ygqcz5lAN","previousCounter":0,"rootKey":"IKMk0xdENuFnJix5hWxWrdE6r3jhrWYjFmM51aocF7o="},"indexInfo":{"baseKey":"BaScjg1k+bvcJSEA8dbZ20f2r6HHKoCSmgzViErcin11","baseKeyType":1,"closed":1721082375948,"used":1721059323020,"created":1721059323020,"remoteIdentityKey":"BTP/T2Z3u6WjJThzX99xphRpxdRrkwS2sHvu8hZKvfkY"},"_chains":{"BZNNjEx+WX3hcSZhqB7ddtLPSL2eXa4jMomMqLnXhzx+":{"chainKey":{"counter":1,"key":"1SxJ2mb6pADLJ7GQtptupKEn4JRdBSPAUrIYAajDy9o="},"chainType":1,"messageKeys":{}}},"pendingPreKey":{"signedKeyId":1,"baseKey":"BaScjg1k+bvcJSEA8dbZ20f2r6HHKoCSmgzViErcin11","preKeyId":1954}},"BR5tdWl2Sz/mGRgG0doqV0MbKo2WcC3sjQMtDIIOhSBf":{"registrationId":576886600,"currentRatchet":{"ephemeralKeyPair":{"pubKey":"Bex9CPReyazKvphPjQRdjb6UuaEqsobDJND/yks6UlJr","privKey":"oO0/R6i1Fs4/bFTA162RsJ+9T6gmysAG9oY5oyLYg2Y="},"lastRemoteEphemeralKey":"BTICK4hQaZ8OpJUMvl3qiSZILWEC86oGzB4ygqcz5lAN","previousCounter":0,"rootKey":"fOGuvV8k2VadJEik41UDlALMXmZHPgCvo2F2wu4o6MM="},"indexInfo":{"baseKey":"BR5tdWl2Sz/mGRgG0doqV0MbKo2WcC3sjQMtDIIOhSBf","baseKeyType":1,"closed":1721147208527,"used":1721082375945,"created":1721082375945,"remoteIdentityKey":"BTP/T2Z3u6WjJThzX99xphRpxdRrkwS2sHvu8hZKvfkY"},"_chains":{"Bex9CPReyazKvphPjQRdjb6UuaEqsobDJND/yks6UlJr":{"chainKey":{"counter":5,"key":"VpVJvUdBb3qGjG1u8uzT7r4WsdxculGSHSAp92S7M1A="},"chainType":1,"messageKeys":{}}},"pendingPreKey":{"signedKeyId":1,"baseKey":"BR5tdWl2Sz/mGRgG0doqV0MbKo2WcC3sjQMtDIIOhSBf","preKeyId":1946}},"BR021sQ9eshmRzRh7SqjoUYMdbgMeXApRwxv7EOh3ulG":{"registrationId":576886600,"currentRatchet":{"ephemeralKeyPair":{"pubKey":"BTcZ/l2khZxuOIR1GxT9V48+5Fs+lq2XHShqI7xHV4lB","privKey":"mJ6fZmyZsfluMQTUGOgq21ki/DK4F0F1LZrqiW6ozlA="},"lastRemoteEphemeralKey":"BTICK4hQaZ8OpJUMvl3qiSZILWEC86oGzB4ygqcz5lAN","previousCounter":0,"rootKey":"rL62x5MlZRZFWVeOotYpIC2JG+h6OjwXh1nQgY5feWw="},"indexInfo":{"baseKey":"BR021sQ9eshmRzRh7SqjoUYMdbgMeXApRwxv7EOh3ulG","baseKeyType":1,"closed":-1,"used":1721147208523,"created":1721147208523,"remoteIdentityKey":"BTP/T2Z3u6WjJThzX99xphRpxdRrkwS2sHvu8hZKvfkY"},"_chains":{"BTcZ/l2khZxuOIR1GxT9V48+5Fs+lq2XHShqI7xHV4lB":{"chainKey":{"counter":4,"key":"zJyl4M7skBaVDXjx+RoJlVT/V0VNw4MbQPJvsdG5G8c="},"chainType":1,"messageKeys":{}}},"pendingPreKey":{"signedKeyId":1,"baseKey":"BR021sQ9eshmRzRh7SqjoUYMdbgMeXApRwxv7EOh3ulG"}}},"version":"v1"}