{"_sessions":{"BewERpy4iH83JUZHZBQzHkgWPsPRdQnh0QwOf+kFDRNS":{"registrationId":1547317553,"currentRatchet":{"ephemeralKeyPair":{"pubKey":"BbS0BRmo3IkYvmWsUNqxmYCjeId6aWDfm60bLIl0sRsa","privKey":"KCWbRBBKxuUx25CVpOw/CnZ6U7ecOellzRI2OfZXClY="},"lastRemoteEphemeralKey":"BeRtgiEy3tBcSqnowE1u87hDvhO5fdWrS1mJWSA7q6Au","previousCounter":0,"rootKey":"/mpof8PMImZbVy6Hcwbv/hFIFfadPvsJs5KMfKtaOsk="},"indexInfo":{"baseKey":"BewERpy4iH83JUZHZBQzHkgWPsPRdQnh0QwOf+kFDRNS","baseKeyType":1,"closed":-1,"used":1721069705536,"created":1721069705536,"remoteIdentityKey":"BRxSdLY/vIhjX9UJH4FEkIWm8sNeBcyzg/X25IZ62glH"},"_chains":{"BbS0BRmo3IkYvmWsUNqxmYCjeId6aWDfm60bLIl0sRsa":{"chainKey":{"counter":0,"key":"qYL5E9tvX/J31qMdcf2GPu3S1znj37qWzwpzgOntYZM="},"chainType":1,"messageKeys":{}}},"pendingPreKey":{"signedKeyId":9,"baseKey":"BewERpy4iH83JUZHZBQzHkgWPsPRdQnh0QwOf+kFDRNS","preKeyId":6038405}}},"version":"v1"}