{"_sessions":{"BTI8SscTaTLaiuiso3s+MSBtqIQTzXrYuv8m56jqfz0O":{"registrationId":633531762,"currentRatchet":{"ephemeralKeyPair":{"pubKey":"BX+bNPCt4/pp3c6LC2zxagwbQ54hzEuMM+c6UUZ85JRC","privKey":"8J3XpQBTDhHuDmDpxHXEPW2IYVg6y0CJkq+ctUR1+0A="},"lastRemoteEphemeralKey":"BdiuEnb4+EKCUxXK20GEBZcQcqvJI5xjcDncM2h58UkG","previousCounter":0,"rootKey":"qVLSgnDzOsC5ihaZvlYpgt2e74dwWNkvXzDYtcWR9kg="},"indexInfo":{"baseKey":"BTI8SscTaTLaiuiso3s+MSBtqIQTzXrYuv8m56jqfz0O","baseKeyType":1,"closed":-1,"used":1721051772245,"created":1721051772245,"remoteIdentityKey":"BWO5xTQ4NZQ3ePoJYI68/v7spkvcFnImvDWBpiH0rx4F"},"_chains":{"BX+bNPCt4/pp3c6LC2zxagwbQ54hzEuMM+c6UUZ85JRC":{"chainKey":{"counter":0,"key":"YoIqNCmMUV8oJsIJZr0EPoI5YkWXyVrhrW3tfPUmuNQ="},"chainType":1,"messageKeys":{}}},"pendingPreKey":{"signedKeyId":1,"baseKey":"BTI8SscTaTLaiuiso3s+MSBtqIQTzXrYuv8m56jqfz0O","preKeyId":10064640}}},"version":"v1"}