{"_sessions":{"Bet7ZezV/4J6RBEvN7/FoAwLMVg4rRwf/8cddfg0X2IO":{"registrationId":869444478,"currentRatchet":{"ephemeralKeyPair":{"pubKey":"BYMcp53Cq8e+a3z37n9uNOUOe7J6Z7ou6PayM+jGzLkK","privKey":"YGmqpWK0ETWaykYh77uYrhYufH44AXELv5C4k1jAo30="},"lastRemoteEphemeralKey":"BbR0fIKhliz6hQrvR03Dd+UUnxJKLorGEXO/kSYHGgg4","previousCounter":49,"rootKey":"z6LemMynNMY6q7CD2k1tInSFmYk/zEn0d6tncK3t4EI="},"indexInfo":{"baseKey":"Bet7ZezV/4J6RBEvN7/FoAwLMVg4rRwf/8cddfg0X2IO","baseKeyType":1,"closed":-1,"used":1721157943884,"created":1721051171135,"remoteIdentityKey":"BUmlXU94zzQ3IiJJNKi+7LkCgpi4Cfsg5UwItFfXGu8R"},"_chains":{"BTIehDR6n2CSfvdriH4vNuFJhMoTR35Se5OVPY6ATSJF":{"chainKey":{"counter":0},"chainType":2,"messageKeys":{}},"BbR0fIKhliz6hQrvR03Dd+UUnxJKLorGEXO/kSYHGgg4":{"chainKey":{"counter":1,"key":"6liCDM10SQOrrLt5H6LR2E+R3cIJzlTBMeNE+V8DNGg="},"chainType":2,"messageKeys":{}},"BYMcp53Cq8e+a3z37n9uNOUOe7J6Z7ou6PayM+jGzLkK":{"chainKey":{"counter":-1,"key":"qhvbeTr8qewqC2km7PPvJJRiRbnAC6xjm+N41bsaB4Y="},"chainType":1,"messageKeys":{}}}}},"version":"v1"}