{"_sessions":{"BeTdUoQROFYwoG8Rn9Qmu4czjBYuTNm+hxMUMXpB5h8b":{"registrationId":1567676379,"currentRatchet":{"ephemeralKeyPair":{"pubKey":"BVtN+tnUqcDieD0nVBa/vHPeREMBH+B9R+psbzacgzc4","privKey":"0PWraJya8iqRLspLdNTGCAUNaMBgk1pDz1aLj/lEW1Q="},"lastRemoteEphemeralKey":"BfIS9MwWocB6JWxraZOy5ob/czWHu+rpfmupXxgvTnJn","previousCounter":0,"rootKey":"IyUHGF2bLJm4PjynNBLMcVrUv48s1Zmed0PJElmX+do="},"indexInfo":{"baseKey":"BeTdUoQROFYwoG8Rn9Qmu4czjBYuTNm+hxMUMXpB5h8b","baseKeyType":1,"closed":-1,"used":1721061609852,"created":1721061609852,"remoteIdentityKey":"BfgiZgZKtjW6iESBB3GaFdF0t4UwtuBGF4UJkKE4UQBT"},"_chains":{"BVtN+tnUqcDieD0nVBa/vHPeREMBH+B9R+psbzacgzc4":{"chainKey":{"counter":4,"key":"PN9klvcSLS/V8YbqV6+9BUCCXgBZb+lQ1/bke7nCjtQ="},"chainType":1,"messageKeys":{}}},"pendingPreKey":{"signedKeyId":11833976,"baseKey":"BeTdUoQROFYwoG8Rn9Qmu4czjBYuTNm+hxMUMXpB5h8b","preKeyId":1182}}},"version":"v1"}