{"_sessions":{"BZ8nHQBM+fV7JcEFJPDyrPQLwSLIA4DbuSTfDwgIWycc":{"registrationId":1500403165,"currentRatchet":{"ephemeralKeyPair":{"pubKey":"BTjhipBEFf5EF7wCVYS7Rl67HjL5fGGwIdMgXG3PlrBG","privKey":"oGnsxdhDUlWWhwelenXjMRe2zeYiW08l0eZrXPw56GY="},"lastRemoteEphemeralKey":"BWBnCOze2OHkUOSWMEgjWgG/+hoCqX8VpIeHfe5R2Nsw","previousCounter":0,"rootKey":"l/+DaGtMNlyibbGCjLx/MIIuGgkI4JyaXUhaXVAh9dE="},"indexInfo":{"baseKey":"BZ8nHQBM+fV7JcEFJPDyrPQLwSLIA4DbuSTfDwgIWycc","baseKeyType":1,"closed":-1,"used":1721069705453,"created":1721069705453,"remoteIdentityKey":"BdLsDk8jyIiFZ5el6c4Prbwiegbs67sTPWO04/ouYtEv"},"_chains":{"BTjhipBEFf5EF7wCVYS7Rl67HjL5fGGwIdMgXG3PlrBG":{"chainKey":{"counter":0,"key":"Yrvpcyvdu2pfNlwlEcZHk20CdgRkSFO7Vgz8n4lcZbQ="},"chainType":1,"messageKeys":{}}},"pendingPreKey":{"signedKeyId":14,"baseKey":"BZ8nHQBM+fV7JcEFJPDyrPQLwSLIA4DbuSTfDwgIWycc"}}},"version":"v1"}