{"_sessions":{"BQKqKkWLnb5Tcb0Ra0x5BXW4FcfL8OjLYPPA0Q7hJUQH":{"registrationId":11354,"currentRatchet":{"ephemeralKeyPair":{"pubKey":"BUTTDi7xJ/ccSsKQe7/LimM18YeG5Z/fUVmkT84b9EJ7","privKey":"YEDN/svZDd7/rVWGNPSwNEMf01co9F5ZvA/Wlic8Q2U="},"lastRemoteEphemeralKey":"BXfdfLe2nRsltOVvcHlPtRIiTXFYd5F+/E0P5Y3Vk55F","previousCounter":0,"rootKey":"j3Qftn8o0T92Kfe3LtH0DJd0xHRZQk+KvXbXHAztZpk="},"indexInfo":{"baseKey":"BQKqKkWLnb5Tcb0Ra0x5BXW4FcfL8OjLYPPA0Q7hJUQH","baseKeyType":1,"closed":-1,"used":1721147207834,"created":1721147207834,"remoteIdentityKey":"BeKmRBi1ljDo115qe0eiBPcOHnT7FDgOSquq0W5LoN0p"},"_chains":{"BUTTDi7xJ/ccSsKQe7/LimM18YeG5Z/fUVmkT84b9EJ7":{"chainKey":{"counter":4,"key":"8CvCe0sk6GMqyvDoA349prW71qMvc+8kreK4woFHrno="},"chainType":1,"messageKeys":{}}},"pendingPreKey":{"signedKeyId":1,"baseKey":"BQKqKkWLnb5Tcb0Ra0x5BXW4FcfL8OjLYPPA0Q7hJUQH"}}},"version":"v1"}