{"_sessions":{"BVS58ij3xzbyIWRU2dHvsJb5rkbKBM/kASn7wap9rYlo":{"registrationId":1891873347,"currentRatchet":{"ephemeralKeyPair":{"pubKey":"BcouTioILD3z5cKUTNJnf7kugV1a53Y9bZQDyR0W1xk+","privKey":"WNlzlHUQ9SlS5nc7jPzBWB47hFTp0PPCcTQOMberkWY="},"lastRemoteEphemeralKey":"BWsvmMBZa3XOecFCAXudSHeHBjYbu6wNwfRUGjp70Etu","previousCounter":0,"rootKey":"1zrmav/yhpT7eFWx2xwr0fgkUs0K0mDTdzJFtqGWqYY="},"indexInfo":{"baseKey":"BVS58ij3xzbyIWRU2dHvsJb5rkbKBM/kASn7wap9rYlo","baseKeyType":1,"closed":-1,"used":1721061609752,"created":1721061609752,"remoteIdentityKey":"BYcQ/RlsdNBgWANGQi9SKa9yuR+ncUXMTCz2kwvLFaZQ"},"_chains":{"BcouTioILD3z5cKUTNJnf7kugV1a53Y9bZQDyR0W1xk+":{"chainKey":{"counter":4,"key":"JifGDqC9fUDKgaX77iyMueQ5tLA5MkTabSQbJKI5IZI="},"chainType":1,"messageKeys":{}}},"pendingPreKey":{"signedKeyId":6,"baseKey":"BVS58ij3xzbyIWRU2dHvsJb5rkbKBM/kASn7wap9rYlo","preKeyId":4364707}}},"version":"v1"}