{"_sessions":{"BUsc91aX94YjynBj52nREvgfXaUtpUfWdSuMhE5RWMk/":{"registrationId":1400711594,"currentRatchet":{"ephemeralKeyPair":{"pubKey":"BSeHLFaoVr4xiU06ccZwjZ/WLxl/3aJfd91Ox8OgeIsd","privKey":"WEZg808T5Zig3IgByOqwcpK8FGFo6e0eqttarGscKXo="},"lastRemoteEphemeralKey":"BT5napd8jW5Dt/ASQ1vZX/SQzuabOTNmCRp3/xNWclUW","previousCounter":0,"rootKey":"JW2k7Wuh65qJ1G9sHSeJvn1OhLkH6a6KbJXKF2hh2tE="},"indexInfo":{"baseKey":"BUsc91aX94YjynBj52nREvgfXaUtpUfWdSuMhE5RWMk/","baseKeyType":1,"closed":-1,"used":1721069705636,"created":1721069705636,"remoteIdentityKey":"BecevyLPkqEgliuN4AHU576aGRjVaKIkuC2gNo5XAGcL"},"_chains":{"BSeHLFaoVr4xiU06ccZwjZ/WLxl/3aJfd91Ox8OgeIsd":{"chainKey":{"counter":0,"key":"fdO6qihPnhyvYjw0huQWuVq1zctUr1rFj69j7tf+hDY="},"chainType":1,"messageKeys":{}}},"pendingPreKey":{"signedKeyId":12,"baseKey":"BUsc91aX94YjynBj52nREvgfXaUtpUfWdSuMhE5RWMk/","preKeyId":15068866}}},"version":"v1"}