{"_sessions":{"BQeyc/LHV5ub3GdJX3kWkEWdKSpiNEJFddg/ksiNZ1h0":{"registrationId":99,"currentRatchet":{"ephemeralKeyPair":{"pubKey":"BasmG0KN9lRK2lY1jU157o567Ebzc+hp+CpGR+GOmalz","privKey":"CHdC8SGTjwjQ7xERnRxNwLtzcC1bmeV0Hn74kmaOYWk="},"lastRemoteEphemeralKey":"Bdrhw8kCo7+PWIss97z7tW48scMGWrXsjwJ3GC1JarEy","previousCounter":0,"rootKey":"XpAvuoDWK7Y2plcCnZogG2LU14EVYACGOEGyYvktIPY="},"indexInfo":{"baseKey":"BQeyc/LHV5ub3GdJX3kWkEWdKSpiNEJFddg/ksiNZ1h0","baseKeyType":1,"closed":1721138618910,"used":1721059322964,"created":1721059322964,"remoteIdentityKey":"BepKFqw54/G/vDtI1YWWPtG9GLxPOua7b8nriaEFiKIT"},"_chains":{"BasmG0KN9lRK2lY1jU157o567Ebzc+hp+CpGR+GOmalz":{"chainKey":{"counter":4,"key":"bDSKpcPH9Pke+3Jk3Q5/3TEs1Ht+rZ9WVoRRH0Gmpl0="},"chainType":1,"messageKeys":{}}},"pendingPreKey":{"signedKeyId":1,"baseKey":"BQeyc/LHV5ub3GdJX3kWkEWdKSpiNEJFddg/ksiNZ1h0"}},"BceD1MdtNp9hegFzMm3agL2YkoFVxkqPR6N3jDH+3m9u":{"registrationId":99,"currentRatchet":{"ephemeralKeyPair":{"pubKey":"BVAWVE0vgYS2VwNxFpm64Pw5Z9c4vuLY4TEW3gAEwZA3","privKey":"+MHOWs+iVTvIN4eW0W4qbH4a1uIC4ZIVVaYw6HYPlVQ="},"lastRemoteEphemeralKey":"Bdrhw8kCo7+PWIss97z7tW48scMGWrXsjwJ3GC1JarEy","previousCounter":0,"rootKey":"xhN6c/LD99sKzBj3UWAgCKwXa/lop2wzJ9LP1q7Nhxo="},"indexInfo":{"baseKey":"BceD1MdtNp9hegFzMm3agL2YkoFVxkqPR6N3jDH+3m9u","baseKeyType":1,"closed":1721138697632,"used":1721138618898,"created":1721138618898,"remoteIdentityKey":"BepKFqw54/G/vDtI1YWWPtG9GLxPOua7b8nriaEFiKIT"},"_chains":{"BVAWVE0vgYS2VwNxFpm64Pw5Z9c4vuLY4TEW3gAEwZA3":{"chainKey":{"counter":0,"key":"+n2O0DuaB8Bjtu8hIvZaP4gY6axPc9xFDjnoAy+/paI="},"chainType":1,"messageKeys":{}}},"pendingPreKey":{"signedKeyId":1,"baseKey":"BceD1MdtNp9hegFzMm3agL2YkoFVxkqPR6N3jDH+3m9u"}},"BcTGbdR5tld40rXhRwg+xpViK6ZQns3PhIAqhkwQN5sZ":{"registrationId":99,"currentRatchet":{"ephemeralKeyPair":{"pubKey":"BTJ1reu9PP4qrVwl9C0YwbFPLFe8caEGJ2hu9hHAcB9t","privKey":"oJtVX55LLW9/B7JzAieHoBJE/m4l5XlVZ9/K1BcGmWE="},"lastRemoteEphemeralKey":"Bdrhw8kCo7+PWIss97z7tW48scMGWrXsjwJ3GC1JarEy","previousCounter":0,"rootKey":"IlzS/pl+WPAGf8/9Vwjq/zrjNaaLGBMQ5kp1l45bEmk="},"indexInfo":{"baseKey":"BcTGbdR5tld40rXhRwg+xpViK6ZQns3PhIAqhkwQN5sZ","baseKeyType":1,"closed":1721141362036,"used":1721138697582,"created":1721138697582,"remoteIdentityKey":"BepKFqw54/G/vDtI1YWWPtG9GLxPOua7b8nriaEFiKIT"},"_chains":{"BTJ1reu9PP4qrVwl9C0YwbFPLFe8caEGJ2hu9hHAcB9t":{"chainKey":{"counter":0,"key":"7cIXdLclrzY3g50pK7xEgAmOuZtnZC3w1nBG5qhgEZc="},"chainType":1,"messageKeys":{}}},"pendingPreKey":{"signedKeyId":1,"baseKey":"BcTGbdR5tld40rXhRwg+xpViK6ZQns3PhIAqhkwQN5sZ"}},"BVXWLCeye+kn35WYkzhZ2+DCRyD5+x8GeXu1fVxJfVQE":{"registrationId":99,"currentRatchet":{"ephemeralKeyPair":{"pubKey":"BfC55DMAEEVFfi1dgzISy6hatIYZA7O5I5nGI0AkLK8N","privKey":"APLoR9neTgnuxv9SnGmCJ//AG0PlaXRKQ3Rqke0Ly20="},"lastRemoteEphemeralKey":"BYJ8Bjytof+kEVZHHEHnT1HpsJ1aOfnNsfKEn9Hxi8cJ","previousCounter":0,"rootKey":"eUuz7LQL9kg/VbIz32tAJ1B1Ge0NJOH3/sJPI90DwHs="},"indexInfo":{"baseKey":"BVXWLCeye+kn35WYkzhZ2+DCRyD5+x8GeXu1fVxJfVQE","baseKeyType":2,"closed":-1,"used":1721141362042,"created":1721141362042,"remoteIdentityKey":"BepKFqw54/G/vDtI1YWWPtG9GLxPOua7b8nriaEFiKIT"},"_chains":{"BYJ8Bjytof+kEVZHHEHnT1HpsJ1aOfnNsfKEn9Hxi8cJ":{"chainKey":{"counter":0,"key":"9jcNzJMOowtAvrb3VZ/2ofRlCqbjLGksa3Jmu4O9oJY="},"chainType":2,"messageKeys":{}},"BfC55DMAEEVFfi1dgzISy6hatIYZA7O5I5nGI0AkLK8N":{"chainKey":{"counter":-1,"key":"n1h6HifrEvKqbDU4H+LhRuobQJFeCMZLq+Sm8Telhyk="},"chainType":1,"messageKeys":{}}}}},"version":"v1"}