{"_sessions":{"BUhRDPJ5OA+r/JNPMjG9cuigy6fYi9l+j+TrE/cpbuRl":{"registrationId":142,"currentRatchet":{"ephemeralKeyPair":{"pubKey":"BfkXqylKJr0ubovqtMRb61jsEAzJ7d6d45GVuvo0OmJT","privKey":"aFlLqmg6qgKDGsqKgApiV6tU/w2StzRctxqyy3+Zj2k="},"lastRemoteEphemeralKey":"BevHwX68i8sjgCL5UyV9/IqYBDLO4ioGRimMtT5Ijxcs","previousCounter":0,"rootKey":"mnNRlYkYKq/IWAwT9rnnzz3WOrRMWPnpqRWuHhF/tFw="},"indexInfo":{"baseKey":"BUhRDPJ5OA+r/JNPMjG9cuigy6fYi9l+j+TrE/cpbuRl","baseKeyType":2,"closed":1721061609925,"used":1721061608125,"created":1721061608125,"remoteIdentityKey":"BcMlJ+eYPGmZs5G5ruUbySmw+ECKy60Q83pvE/Zjvhhg"},"_chains":{"BevHwX68i8sjgCL5UyV9/IqYBDLO4ioGRimMtT5Ijxcs":{"chainKey":{"counter":0,"key":"5EZzsNlD34QFdU5VMzHXdfNSgtgAKkV4dq0q+ISPrAY="},"chainType":2,"messageKeys":{}},"BfkXqylKJr0ubovqtMRb61jsEAzJ7d6d45GVuvo0OmJT":{"chainKey":{"counter":-1,"key":"rZiuwn08KXEOXRjsi70iw2T7idIU3f8zwUiqnCoazlk="},"chainType":1,"messageKeys":{}}}},"BQySO83bFbY+MmYA5jGQYTdlh7HrkpQqqw70NpaMwVZj":{"registrationId":142,"currentRatchet":{"ephemeralKeyPair":{"pubKey":"BSKRrCj8mgv6laRDHDyE5tkh3ocweYvC6sTNwW2Ekg0n","privKey":"0Pxm9jNQPIHfpzBYk9UlgcoI/QIPWMRzLlx+hxGOxEg="},"lastRemoteEphemeralKey":"BZaDige3tScGzahqyTp/ujIhZNZf5H3Qk/bw9LxxSNB2","previousCounter":0,"rootKey":"7aV/33IZaJpfFUNXc8aXmGGHWIWu8d/WKy/QyDCay/o="},"indexInfo":{"baseKey":"BQySO83bFbY+MmYA5jGQYTdlh7HrkpQqqw70NpaMwVZj","baseKeyType":1,"closed":1721147209155,"used":1721147235123,"created":1721061609709,"remoteIdentityKey":"BcMlJ+eYPGmZs5G5ruUbySmw+ECKy60Q83pvE/Zjvhhg"},"_chains":{"BZaDige3tScGzahqyTp/ujIhZNZf5H3Qk/bw9LxxSNB2":{"chainKey":{"counter":2,"key":"udySaBbOEzjmq0bsqJBn5lMa7Uymaxyl6QbBziE5Tc4="},"chainType":2,"messageKeys":{}},"BSKRrCj8mgv6laRDHDyE5tkh3ocweYvC6sTNwW2Ekg0n":{"chainKey":{"counter":-1,"key":"yvqVXgKcEV78ObyAl/g+uOIWj8BKu9qj9xfuFB+B1Gg="},"chainType":1,"messageKeys":{}}}},"BSdSC5dzNpx+6WJPQcZfyQygOa505dBuvSBlntgoL9tQ":{"registrationId":142,"currentRatchet":{"ephemeralKeyPair":{"pubKey":"BRe5QBN/RQQp6jQ80BF5hzgraFcH5kmC5oneE5cqSB5A","privKey":"8HU9RLJTH6dkYeQnNtaGCSiYj3XiWVdg6qKxNR+ramg="},"lastRemoteEphemeralKey":"BZaDige3tScGzahqyTp/ujIhZNZf5H3Qk/bw9LxxSNB2","previousCounter":1,"rootKey":"IdZkAMH6GoneOY4CRRf0DF0v8LSB0W22fY+qAAWIxRk="},"indexInfo":{"baseKey":"BSdSC5dzNpx+6WJPQcZfyQygOa505dBuvSBlntgoL9tQ","baseKeyType":1,"closed":1721147217155,"used":1721147209152,"created":1721147209152,"remoteIdentityKey":"BcMlJ+eYPGmZs5G5ruUbySmw+ECKy60Q83pvE/Zjvhhg"},"_chains":{"BZaDige3tScGzahqyTp/ujIhZNZf5H3Qk/bw9LxxSNB2":{"chainKey":{"counter":1,"key":"RLwfC8M8Ahmea48NACyC42vL/IAQ0ahVtTNw/uOg7yo="},"chainType":2,"messageKeys":{"0":"3noAc//hijaiF8NnAM7b9RU/ibOpXNJLIeydcW1OqnE="}},"BRe5QBN/RQQp6jQ80BF5hzgraFcH5kmC5oneE5cqSB5A":{"chainKey":{"counter":1,"key":"nLCByqCuqe6N9iSutfmdwVJePgcLZIyAC5RmUKC7I9M="},"chainType":1,"messageKeys":{}}},"pendingPreKey":{"signedKeyId":1,"baseKey":"BSdSC5dzNpx+6WJPQcZfyQygOa505dBuvSBlntgoL9tQ","preKeyId":127}},"BfseUkSnB3SnNXuypk/8UxZ3EDKnbI8yGSGY6oqnrYxK":{"registrationId":142,"currentRatchet":{"ephemeralKeyPair":{"pubKey":"BcbTmlG1WWyS8BLMFY73SnwNYHP/MqIv4wgpIu2dxy0S","privKey":"GL9dClRkXWCN32sGXn72pTys9h5EALMcV0C4ZN6QuVU="},"lastRemoteEphemeralKey":"BZaDige3tScGzahqyTp/ujIhZNZf5H3Qk/bw9LxxSNB2","previousCounter":0,"rootKey":"oPD03D+DoSF2J/7ti8qDp3Fwey61ZPmjqawcuSI5Fsw="},"indexInfo":{"baseKey":"BfseUkSnB3SnNXuypk/8UxZ3EDKnbI8yGSGY6oqnrYxK","baseKeyType":1,"closed":-1,"used":1721147217153,"created":1721147217153,"remoteIdentityKey":"BcMlJ+eYPGmZs5G5ruUbySmw+ECKy60Q83pvE/Zjvhhg"},"_chains":{"BZaDige3tScGzahqyTp/ujIhZNZf5H3Qk/bw9LxxSNB2":{"chainKey":{"counter":2,"key":"KVZIJC6torR8HQv9whL2QdP7m7d3/Bvl0N1MjKy+hFM="},"chainType":2,"messageKeys":{"0":"WTVyLs6wf3d+lbaQ8jl89gvoWSO4sWQWKlNeJC6hDl8=","1":"bJw8HqpbHqNvNiz5EpzKsL7v8i4N18cK4JiF4lTBoxg="}},"BcbTmlG1WWyS8BLMFY73SnwNYHP/MqIv4wgpIu2dxy0S":{"chainKey":{"counter":-1,"key":"1TDF5kfXBe6SqqqQB0WlKgNNVdRUpVXJI/HofIDAqao="},"chainType":1,"messageKeys":{}}},"pendingPreKey":{"signedKeyId":1,"baseKey":"BfseUkSnB3SnNXuypk/8UxZ3EDKnbI8yGSGY6oqnrYxK","preKeyId":112}}},"version":"v1"}