{"_sessions":{"Bf78iyXnYCFIb9Ycv6A1DSq4rKtNJBaLnDBI9nDq3PgJ":{"registrationId":1235012105,"currentRatchet":{"ephemeralKeyPair":{"pubKey":"BZ4riUJPQwyh4JcdoWy5EVxEU0N23fmcH9WRJXaSfkc9","privKey":"4JLuNJaykMzGQo7j5j+UMFT/4nEsnK9hBNQZHVK2lGI="},"lastRemoteEphemeralKey":"BUDEzAjJUyNDfgXmvP7sUOZijuDbYs9tLQ21Du0jn9xx","previousCounter":0,"rootKey":"AOZYOj42zPf71OiHN4nE/Ekli1F0Mx3fM/jt7yq39lE="},"indexInfo":{"baseKey":"Bf78iyXnYCFIb9Ycv6A1DSq4rKtNJBaLnDBI9nDq3PgJ","baseKeyType":1,"closed":-1,"used":1721051171126,"created":1721051171126,"remoteIdentityKey":"BcAIVCBlnN2MqYxpc3EtIiXF0zOn/wpSYfnZQMRNvtE6"},"_chains":{"BZ4riUJPQwyh4JcdoWy5EVxEU0N23fmcH9WRJXaSfkc9":{"chainKey":{"counter":131,"key":"lKVjXLilfZZQ7yRcX+mtCNaUhDByhgX5hjrP12FvYRk="},"chainType":1,"messageKeys":{}}},"pendingPreKey":{"signedKeyId":20,"baseKey":"Bf78iyXnYCFIb9Ycv6A1DSq4rKtNJBaLnDBI9nDq3PgJ","preKeyId":3870459}}},"version":"v1"}