{"_sessions":{"BZfvKtZ5X5+2vdXaUvWdbs6PQnLtoAEtnfeHd6h8ZmhL":{"registrationId":1055959228,"currentRatchet":{"ephemeralKeyPair":{"pubKey":"BQZLHwXn0/FGh5ney97fkXKWddAee+Sbe1s8ZsrGJEYA","privKey":"QG+hof7oFsAgIMMGn3MlRkrPiz3V/a7mQNmxDkLeuF0="},"lastRemoteEphemeralKey":"BSSHzhevxsUC8d4028ztln81O6dnw/2Zy57a94GFYS8s","previousCounter":0,"rootKey":"JyMUSWqW3/XRYWuuSMy4O7nOpZLfP7+BYLHHTfKjV14="},"indexInfo":{"baseKey":"BZfvKtZ5X5+2vdXaUvWdbs6PQnLtoAEtnfeHd6h8ZmhL","baseKeyType":1,"closed":-1,"used":1721061609908,"created":1721061609908,"remoteIdentityKey":"BXBtBuEy+cgpeoVxHkXgCBM+biv2cff+ayb02g9py7MI"},"_chains":{"BQZLHwXn0/FGh5ney97fkXKWddAee+Sbe1s8ZsrGJEYA":{"chainKey":{"counter":4,"key":"vd8qJzcaO7R8RM/l5vp2+zwcKn8DOOr7K2o/g3ogjss="},"chainType":1,"messageKeys":{}}},"pendingPreKey":{"signedKeyId":26,"baseKey":"BZfvKtZ5X5+2vdXaUvWdbs6PQnLtoAEtnfeHd6h8ZmhL","preKeyId":4854201}}},"version":"v1"}