{"_sessions":{"BTZKrbGFpaXsNvIz2fTZEpPOZGWwPpHgI8pYxzP+oYRs":{"registrationId":1237562753,"currentRatchet":{"ephemeralKeyPair":{"pubKey":"BRMH/uJ05E3zU4AOEzlMIA+yEow7v9CedzvapX0WLdhv","privKey":"SLNghsSxEF32AmbotciNihLrOJY6GQL5UXBmuBD3JWU="},"lastRemoteEphemeralKey":"BRrje1Yuai85IxO1oiSa8RzQlbr6Fy0GWSteoTKjeMEf","previousCounter":0,"rootKey":"SMZuZYaM4kALRHiT9Jm+SKDzNSanszih9INlDhuMbzM="},"indexInfo":{"baseKey":"BTZKrbGFpaXsNvIz2fTZEpPOZGWwPpHgI8pYxzP+oYRs","baseKeyType":2,"closed":-1,"used":1721058716698,"created":1721058716698,"remoteIdentityKey":"BRs3F4OqFVnlU2rXj9b6cYz6Tk1+K7WQz41tklHQf5R6"},"_chains":{"BRrje1Yuai85IxO1oiSa8RzQlbr6Fy0GWSteoTKjeMEf":{"chainKey":{"counter":0,"key":"34Q93kT3ljZTS4n3J7Kjktp1RYTkpIt0zmxg3KG188o="},"chainType":2,"messageKeys":{}},"BRMH/uJ05E3zU4AOEzlMIA+yEow7v9CedzvapX0WLdhv":{"chainKey":{"counter":5,"key":"bsbzsmg+BfYwfMnLe3gWJ23sgNiVQ7AeTwrJlVBfaOA="},"chainType":1,"messageKeys":{}}}}},"version":"v1"}