{"_sessions":{"BWvpXH6L3yKLPaVVwx4+OJwBvoCWZ89Wzf11/tBGR25x":{"registrationId":196,"currentRatchet":{"ephemeralKeyPair":{"pubKey":"BZDOZdGBc2f7igpto3Y7mnrWHGpEHjY3IZgLtHfN5ek3","privKey":"yHOsDVJS3kr24d+c10GQNuEpkOvN4uGDrDjBZkBVn30="},"lastRemoteEphemeralKey":"BVg9kTBT7yFmYA/uoBUUD30vXEsftjmUjOcO0e/nJbNd","previousCounter":0,"rootKey":"EkcC/90wwM6ABh1mTu3xvvyt6hptljvcpevzGbZqDtk="},"indexInfo":{"baseKey":"BWvpXH6L3yKLPaVVwx4+OJwBvoCWZ89Wzf11/tBGR25x","baseKeyType":1,"closed":-1,"used":1721059322848,"created":1721059322848,"remoteIdentityKey":"BQVWkUcrx/xKaCMr4IWaeHi2poANhOPCxX9J8BRpHaBE"},"_chains":{"BZDOZdGBc2f7igpto3Y7mnrWHGpEHjY3IZgLtHfN5ek3":{"chainKey":{"counter":5,"key":"lsLsHt9oL9zFFk9sgn7FVhg4cdnsqN7b0tRX/lB8CXc="},"chainType":1,"messageKeys":{}}},"pendingPreKey":{"signedKeyId":1,"baseKey":"BWvpXH6L3yKLPaVVwx4+OJwBvoCWZ89Wzf11/tBGR25x","preKeyId":3063}}},"version":"v1"}