{"_sessions":{"BaYY+bMQkfPAf/UXrMVKT+wLOExSNQYThV7kZEXqbrN5":{"registrationId":98,"currentRatchet":{"ephemeralKeyPair":{"pubKey":"BUsgkm55nyKpH0UTMnHiRyQ7nyCvHmdRF538dl+OB5Vk","privKey":"ILSQTZQfRdBe28Wlb/8TDzpau73I9pIxN8YpwjJRB0E="},"lastRemoteEphemeralKey":"BaRtckfTeIL3eFzRDdWe9DKczhYJWwZd4J38moxc+mBt","previousCounter":0,"rootKey":"NR+6zaJ9xmXKvD6LbDzJ6tKbhs1S3Tsmjd+bo7wMHp8="},"indexInfo":{"baseKey":"BaYY+bMQkfPAf/UXrMVKT+wLOExSNQYThV7kZEXqbrN5","baseKeyType":1,"closed":1721062829713,"used":1721062825055,"created":1721062825055,"remoteIdentityKey":"BfNgjLjowHM6gkwd2Dxk9lqknK8u5jnYg1JiS4zdMs91"},"_chains":{"BUsgkm55nyKpH0UTMnHiRyQ7nyCvHmdRF538dl+OB5Vk":{"chainKey":{"counter":0,"key":"ODsStODiLddgCIRwjoZFVVCfTNAm9xGN9Wx65/+AYls="},"chainType":1,"messageKeys":{}}},"pendingPreKey":{"signedKeyId":1,"baseKey":"BaYY+bMQkfPAf/UXrMVKT+wLOExSNQYThV7kZEXqbrN5","preKeyId":22}},"BV988fKRNRWozCT2Ixe7Y0b7c1FjBbloe/pJ9xSb0Pti":{"registrationId":98,"currentRatchet":{"ephemeralKeyPair":{"pubKey":"Bd87YD7wHklB+xNpHXg4si8BYSraqAmEVzs/YNXTOidx","privKey":"mEFNwRyLi/y1VnQHo+k0mdzihfxaMofiHStwAk9X6Xs="},"lastRemoteEphemeralKey":"BXUjcxg4FLsaIFCiFfsK3U5AGYArLVIPeSFrNMbZxWNF","previousCounter":0,"rootKey":"l/+0gDBC47TKe6xrD3qnXvpgGcs55tf1Bp3zxO0glno="},"indexInfo":{"baseKey":"BV988fKRNRWozCT2Ixe7Y0b7c1FjBbloe/pJ9xSb0Pti","baseKeyType":2,"closed":1721068476661,"used":1721062829717,"created":1721062829717,"remoteIdentityKey":"BfNgjLjowHM6gkwd2Dxk9lqknK8u5jnYg1JiS4zdMs91"},"_chains":{"BXUjcxg4FLsaIFCiFfsK3U5AGYArLVIPeSFrNMbZxWNF":{"chainKey":{"counter":0,"key":"7mBpodwPq41yJlpM1WLn8HJa04O3ydBtQfawbaljcdc="},"chainType":2,"messageKeys":{}},"Bd87YD7wHklB+xNpHXg4si8BYSraqAmEVzs/YNXTOidx":{"chainKey":{"counter":0,"key":"pNIPlXjHlLsQc6FyxFXiTQsKCyn6slMPoBz2DKI49HQ="},"chainType":1,"messageKeys":{}}}},"BTcZD3HsLN8Jr6BDJvc0Lsh1kqWNegD+EC5NbTF7y2Vc":{"registrationId":98,"currentRatchet":{"ephemeralKeyPair":{"pubKey":"Bfrj4NwJebpXiLxXD446J+FveD9W+LzRVOATCh+aN79Q","privKey":"wCbZKnXc4DdBwwks6kOpHqCUuXIYT1ZkxwgCG6qBz2c="},"lastRemoteEphemeralKey":"BeW5ZQGzdby5KW2Z3jPsx2lauMoVZVXQmAwXMYBxXtEo","previousCounter":0,"rootKey":"DhBT7Dx7cSW7ALR06lvzmmUWNmREvUOc8A0ZIinifYM="},"indexInfo":{"baseKey":"BTcZD3HsLN8Jr6BDJvc0Lsh1kqWNegD+EC5NbTF7y2Vc","baseKeyType":2,"closed":1721074793041,"used":1721075925880,"created":1721068476669,"remoteIdentityKey":"BfNgjLjowHM6gkwd2Dxk9lqknK8u5jnYg1JiS4zdMs91"},"_chains":{"BY9zmV1W9wsGKMC6x72HiVZhtjIcXbknwkwymf/+LYMd":{"chainKey":{"counter":0},"chainType":2,"messageKeys":{}},"BeW5ZQGzdby5KW2Z3jPsx2lauMoVZVXQmAwXMYBxXtEo":{"chainKey":{"counter":1,"key":"DQb1AHcx7osfS9BNQTBSsKPtPWFmZIHYxNt+kdhrOl8="},"chainType":2,"messageKeys":{"0":"w4DQJ1xWpK0IBOyyzJh6x6BgsoX1O87YFZZkmP4vzT8="}},"Bfrj4NwJebpXiLxXD446J+FveD9W+LzRVOATCh+aN79Q":{"chainKey":{"counter":-1,"key":"flX4tidNJjzDI2UL8GD8AmQ9vBmI5fTJed4ob13xGlQ="},"chainType":1,"messageKeys":{}}}},"BT0JNx2saoy2pGI3/+nxJAGI9kfrTjDh8w560v7tcI96":{"registrationId":98,"currentRatchet":{"ephemeralKeyPair":{"pubKey":"BQap2awJJBicDinegPNdfjdPWlMjLhIJ01HtzpTsdPoS","privKey":"MLRaNwEGrJN6IsuSgeXVgTP+tvDylVHKkYqZgKjrpVI="},"lastRemoteEphemeralKey":"BeW5ZQGzdby5KW2Z3jPsx2lauMoVZVXQmAwXMYBxXtEo","previousCounter":0,"rootKey":"GdrgjiGafE8mHsqlViyYPKKLezHPfSCJ/bbiIbiA1cE="},"indexInfo":{"baseKey":"BT0JNx2saoy2pGI3/+nxJAGI9kfrTjDh8w560v7tcI96","baseKeyType":1,"closed":1721076268254,"used":1721074793038,"created":1721074793038,"remoteIdentityKey":"BfNgjLjowHM6gkwd2Dxk9lqknK8u5jnYg1JiS4zdMs91"},"_chains":{"BeW5ZQGzdby5KW2Z3jPsx2lauMoVZVXQmAwXMYBxXtEo":{"chainKey":{"counter":1,"key":"gskLfNDoYht1+HdDg02KHyO9HoB0c00PUYKN9lYOCR4="},"chainType":2,"messageKeys":{"0":"6QtylOVtzf27jNr51I8MJd3LIRT6wons/BjjFaxNZNQ="}},"BQap2awJJBicDinegPNdfjdPWlMjLhIJ01HtzpTsdPoS":{"chainKey":{"counter":0,"key":"XGD1uDzaGtk70AZh5td7500qmZdE5ad62N0rFlYIJhQ="},"chainType":1,"messageKeys":{}}},"pendingPreKey":{"signedKeyId":1,"baseKey":"BT0JNx2saoy2pGI3/+nxJAGI9kfrTjDh8w560v7tcI96","preKeyId":17}},"BTPk3fmmc9CIOPPt+0EMFNaPT/eS+AALKbPMzIdwG7QX":{"registrationId":98,"currentRatchet":{"ephemeralKeyPair":{"pubKey":"BQwHtgmiXATNrL3uxVHCSreJ/UkABcxGot6pcP6AuItK","privKey":"8FgbuXcNUPCEHvv7aJgaGm3zcYyt8UadAAMPM+CCzWs="},"lastRemoteEphemeralKey":"BaRtckfTeIL3eFzRDdWe9DKczhYJWwZd4J38moxc+mBt","previousCounter":0,"rootKey":"lKoPgSX2aO9PhwL0xvXLGxKKKTsyK86z4H08LMWVT80="},"indexInfo":{"baseKey":"BTPk3fmmc9CIOPPt+0EMFNaPT/eS+AALKbPMzIdwG7QX","baseKeyType":1,"closed":1721076289291,"used":1721076268252,"created":1721076268252,"remoteIdentityKey":"BfNgjLjowHM6gkwd2Dxk9lqknK8u5jnYg1JiS4zdMs91"},"_chains":{"BQwHtgmiXATNrL3uxVHCSreJ/UkABcxGot6pcP6AuItK":{"chainKey":{"counter":1,"key":"tQVR4Q+IEPzO5jkZAs201Md4JVhNd7mDQoQ++6nWFAI="},"chainType":1,"messageKeys":{}}},"pendingPreKey":{"signedKeyId":1,"baseKey":"BTPk3fmmc9CIOPPt+0EMFNaPT/eS+AALKbPMzIdwG7QX","preKeyId":19}},"BTdHBFkeRopq9MKYhw8xNRttTsnPandj4Tj6SxwDqyUP":{"registrationId":98,"currentRatchet":{"ephemeralKeyPair":{"pubKey":"BXqfF3FrbWUcxzs8mMXkS7WD3PZKoLxZYKlkrpD49DBQ","privKey":"wOOkVjgxnXGkGPJDXNoC5tNT5EF64v2L2QCrk1Bp4Wc="},"lastRemoteEphemeralKey":"BaRtckfTeIL3eFzRDdWe9DKczhYJWwZd4J38moxc+mBt","previousCounter":0,"rootKey":"pdEdeQwLJ/0X6u3AKLj7WwyHb/skjjqrM1u0RPjNYwo="},"indexInfo":{"baseKey":"BTdHBFkeRopq9MKYhw8xNRttTsnPandj4Tj6SxwDqyUP","baseKeyType":1,"closed":1721078051229,"used":1721076289290,"created":1721076289290,"remoteIdentityKey":"BfNgjLjowHM6gkwd2Dxk9lqknK8u5jnYg1JiS4zdMs91"},"_chains":{"BXqfF3FrbWUcxzs8mMXkS7WD3PZKoLxZYKlkrpD49DBQ":{"chainKey":{"counter":1,"key":"WUtsbrmoPFF66XpIFCfO5XOVeE9vlqycVO8SwRBxF8Q="},"chainType":1,"messageKeys":{}}},"pendingPreKey":{"signedKeyId":1,"baseKey":"BTdHBFkeRopq9MKYhw8xNRttTsnPandj4Tj6SxwDqyUP","preKeyId":30}},"BcIkHKMvRNYqro1/7gKp0oi/HFgbV3FVBPPCl3atLDga":{"registrationId":98,"currentRatchet":{"ephemeralKeyPair":{"pubKey":"BVPP9w9tblAnarYuqDIwQQtiQg11Ev8k9erfJvtC9nop","privKey":"iP+hTbWi+N8oHtspNBeylKqmFUcykJ3g+wi1RQ7zNVM="},"lastRemoteEphemeralKey":"BaBoEKwGpMYQsB3LV5kWj1l1FaPXYMEfCg9U6UNvg1FS","previousCounter":0,"rootKey":"N+OGohw0m1Uut6nyOrWwzdGEMEct1Cr6tXHTIkneKdY="},"indexInfo":{"baseKey":"BcIkHKMvRNYqro1/7gKp0oi/HFgbV3FVBPPCl3atLDga","baseKeyType":1,"closed":1721118961858,"used":1721116360059,"created":1721078051226,"remoteIdentityKey":"BfNgjLjowHM6gkwd2Dxk9lqknK8u5jnYg1JiS4zdMs91"},"_chains":{"BeG5UUhAD3aZaY1avYjZ5lDSk5/jOvqO8CpLQZY3q0MG":{"chainKey":{"counter":1},"chainType":2,"messageKeys":{"0":"hU7RXzKRUti42ZwT9lyJ+OeNkbT/Zh83TsfJ6tsrHX0="}},"Bab+ZD44+cYPJh84ndSO/CmmEo804Oxc7mxfoNmgM+s1":{"chainKey":{"counter":3},"chainType":2,"messageKeys":{}},"BaBoEKwGpMYQsB3LV5kWj1l1FaPXYMEfCg9U6UNvg1FS":{"chainKey":{"counter":0,"key":"HWoiAFv5neTguepEGtQH+OdcBAIJv1L9TZ7SNli5p5o="},"chainType":2,"messageKeys":{}},"BVPP9w9tblAnarYuqDIwQQtiQg11Ev8k9erfJvtC9nop":{"chainKey":{"counter":-1,"key":"nEM2VW0P7C3kzzNoq3v8svCkz95mkxlBO+NkzBGecdM="},"chainType":1,"messageKeys":{}}}},"BZuLLD0LgA9rgS2TDXEy4DI375ELWtvIhP1nmoEiL/xR":{"registrationId":98,"currentRatchet":{"ephemeralKeyPair":{"pubKey":"BR9U+2qGEgwIuaiUPxkZlCtAAgwL6JERGka23WXqx80o","privKey":"UJAcfIKrE2Ec3gETdQImJOzazXbsaW7pqTkx2DMZVEw="},"lastRemoteEphemeralKey":"BYt+/Up+UhKq2aLxe8TmTUkifumQPmk1ADUTuhOEso9b","previousCounter":35,"rootKey":"pyX2FSTOQkXMSiFWhhfZvisayqwqyCzsCTRQoVbBSG4="},"indexInfo":{"baseKey":"BZuLLD0LgA9rgS2TDXEy4DI375ELWtvIhP1nmoEiL/xR","baseKeyType":1,"closed":1721143364216,"used":1721139276190,"created":1721118961850,"remoteIdentityKey":"BfNgjLjowHM6gkwd2Dxk9lqknK8u5jnYg1JiS4zdMs91"},"_chains":{"BWYIMSbPyYfQSzRUyKxli7MNost3oUVRwppIShArahAJ":{"chainKey":{"counter":0},"chainType":2,"messageKeys":{}},"BYt+/Up+UhKq2aLxe8TmTUkifumQPmk1ADUTuhOEso9b":{"chainKey":{"counter":1,"key":"iYjvFUmukTEhFx8uMwzr6hM2/9ajHKU7YhbKqJ4Wwzc="},"chainType":2,"messageKeys":{}},"BR9U+2qGEgwIuaiUPxkZlCtAAgwL6JERGka23WXqx80o":{"chainKey":{"counter":-1,"key":"80v9KZWXhN6FBZ31VJPqQUK7/ev8SEsk8Ox/XIbmV9k="},"chainType":1,"messageKeys":{}}}},"BXMf2rlYeasjTwxyhdjE9acEfEhJwZiEabAI8lyagVc3":{"registrationId":98,"currentRatchet":{"ephemeralKeyPair":{"pubKey":"BdRinZJXuZLxr0kZJInUATwIX2dGTOkB6aO+8C7166ZO","privKey":"AMveX+jpKyeP6w89qgwUy3GQ35bLNgWTeFBA79cNME8="},"lastRemoteEphemeralKey":"BaRtckfTeIL3eFzRDdWe9DKczhYJWwZd4J38moxc+mBt","previousCounter":0,"rootKey":"5QcJdCYLFoFVTyLfBJlTSIQ5D7I/pQK6HYoUifIliXw="},"indexInfo":{"baseKey":"BXMf2rlYeasjTwxyhdjE9acEfEhJwZiEabAI8lyagVc3","baseKeyType":1,"closed":-1,"used":1721143364212,"created":1721143364212,"remoteIdentityKey":"BfNgjLjowHM6gkwd2Dxk9lqknK8u5jnYg1JiS4zdMs91"},"_chains":{"BdRinZJXuZLxr0kZJInUATwIX2dGTOkB6aO+8C7166ZO":{"chainKey":{"counter":4,"key":"+YeQXKxlBKCOAxoxOgwNoLVCUhYeKW2XsGUU5RjgjRg="},"chainType":1,"messageKeys":{}}},"pendingPreKey":{"signedKeyId":1,"baseKey":"BXMf2rlYeasjTwxyhdjE9acEfEhJwZiEabAI8lyagVc3","preKeyId":40}}},"version":"v1"}