{"_sessions":{"BQ5Qzdku6t/dcMRQlhlmW6PcghfkR0UXBM+fHb7lklxp":{"registrationId":193,"currentRatchet":{"ephemeralKeyPair":{"pubKey":"BW97I/B8UVEkaoJTuOmQuwWvZ2BHnn4Bgeak7Psynf9u","privKey":"OJbBD+yyTW+C8e9KcRx6I5O7rrFVJKROUMjyPs3QEmU="},"lastRemoteEphemeralKey":"BXDKX3ZIxOaZzd/Wy3hGT13h/epEz7CExPEnF1grRgMD","previousCounter":0,"rootKey":"tjjFKNgbFV4T6B5sgmpN/0MVBvmQMSf9oVTsuXrIJxc="},"indexInfo":{"baseKey":"BQ5Qzdku6t/dcMRQlhlmW6PcghfkR0UXBM+fHb7lklxp","baseKeyType":1,"closed":-1,"used":1721110921901,"created":1721110921901,"remoteIdentityKey":"BfqGvUwpsjXRe20qou22IxUJ3KoahY9+6bDIa+HGWh1m"},"_chains":{"BW97I/B8UVEkaoJTuOmQuwWvZ2BHnn4Bgeak7Psynf9u":{"chainKey":{"counter":41,"key":"a+dHkEhLzeg7IMHs/XEYSWKrefVAe2se/VmYnHypvKE="},"chainType":1,"messageKeys":{}}},"pendingPreKey":{"signedKeyId":1,"baseKey":"BQ5Qzdku6t/dcMRQlhlmW6PcghfkR0UXBM+fHb7lklxp","preKeyId":48}}},"version":"v1"}