{"_sessions":{"BVyX/LrinkFJHCSMv4dT5XVctGTfrsAUPWW5Ks1Ckztl":{"registrationId":1132466735,"currentRatchet":{"ephemeralKeyPair":{"pubKey":"BTNiA/yW56MLC1sYjXYqzmrdz+egeLAMLENa3xpyVCtd","privKey":"sMC+e6hbKnkf9IfsOn0QIl+xk2/i6SU6oHCGI4ahl00="},"lastRemoteEphemeralKey":"Bc73wSoh7OM6G0FaxH4Do59zy9jjUE5EspiZiYxtFl84","previousCounter":0,"rootKey":"jXCwuyQo4zlviZo698UK5CP7jfAvHEy4fJvV1TEWeWY="},"indexInfo":{"baseKey":"BVyX/LrinkFJHCSMv4dT5XVctGTfrsAUPWW5Ks1Ckztl","baseKeyType":1,"closed":-1,"used":1721139920975,"created":1721139920975,"remoteIdentityKey":"BXER6Qi/8pC3gzRFt3zlC+cLWqOPaZdHhMc2XYcFtDEa"},"_chains":{"BTNiA/yW56MLC1sYjXYqzmrdz+egeLAMLENa3xpyVCtd":{"chainKey":{"counter":50,"key":"NegptVoROa18BwQClaSpwHE+rNt39FomE+zLmC4+2zI="},"chainType":1,"messageKeys":{}}},"pendingPreKey":{"signedKeyId":0,"baseKey":"BVyX/LrinkFJHCSMv4dT5XVctGTfrsAUPWW5Ks1Ckztl","preKeyId":11579942}}},"version":"v1"}