{"_sessions":{"BVx46A/QNWH9/liKjPcngMTEN3Y8NtVSOrkJ2sbRe1Yt":{"registrationId":30392408,"currentRatchet":{"ephemeralKeyPair":{"pubKey":"BbFMMP/Xo5CPWHt4QqyhFp7y9P6FhJeT0P3+BWMsxfcQ","privKey":"uA2D+3j+QICB4U1eA4Z6MXy5X6k/eet1UYGETPMIFGM="},"lastRemoteEphemeralKey":"BU+cqM21bqbRD4IKoIsMlYDhUytg6yUhlUMtZiYNNoAC","previousCounter":0,"rootKey":"E9x7ymL6ebqf98WabHOALcyjHPDTTf7FsRiTIIf3u6M="},"indexInfo":{"baseKey":"BVx46A/QNWH9/liKjPcngMTEN3Y8NtVSOrkJ2sbRe1Yt","baseKeyType":1,"closed":-1,"used":1721051171028,"created":1721051171028,"remoteIdentityKey":"BbgzUUbXmHm4Oy7oJzlVKHPxt54wJiqeBMnTHu9jLjgW"},"_chains":{"BbFMMP/Xo5CPWHt4QqyhFp7y9P6FhJeT0P3+BWMsxfcQ":{"chainKey":{"counter":130,"key":"3N5nPc1v6nTyZRr8Zz8gCZjkNg/HGOMEEjm/OpKsa5g="},"chainType":1,"messageKeys":{}}},"pendingPreKey":{"signedKeyId":4,"baseKey":"BVx46A/QNWH9/liKjPcngMTEN3Y8NtVSOrkJ2sbRe1Yt","preKeyId":11071113}}},"version":"v1"}