{"_sessions":{"BcG4jqWQkVnxbbUZ56lcFaTen/bBu/KJcL+0c7Pqj9J9":{"registrationId":165,"currentRatchet":{"ephemeralKeyPair":{"pubKey":"BcaJba1SwAK2BYUtiMRQUtUYN3OiX59LSjPywwEQ8osZ","privKey":"SPwHjr2H9ocUxdM7449ZFPziIyBEK9OAnVbaUDyelFU="},"lastRemoteEphemeralKey":"BX5XxmmjH+SEF4MUnno81mbITdsN6ROrOCcABzF0MbhP","previousCounter":0,"rootKey":"qdL7sTAZQqioCzCxJcoxU+Jk281I6k05f9epTY3c6bM="},"indexInfo":{"baseKey":"BcG4jqWQkVnxbbUZ56lcFaTen/bBu/KJcL+0c7Pqj9J9","baseKeyType":1,"closed":-1,"used":1721059322742,"created":1721059322742,"remoteIdentityKey":"Be5ovpc1LCNd0RwR0y/lhrGCoPqYGIH9NwkYv3ezNvk1"},"_chains":{"BcaJba1SwAK2BYUtiMRQUtUYN3OiX59LSjPywwEQ8osZ":{"chainKey":{"counter":5,"key":"f6bmyki4YOqOV2QpAsCAUjA1fhTIudAY8WxIq/EwzMQ="},"chainType":1,"messageKeys":{}}},"pendingPreKey":{"signedKeyId":1,"baseKey":"BcG4jqWQkVnxbbUZ56lcFaTen/bBu/KJcL+0c7Pqj9J9"}}},"version":"v1"}