{"_sessions":{"Bfl6C3qPj2R6D/OgdiZcj59/cRiqIMfA6vlA2UqFTT8O":{"registrationId":426116395,"currentRatchet":{"ephemeralKeyPair":{"pubKey":"BcLU3RMubZc5P8yDKeElAX+QgOP7MHnG3KYTAmYN93sO","privKey":"AEdW2U38fMm4b0UvR64UXLJUrtO14CxY6CSJYmBIS3A="},"lastRemoteEphemeralKey":"BRRUi1yT8daEM12xMxtpH564gkZIierpWI1/Jg1DjN96","previousCounter":0,"rootKey":"eyxnoj3QGCAf2UjsY195TSsvTgVO6f+ZGl8FD99KxMU="},"indexInfo":{"baseKey":"Bfl6C3qPj2R6D/OgdiZcj59/cRiqIMfA6vlA2UqFTT8O","baseKeyType":1,"closed":-1,"used":1721061609848,"created":1721061609848,"remoteIdentityKey":"BQSEd93sXq/n7CjYwTIt2kDUrJFIFXiFKGuXiP3/e45O"},"_chains":{"BcLU3RMubZc5P8yDKeElAX+QgOP7MHnG3KYTAmYN93sO":{"chainKey":{"counter":4,"key":"nMGBRD1kmDa9QnKfEPO66EPD55H6TUsZ3/9XVFNTTeY="},"chainType":1,"messageKeys":{}}},"pendingPreKey":{"signedKeyId":9,"baseKey":"Bfl6C3qPj2R6D/OgdiZcj59/cRiqIMfA6vlA2UqFTT8O","preKeyId":15773388}}},"version":"v1"}