{"_sessions":{"BW2RpRfhW+h6jbR/qNYoSwY4LQS4fYn/wWHESXgfF7MK":{"registrationId":2048458468,"currentRatchet":{"ephemeralKeyPair":{"pubKey":"BczfVdlGPuLYtj+Fwg7PZNiJZgCubTAPUtXeBHQZtYQL","privKey":"CA+Pw/ZtgqJvdixfhlA2GanG18eg55Hx2A3o1NJMOm4="},"lastRemoteEphemeralKey":"BYqx7fsi5lSCanfnbdJvcAPmWyhf1XRmPoazpu1mnl4d","previousCounter":0,"rootKey":"weDFRHKqDsXg8kLV8wXdvZwjoLaymhg/JbTalRz3EZk="},"indexInfo":{"baseKey":"BW2RpRfhW+h6jbR/qNYoSwY4LQS4fYn/wWHESXgfF7MK","baseKeyType":1,"closed":-1,"used":1721061609838,"created":1721061609838,"remoteIdentityKey":"BWMFGlZC+hA9RBZOsDWTAy2gbpF1UQLe1CP1DX6fb8Qv"},"_chains":{"BczfVdlGPuLYtj+Fwg7PZNiJZgCubTAPUtXeBHQZtYQL":{"chainKey":{"counter":4,"key":"gfQRWh+0iIlDFNs70kWum4HY1y0gEHUduMoOy16uTkE="},"chainType":1,"messageKeys":{}}},"pendingPreKey":{"signedKeyId":2,"baseKey":"BW2RpRfhW+h6jbR/qNYoSwY4LQS4fYn/wWHESXgfF7MK","preKeyId":8940247}}},"version":"v1"}