{"_sessions":{"BY0yAPjEpMyuWE9c2DQDCEqxBAeJPtnWvOvogaRD6c9u":{"registrationId":222,"currentRatchet":{"ephemeralKeyPair":{"pubKey":"BV+3Efix7/gQptsqsJzjrkOgqmt7/QFVBq6xFv3e8IkX","privKey":"oMw90iSfUgCdTt2iKao4RBUj5JBpeMVnOd9wXVh4aW4="},"lastRemoteEphemeralKey":"BdLEjKiEcNmAiJJHPbPQzWQUqnaPYNhfDIjTy0F9bxoy","previousCounter":0,"rootKey":"+BXQ39dwVc8xWBGNd488JEWwOik9Xeo+GjBfejR770E="},"indexInfo":{"baseKey":"BY0yAPjEpMyuWE9c2DQDCEqxBAeJPtnWvOvogaRD6c9u","baseKeyType":1,"closed":-1,"used":1721053813236,"created":1721053813236,"remoteIdentityKey":"Bdu7MrheR9BSK3+NjQOGfgOB3Jet1M15P8vGb/4/apFi"},"_chains":{"BV+3Efix7/gQptsqsJzjrkOgqmt7/QFVBq6xFv3e8IkX":{"chainKey":{"counter":104,"key":"CckM4Ytzs6a6imjPC2MFexVj6uKMtfj/537TkuTnsLU="},"chainType":1,"messageKeys":{}}},"pendingPreKey":{"signedKeyId":1,"baseKey":"BY0yAPjEpMyuWE9c2DQDCEqxBAeJPtnWvOvogaRD6c9u"}}},"version":"v1"}