{"_sessions":{"BZNSs74DweYi4BwPkVSrSn2Y5WjHaUED4W05lBL7FE8M":{"registrationId":1747817890,"currentRatchet":{"ephemeralKeyPair":{"pubKey":"BVpLatFMRi+abe9ozmyzeBbE5X+zzMf09RySgSifZBYJ","privKey":"6IOnP8FV93lgb18I1kf9UDHRslEX5RlSQlxoVBkHs00="},"lastRemoteEphemeralKey":"BWK3lJ6Nuyc7vUJW0lEmjOzx5peefPcTkAHhV5UKA205","previousCounter":0,"rootKey":"auZdtUbuM4Gp5D2jXAbhcmA0hTJWvGRGVkchhteTk0U="},"indexInfo":{"baseKey":"BZNSs74DweYi4BwPkVSrSn2Y5WjHaUED4W05lBL7FE8M","baseKeyType":1,"closed":-1,"used":1721059323233,"created":1721059323233,"remoteIdentityKey":"BelQtOZyWAkU/yrlAFKhFvbFpQtFljMT7NL8GYGx2EUI"},"_chains":{"BVpLatFMRi+abe9ozmyzeBbE5X+zzMf09RySgSifZBYJ":{"chainKey":{"counter":5,"key":"3nvovA84MfnbT8USDaUNZNgtPwzRyr1LPY/zN9+U4nI="},"chainType":1,"messageKeys":{}}},"pendingPreKey":{"signedKeyId":1,"baseKey":"BZNSs74DweYi4BwPkVSrSn2Y5WjHaUED4W05lBL7FE8M","preKeyId":13861057}}},"version":"v1"}