{"_sessions":{"BTzis60nVVZnPE2751NPEGRd1X41RzWrcu6eUQO3nvBG":{"registrationId":2006462588,"currentRatchet":{"ephemeralKeyPair":{"pubKey":"BaysJHswywBVNidnbp8V8voVdXSWf2wQx+2i9zYdB0cP","privKey":"wDDtgICNKzFKZuK/Oc0S0smv7wB38pjTlQvIzSzO434="},"lastRemoteEphemeralKey":"Bbdy9pUXUC8gYrXmyULUxK4VZsUATT1Db8goSPs8k/Q/","previousCounter":0,"rootKey":"GMnmWZZfnJf82xhAXLM1fCSShyrX6oGUzR3ylGfHlYY="},"indexInfo":{"baseKey":"BTzis60nVVZnPE2751NPEGRd1X41RzWrcu6eUQO3nvBG","baseKeyType":1,"closed":-1,"used":1721069705669,"created":1721069705669,"remoteIdentityKey":"BW77exrXCihLMHZIG3NB1jaKeHp6Wpu3/NaOiJdRreNa"},"_chains":{"BaysJHswywBVNidnbp8V8voVdXSWf2wQx+2i9zYdB0cP":{"chainKey":{"counter":0,"key":"hcccsBca+szssyVJ3sHc2zExHCMDBGMkj7CMG7qjlTI="},"chainType":1,"messageKeys":{}}},"pendingPreKey":{"signedKeyId":28,"baseKey":"BTzis60nVVZnPE2751NPEGRd1X41RzWrcu6eUQO3nvBG","preKeyId":7512284}}},"version":"v1"}