{"_sessions":{"BT+FORU0X9Xq5MyRv9d52e+9/S5UnOr4GQYeVtyEff8w":{"registrationId":1727058876,"currentRatchet":{"ephemeralKeyPair":{"pubKey":"BfQM+i20o1ckgQTST85Jv9HGuueUs44m7YmTzTqCPp1V","privKey":"cGIteY2vkKOTsAEeurJRSMS2Yfo9zqPQLS4mYdBEDE4="},"lastRemoteEphemeralKey":"BYLpSNYodBJw3FUgevQiMJJSydrHL2KFHMKQO2cNLipe","previousCounter":90,"rootKey":"SDoNZxBPjEjhi2qVTsbUswYB4+/CJvqnLTfZ0nU8Lro="},"indexInfo":{"baseKey":"BT+FORU0X9Xq5MyRv9d52e+9/S5UnOr4GQYeVtyEff8w","baseKeyType":1,"closed":-1,"used":1721157230558,"created":1721053813241,"remoteIdentityKey":"BS4SyQyLFNoROU2eYQxgRdKbMCkmmkmfrG5ZRfwoh24J"},"_chains":{"BQBBBVXewhNpmwVsbHqp7ehZxjA/S6aOm8KfCVfoqiVS":{"chainKey":{"counter":0},"chainType":2,"messageKeys":{}},"BZMHKSboi64/qaRU0u/OMengMYBlYgnJ9PNj7O6OfHA7":{"chainKey":{"counter":0},"chainType":2,"messageKeys":{}},"BYLpSNYodBJw3FUgevQiMJJSydrHL2KFHMKQO2cNLipe":{"chainKey":{"counter":0,"key":"qZX8db0pwsd5IRRNiduZTRPaLccTxdNi2j5Nmbx/QRw="},"chainType":2,"messageKeys":{}},"BfQM+i20o1ckgQTST85Jv9HGuueUs44m7YmTzTqCPp1V":{"chainKey":{"counter":-1,"key":"nWK0H6GdY7ME3+KT8TvnHRl6EFhlAc9/hS7qIb10RMc="},"chainType":1,"messageKeys":{}}}}},"version":"v1"}