{"_sessions":{"BR25C5v5g+ebPhlZJ1s/krxzfEpUns/dHRKsQEjABYk3":{"registrationId":1544215597,"currentRatchet":{"ephemeralKeyPair":{"pubKey":"BaLAlPMwS8nQW6z6aPkacEFG8ymku9QyI9ZtkwsmlkdN","privKey":"IMp3MicWC7bbpLN4TmCjrj9hbzMwP0jb4i3Qp5pPVnA="},"lastRemoteEphemeralKey":"BbUl1AZ+g4h7rOiugpwKR317JyR0V7FhS0b8H8bCGuQS","previousCounter":0,"rootKey":"nBwv1OL31syfU5qNcUNDxSJKheYXgrmzn9JJIUXNhZg="},"indexInfo":{"baseKey":"BR25C5v5g+ebPhlZJ1s/krxzfEpUns/dHRKsQEjABYk3","baseKeyType":1,"closed":-1,"used":1721051170638,"created":1721051170638,"remoteIdentityKey":"BZL5NRZE7HxlKhPonkPT6GdBAUoZoWW4MXBi0UhRna82"},"_chains":{"BaLAlPMwS8nQW6z6aPkacEFG8ymku9QyI9ZtkwsmlkdN":{"chainKey":{"counter":130,"key":"+Wl1jC7Si/F4er3nHpdmlYmdibDtYRnF5pEup0qDywQ="},"chainType":1,"messageKeys":{}}},"pendingPreKey":{"signedKeyId":5,"baseKey":"BR25C5v5g+ebPhlZJ1s/krxzfEpUns/dHRKsQEjABYk3","preKeyId":1037055}}},"version":"v1"}