{"_sessions":{"BWlAxn4GWWKr6vEI+TyuRJOARAQ07PmDHfB/Z135Rdor":{"registrationId":1906597336,"currentRatchet":{"ephemeralKeyPair":{"pubKey":"BdFsLB7ueFDBOboywLPch22neP84J7ynKxgcuWKZhdRp","privKey":"WNY6zMY+HI68JyELNF77CWHL9V5c/l77luOIhACnKnE="},"lastRemoteEphemeralKey":"BfRQAakVPBPClQMq9x8lJRDcbgEL2Z4SQCoAVHbkTQhW","previousCounter":0,"rootKey":"kQEXQtWWC0lGCEvAcplqqIB9P6nnAWoCgGf/CFbQvM4="},"indexInfo":{"baseKey":"BWlAxn4GWWKr6vEI+TyuRJOARAQ07PmDHfB/Z135Rdor","baseKeyType":1,"closed":-1,"used":1721061609913,"created":1721061609913,"remoteIdentityKey":"BeWzDK7erH+5RHPkcQjGX+QhI2z6TZ8R4jXeeN4mFAtP"},"_chains":{"BdFsLB7ueFDBOboywLPch22neP84J7ynKxgcuWKZhdRp":{"chainKey":{"counter":4,"key":"f2uANRmCHoReU3ec21dXuem26lyqUo47TFvyG4PKkjM="},"chainType":1,"messageKeys":{}}},"pendingPreKey":{"signedKeyId":9,"baseKey":"BWlAxn4GWWKr6vEI+TyuRJOARAQ07PmDHfB/Z135Rdor","preKeyId":3410467}}},"version":"v1"}