{"_sessions":{"BcqPKaPuc7VyhwBuL0oV5Jg9nxcKCSc+zIwI3eRsCAtG":{"registrationId":1788076486,"currentRatchet":{"ephemeralKeyPair":{"pubKey":"BUW8ok0m40n6VmBMAqVUt0m6I6BJPGzydhx+gEiR+Fog","privKey":"EDvh5V/+uWKTyC5vTfPyEoKU86R8nGWfuuM9mknEPkM="},"lastRemoteEphemeralKey":"BaoSeWmJukYUuyiiqx7XsaDz/fE6bEp+M3eK7w5fPZMs","previousCounter":0,"rootKey":"wFnR75yP5yYZ94pVPfuqC7YZ/5QjmmOhR16FRSCP6Nw="},"indexInfo":{"baseKey":"BcqPKaPuc7VyhwBuL0oV5Jg9nxcKCSc+zIwI3eRsCAtG","baseKeyType":1,"closed":-1,"used":1721059323061,"created":1721059323061,"remoteIdentityKey":"BUq17qAkFoHugFZoHotC1Ieu+7zQX6rKfd/TFJ78f0oj"},"_chains":{"BUW8ok0m40n6VmBMAqVUt0m6I6BJPGzydhx+gEiR+Fog":{"chainKey":{"counter":5,"key":"zLmHHqN6OuiDNId7PWIgIpDlze9A642GzBp1fBZ4fM0="},"chainType":1,"messageKeys":{}}},"pendingPreKey":{"signedKeyId":1,"baseKey":"BcqPKaPuc7VyhwBuL0oV5Jg9nxcKCSc+zIwI3eRsCAtG","preKeyId":13056085}}},"version":"v1"}