{"_sessions":{"BcDgNfIwq1lLuJNUPe69lCDxHryrPU7cuUdnzuYBvi0e":{"registrationId":766544105,"currentRatchet":{"ephemeralKeyPair":{"pubKey":"BcmbchenLV5QipYpeFUzNT18Xo/4yeq68UljmXFumwUI","privKey":"KCEGa/nRJtYuV0xfRG6WyRoYmuZwnmNb6Pfb+e1Jeks="},"lastRemoteEphemeralKey":"Bfu4zpY1km9EnvWbRsmYHbLxgpYJkls6bAwe8MC0cwIS","previousCounter":0,"rootKey":"Wlc9uG8jDi4IQKOxvdp05fvlpbuMPIOUArNBxQiPVfI="},"indexInfo":{"baseKey":"BcDgNfIwq1lLuJNUPe69lCDxHryrPU7cuUdnzuYBvi0e","baseKeyType":1,"closed":1721050327358,"used":1720964938744,"created":1720960363237,"remoteIdentityKey":"BaPM+DrwXt/PPIi4TL8Z6xkb1m3hYVSFDEC2+Lh5avt7"},"_chains":{"BXb13MjDnMtaEZNvtRlkKIfy3c8qTsboz1IBNenKzYsx":{"chainKey":{"counter":0},"chainType":2,"messageKeys":{}},"BfNkd6fGD/I+LQohOs35Bvgrpc3odSqZQCa0Ltc9ew08":{"chainKey":{"counter":0},"chainType":2,"messageKeys":{}},"BUh7h0LsrKNbBhi9oTl9cqtqktg7M1E5VxkW/yyFEQ1k":{"chainKey":{"counter":0},"chainType":2,"messageKeys":{}},"Bbe+fSolbhmed1EWfShMdb3purwd2RSUzoyREv8VtV5Z":{"chainKey":{"counter":0},"chainType":2,"messageKeys":{}},"BYs2TkpRG5KH7tddinMQsPAQltj3jYWsTKs4GIvBnrUf":{"chainKey":{"counter":0},"chainType":2,"messageKeys":{}},"BUxMB3QMbovK+GuP6Ozm8KnNYCkh4IqrRSu9U/2tZC99":{"chainKey":{"counter":0},"chainType":2,"messageKeys":{}},"BQly0XdrEF73Sf1IGlKdYgmEIb6xXoxxIagDH0n04I4J":{"chainKey":{"counter":1},"chainType":2,"messageKeys":{}},"Bfu4zpY1km9EnvWbRsmYHbLxgpYJkls6bAwe8MC0cwIS":{"chainKey":{"counter":0,"key":"m83H/F3bwY2wV+oNHJkZyNJIezHcEO+PAHfYjbYk/Ow="},"chainType":2,"messageKeys":{}},"BcmbchenLV5QipYpeFUzNT18Xo/4yeq68UljmXFumwUI":{"chainKey":{"counter":32,"key":"nIYbnlsB0WRmgS3V/z0L7tX2GbA/6Gk9yuAq+W+e3v8="},"chainType":1,"messageKeys":{}}}},"BRMVKxKXR3T+ThzbO4nsOuLDM01XiHMLQs31VetoqfQv":{"registrationId":766544105,"currentRatchet":{"ephemeralKeyPair":{"pubKey":"Ban4ITY8vyviCAZcN0VZkTy6tFm52xqu0KcDApV/sjNd","privKey":"2B4T0B6LPCGt3103JqloEB5djq6FXa4sSYK27+B2YXY="},"lastRemoteEphemeralKey":"BXZRopIMiP6EUGz5ZSXGpKah4PCFqWIMsppANvI1LLMJ","previousCounter":1,"rootKey":"8g5jEkudhr8b1wETFlMAM478xRefsRrwCdehXEk4gbQ="},"indexInfo":{"baseKey":"BRMVKxKXR3T+ThzbO4nsOuLDM01XiHMLQs31VetoqfQv","baseKeyType":2,"closed":1721143959047,"used":1721141914834,"created":1721050327362,"remoteIdentityKey":"BaPM+DrwXt/PPIi4TL8Z6xkb1m3hYVSFDEC2+Lh5avt7"},"_chains":{"BTN/A03P22aIITs+Tzf+YiOn5el2/RtrB6lzgDn5FS5p":{"chainKey":{"counter":0},"chainType":2,"messageKeys":{}},"BRE0cu+IrQwUUEPskClf8RbvNe1mCgjlowG0BlN63Iha":{"chainKey":{"counter":0},"chainType":2,"messageKeys":{}},"BdDglarCcMK+RasDh5ZhfcN+dJ/GtIAZepYYPWYdNxQ4":{"chainKey":{"counter":0},"chainType":2,"messageKeys":{}},"BXU6z3F43MUdPvrwIpXkqkl+rZ6ocgufxr62TXHuOsk1":{"chainKey":{"counter":0},"chainType":2,"messageKeys":{}},"BXdgvLqcJYVjpy0alnoIHkVsKg0gKKXPLRTfZIK4c1JU":{"chainKey":{"counter":0},"chainType":2,"messageKeys":{}},"BTNWAbuRpf0vGPU3Cx6wlQFb7qvw9lVoxi8Dpp5q0xhP":{"chainKey":{"counter":0},"chainType":2,"messageKeys":{}},"BXRA0/UOE9koaKKqU5AunikdEV0DSGgWy52K+MXBqXZ0":{"chainKey":{"counter":0},"chainType":2,"messageKeys":{}},"BeeFLL3WqnRagEZMmADDI+sW0M9T4Lgw10mofwf5SQdE":{"chainKey":{"counter":0},"chainType":2,"messageKeys":{}},"Be2dHWopCS1OIesKUYXUW2/LABINx1HOcfmyd77XEM99":{"chainKey":{"counter":0},"chainType":2,"messageKeys":{}},"BX6sKg301OSMRKqMcmojiO+XHOr+w4FDxNFoXzCOluUm":{"chainKey":{"counter":3},"chainType":2,"messageKeys":{}},"BXiJvxOZEBteviLk3UkhyY9Y2gWn1W1+dLnk6zPKWdsO":{"chainKey":{"counter":1},"chainType":2,"messageKeys":{}},"BQs+KuljMfptowksUAeY9MZeQlgwML1K4oo5s1JORWRm":{"chainKey":{"counter":0},"chainType":2,"messageKeys":{}},"BeGteoBR+pJFBna/cYcPAQTrFmfTpdO8NqPWl0fBJTJ6":{"chainKey":{"counter":1},"chainType":2,"messageKeys":{}},"BTdY3LXB+A3+aSOivAIMTOmJzDiF432sLqUohYE4Kv4C":{"chainKey":{"counter":0},"chainType":2,"messageKeys":{}},"BQ+l09ezIRld7DRC8GtNd4Xx0W7PuswHX9ohuKQg8HN0":{"chainKey":{"counter":1},"chainType":2,"messageKeys":{}},"BUKV3st3KL/Q9907LwYJ1SerdVhZqVcMXc/JKWJbfXNR":{"chainKey":{"counter":1},"chainType":2,"messageKeys":{"1":"dt/gTdIzFXo4FZQHr6SLxqqV4YlJ2xSz+OPHdw8unvY="}},"BRM5P0LA+vqpTT7u9OnsivhcR676aIF8arjPBVokICJV":{"chainKey":{"counter":0},"chainType":2,"messageKeys":{}},"BfhDunZqOzuNigmAmIqUfnrLCwIokwNv/aINoedxZLNh":{"chainKey":{"counter":1},"chainType":2,"messageKeys":{"0":"i8VcdVaYeGRXfH7Kub6THeX3Np90ZfBopX+U6FQHxYc="}},"BXJ8/wO5JNsQc8RzRshL89ZCH9JSM37OpcfkeWV4sSZ4":{"chainKey":{"counter":1},"chainType":2,"messageKeys":{"0":"xrYu3RpLIMEXAqPf5ut05CJ+1VK8Uphnwb1SNl63S1Q="}},"BY/l0ad1dOjBPZ9ikc6R6wDIlDLWWybkZ7ZXMQ/a7nxm":{"chainKey":{"counter":1},"chainType":2,"messageKeys":{"0":"ykq3DyHE/E8QRohn+0O1yHn9YIrleuo91x7FUsX/hIg="}},"BTVOLjKWKIxxxQZ9BuCw+eM0IhqCdrGmj9Abc9RHRVNX":{"chainKey":{"counter":2},"chainType":2,"messageKeys":{"0":"8OyYEunelD7YjTY6xGJurEmfoujNkHWg+3JFzAyu2g0=","2":"4+1JWgURRcNwntQnpxK8razj0qrd1h6wQOA9QrLLQBg="}},"BX27cmtGO68b8hzmLQiO3O6NsngXckZ1KTI/5oBYINpk":{"chainKey":{"counter":0},"chainType":2,"messageKeys":{}},"BZ7t/qX3xR5+9k4JYjwVLMoqbynRhzGL3wFC4h5YQptG":{"chainKey":{"counter":1},"chainType":2,"messageKeys":{}},"BXZRopIMiP6EUGz5ZSXGpKah4PCFqWIMsppANvI1LLMJ":{"chainKey":{"counter":0,"key":"HMmX08FMfH3Xu6xtSq2g7HvjLqvS8ctOttXRloGmQJU="},"chainType":2,"messageKeys":{}},"Ban4ITY8vyviCAZcN0VZkTy6tFm52xqu0KcDApV/sjNd":{"chainKey":{"counter":4,"key":"hv/fwmACXOjtwZHugS/LYteiWW8OrHMUzXQBF6X2IOk="},"chainType":1,"messageKeys":{}}}},"BcUnEQfq5JT4VwzZxjiu+wmKy1B8jEr5x1ToutsA1jdP":{"registrationId":766544105,"currentRatchet":{"ephemeralKeyPair":{"pubKey":"BbV0csUQ7EF3Hz4MokE9yMn2TthVC8DGUmbEnz1XA0cI","privKey":"MOxcoZkNcdVN6GT2mWPdNpWLBv75oNmGvymw+ximL18="},"lastRemoteEphemeralKey":"BbSQv/OeBzcG0xQJOZTxxxZCBZM2XRe/Lj6o/IYWk8o2","previousCounter":0,"rootKey":"cge3oqjSE5TJnVTL+jg+WkwE+Pg1AD3BbJHaMt6gHRc="},"indexInfo":{"baseKey":"BcUnEQfq5JT4VwzZxjiu+wmKy1B8jEr5x1ToutsA1jdP","baseKeyType":1,"closed":1721145337936,"used":1721143959045,"created":1721143959045,"remoteIdentityKey":"BaPM+DrwXt/PPIi4TL8Z6xkb1m3hYVSFDEC2+Lh5avt7"},"_chains":{"BbV0csUQ7EF3Hz4MokE9yMn2TthVC8DGUmbEnz1XA0cI":{"chainKey":{"counter":2,"key":"6HAyFF9hlG3vPjVdP5TuYzSy44yoXyd7isxt4Uo6gq0="},"chainType":1,"messageKeys":{}}},"pendingPreKey":{"signedKeyId":4,"baseKey":"BcUnEQfq5JT4VwzZxjiu+wmKy1B8jEr5x1ToutsA1jdP","preKeyId":11494217}},"BQgZfRbJO64OmG4a1tPYE1fgBMj6DnzCup/MIEjP2ukG":{"registrationId":766544105,"currentRatchet":{"ephemeralKeyPair":{"pubKey":"BX17EONeF8Fz7x/A9goEuwtsNV4sv4ZAometCvfQun4L","privKey":"6NzcGtxkedEpzt4NQgoN5+Zrx9s1i0SPSvEvHTbW93I="},"lastRemoteEphemeralKey":"BdRWZmaoCm0+cnmt2CXuiAr8CrOPdz3EALBUuWMsPC5W","previousCounter":18,"rootKey":"c98AZ31MC7QAhNiXcjy7m3f3BkADde0Q7fuF7x7A+Nk="},"indexInfo":{"baseKey":"BQgZfRbJO64OmG4a1tPYE1fgBMj6DnzCup/MIEjP2ukG","baseKeyType":2,"closed":-1,"used":1721155813264,"created":1721145337942,"remoteIdentityKey":"BaPM+DrwXt/PPIi4TL8Z6xkb1m3hYVSFDEC2+Lh5avt7"},"_chains":{"BRxL2VTlJKFmB92m5pgtuOdoWa2RRCo6+2VUqsCSRPdE":{"chainKey":{"counter":1},"chainType":2,"messageKeys":{}},"BeV6bcQhimm5IZHnU4eMQ57fh6O3mLo9Q/55Mrkju9FH":{"chainKey":{"counter":0},"chainType":2,"messageKeys":{}},"BTCy/+DtMlfuhMwP0uLCujEmGzS9ODBzeeggc7dqq+x4":{"chainKey":{"counter":0},"chainType":2,"messageKeys":{}},"BYehuAN73Y7gUJC862x5kuCVeOgWKP5UX1x1N7ZgLU0l":{"chainKey":{"counter":0},"chainType":2,"messageKeys":{}},"BR1WPYkA9LWbbl5CLXi3IE+XyXVvQTDCmjL4TMLh1bss":{"chainKey":{"counter":0},"chainType":2,"messageKeys":{}},"Be6L55Ck3Ip1Mc2Tj59fdcsjgulsFxRFjKl7j6axlF5I":{"chainKey":{"counter":0},"chainType":2,"messageKeys":{}},"BVD7+vVPHaFXv3esgWRjpy74XMIDJJFYr2DzqNoHGgRB":{"chainKey":{"counter":0},"chainType":2,"messageKeys":{}},"BWb1yhPRyRBwLRYz8FQX2JUMlbxYr9N7FaU9ieIjZcZr":{"chainKey":{"counter":0},"chainType":2,"messageKeys":{}},"BcfDjcdJkluXxQ2eeLQ+XMD/nwbCWDmoxXLSYGPkJD0k":{"chainKey":{"counter":1},"chainType":2,"messageKeys":{}},"BXUZ5tBX+x6pXWaSfFaXsLNAg+Fip4JqdAFKr2Pb6946":{"chainKey":{"counter":0},"chainType":2,"messageKeys":{}},"BbeaosTxHYPzamEAeHydDbc5T/+YPJ4lLF33C/hHJUk5":{"chainKey":{"counter":0},"chainType":2,"messageKeys":{}},"BTXwJRR6jkRp4ZM8wuBoNRRD8WIYIpAsrDcnq0GxmfFo":{"chainKey":{"counter":0},"chainType":2,"messageKeys":{}},"BTV0exK7/Jxvs7HqOEdSFo+UOduvHIpWLjq9u5DrW7Nd":{"chainKey":{"counter":0},"chainType":2,"messageKeys":{}},"BUz08TpDgeSlUegZVoNO1SvcDuBB6iU64kpH5svJUE8S":{"chainKey":{"counter":0},"chainType":2,"messageKeys":{}},"BaKPDweinRsKllZ4KrNiAQVO+eQ9gmakIbUJ67kvK+oc":{"chainKey":{"counter":0},"chainType":2,"messageKeys":{}},"BdTeS3kgD5PSCMsJdd+6o/Zrks3xDnBXkEQlHm08HKcn":{"chainKey":{"counter":0},"chainType":2,"messageKeys":{}},"BTkhX3AWUg0N5sVAbMsFnC2/nm+dpDa212Qiz56dYx0N":{"chainKey":{"counter":0},"chainType":2,"messageKeys":{}},"BblY36SDdk46TJ0oL+GHk6GnvvYFT2WFB99KQ5huzkYW":{"chainKey":{"counter":0},"chainType":2,"messageKeys":{}},"BZo++IuIKF3chLzoFEKdLN2NuexXXW3IrhQtrkHELndK":{"chainKey":{"counter":0},"chainType":2,"messageKeys":{}},"BUjpkBp0K7/QIlixujGBn3jcaw4rW3goZQOxPKbFvAZH":{"chainKey":{"counter":0},"chainType":2,"messageKeys":{}},"Beu/QWaUEToMbUeacGX42kxL0dbZpjz2hNF634ukxrhx":{"chainKey":{"counter":0},"chainType":2,"messageKeys":{}},"BcwSEx3G/lC+EN5hZZyl+s20RVDKq8JimikycPSWy2FU":{"chainKey":{"counter":0},"chainType":2,"messageKeys":{}},"BYie+6KHF8LSjsfSLVGupZCm9TYcWMLv2aOJtnjvsh8Q":{"chainKey":{"counter":1},"chainType":2,"messageKeys":{}},"BVLduiU4gfYr4fdheF4Fw+EaAreGYM7Dk4EGqzp5zGgo":{"chainKey":{"counter":1},"chainType":2,"messageKeys":{}},"BXJQNmLLQkvZIFSdhOCGTANZvK2wyJoVwhE3nbfjPWRm":{"chainKey":{"counter":0},"chainType":2,"messageKeys":{}},"BQb0GJG0+KNfFwX4tkdM6YFeJBpqZis8U7UvaQF+wU4j":{"chainKey":{"counter":0},"chainType":2,"messageKeys":{}},"BRS9r6pquRmJD7McPfnSCTAvot0OVBujRslsx2XEZQN9":{"chainKey":{"counter":1},"chainType":2,"messageKeys":{"1":"Rar9cM/IQZsiWRvGrGfbHAc6csiedGBBJ23tStHV+jc="}},"BT+eSPBQKDmgSmc2ocyWJ8bv09+JOXG2OChAywHFT6Ve":{"chainKey":{"counter":0},"chainType":2,"messageKeys":{}},"BUObqSTkQTZ02u46ukayfjA0FNgcV4cCpa9wrJp48b56":{"chainKey":{"counter":0},"chainType":2,"messageKeys":{}},"BRJr5sKfFHWhZVIw87QsgDDI1vRE4/OY8CxnGRh6K6tY":{"chainKey":{"counter":0},"chainType":2,"messageKeys":{}},"BZAF5xa1qiIE80R+OfKabL4JHooSVIdhEl97QBXuyl1p":{"chainKey":{"counter":0},"chainType":2,"messageKeys":{}},"Bc4rtFI8/QEencEIvtkTn/bKoQD1zJTHIJnIQ2BL3Mkf":{"chainKey":{"counter":1},"chainType":2,"messageKeys":{}},"BdRWZmaoCm0+cnmt2CXuiAr8CrOPdz3EALBUuWMsPC5W":{"chainKey":{"counter":0,"key":"sn1RmJv2cdiyrLAbNNO83YPIzPcJ8i8eMAi3EuNM6rw="},"chainType":2,"messageKeys":{}},"BX17EONeF8Fz7x/A9goEuwtsNV4sv4ZAometCvfQun4L":{"chainKey":{"counter":18,"key":"QXCIFH1DPvQUndljJpINJ3RJKyuOBxOeAey4X8mbabk="},"chainType":1,"messageKeys":{}}}}},"version":"v1"}