{"_sessions":{"BYBRopGv52cXFxreHoC7x85bTw+R6gXNQl2CfXnV8dRO":{"registrationId":1799740551,"currentRatchet":{"ephemeralKeyPair":{"pubKey":"BcMpY0yCUnhKn5wmpewzSauj3UZGuzGaWoOtWRZGBAFZ","privKey":"aCQCxWvMiZwK3Y4b3oT8NaRWk84evVVcnPH8sVIo/0E="},"lastRemoteEphemeralKey":"BddxQAxio5N1GkCsJar970+C+jB10b7oSoAPbFYRSRwy","previousCounter":0,"rootKey":"flc35su4Tcmh8IxbmQ5vbZD1f7GW6o7YetAS0GBZJj4="},"indexInfo":{"baseKey":"BYBRopGv52cXFxreHoC7x85bTw+R6gXNQl2CfXnV8dRO","baseKeyType":1,"closed":-1,"used":1721059323223,"created":1721059323223,"remoteIdentityKey":"BTmomqcxpobPlX9tbiCuqy8AEH7DPu1jsPFj36eMnLEQ"},"_chains":{"BcMpY0yCUnhKn5wmpewzSauj3UZGuzGaWoOtWRZGBAFZ":{"chainKey":{"counter":5,"key":"v5T2R/qmAocqz6VOmKVp4uQxxqxC6YrLN6sqce/3Bb4="},"chainType":1,"messageKeys":{}}},"pendingPreKey":{"signedKeyId":9,"baseKey":"BYBRopGv52cXFxreHoC7x85bTw+R6gXNQl2CfXnV8dRO"}}},"version":"v1"}