{"_sessions":{"BcENozRoYYcYGOqa3mi7+AiQlBSPLKFv0t7k10JjwLc+":{"registrationId":1840991460,"currentRatchet":{"ephemeralKeyPair":{"pubKey":"BSRqMhOktaq5gWkHOS2Yc/CvOKKEBD72lwVEMrpkDKB0","privKey":"iKMp2lbHuHkv4F1CQJy/CM+xL8FM8J8MglyCzaEx32Y="},"lastRemoteEphemeralKey":"BSZ30IgbTqBpKn0xj60AGHqrvnjawbk6vtSCXXavBdAU","previousCounter":0,"rootKey":"EUxV0jRaIlUsgU3+hj9tCO9x+lc7adv7ALnMgXDX1nc="},"indexInfo":{"baseKey":"BcENozRoYYcYGOqa3mi7+AiQlBSPLKFv0t7k10JjwLc+","baseKeyType":1,"closed":-1,"used":1721061609856,"created":1721061609856,"remoteIdentityKey":"BbqJ2meZb4ALa8j8/lhHWZ4Feb4orBqHUAfON3f0QQYu"},"_chains":{"BSRqMhOktaq5gWkHOS2Yc/CvOKKEBD72lwVEMrpkDKB0":{"chainKey":{"counter":4,"key":"AY1l2R/Sigby+R3/o9OxZyrEwf+9+kFgXKyR68WjKEM="},"chainType":1,"messageKeys":{}}},"pendingPreKey":{"signedKeyId":9,"baseKey":"BcENozRoYYcYGOqa3mi7+AiQlBSPLKFv0t7k10JjwLc+","preKeyId":13216094}}},"version":"v1"}