{"_sessions":{"BWYR9TLfah4H6IKsmjlml9iAc1nzQ7Qr6i0aMqGcomNE":{"registrationId":215,"currentRatchet":{"ephemeralKeyPair":{"pubKey":"BSt7mZPVRkW5/bdE/FoCGZMKJGgjcpBPTLq+OatrrPN3","privKey":"OKnG5/ACahzFumoeVx8NEmsOtbfgvKf8RqWeLRpAEFs="},"lastRemoteEphemeralKey":"BY0SXwUGP8si98hFLSx/bwUsxozfZLZOSeVgy/L5U49C","previousCounter":0,"rootKey":"gmFOkn2NGMIrfAmC8i+SSRxfxXw86o4RUtwX+HsaCAY="},"indexInfo":{"baseKey":"BWYR9TLfah4H6IKsmjlml9iAc1nzQ7Qr6i0aMqGcomNE","baseKeyType":1,"closed":-1,"used":1721051772185,"created":1721051772185,"remoteIdentityKey":"BTpbqzyj/lF2PYqgojI0cLkCp3hGfOHcVO0RKCCKXmdZ"},"_chains":{"BSt7mZPVRkW5/bdE/FoCGZMKJGgjcpBPTLq+OatrrPN3":{"chainKey":{"counter":0,"key":"kUL/r8iS+lsT4pPGif3HbSUQWpZbUaVWAIOKY91IBjQ="},"chainType":1,"messageKeys":{}}},"pendingPreKey":{"signedKeyId":1,"baseKey":"BWYR9TLfah4H6IKsmjlml9iAc1nzQ7Qr6i0aMqGcomNE"}}},"version":"v1"}