{"_sessions":{"BYYcFWEFCqk5IekP9I/yubUFb6jE1T0cW2+OEkxtu1xP":{"registrationId":645933506,"currentRatchet":{"ephemeralKeyPair":{"pubKey":"BZdjXEZAWomoB1VgOIdX44WDXYFbhN7RYq517xuD39At","privKey":"2CqpD8XTN2F+XcR3NzIqp3tyvVtpuMRLDfNCPyk6CHA="},"lastRemoteEphemeralKey":"BdGJHi5EQblo1tiv+5FMToyB49FH4jlqm1UzIAJttis/","previousCounter":0,"rootKey":"4C5yc8kK5hQkxdCmgj52zwdWFB79/vI9stUXYpO0IE8="},"indexInfo":{"baseKey":"BYYcFWEFCqk5IekP9I/yubUFb6jE1T0cW2+OEkxtu1xP","baseKeyType":1,"closed":-1,"used":1721069705732,"created":1721069705732,"remoteIdentityKey":"BayTUbo6qHegqTscgkP+2iXmwKSeVnI1wL13G+XFQVoO"},"_chains":{"BZdjXEZAWomoB1VgOIdX44WDXYFbhN7RYq517xuD39At":{"chainKey":{"counter":0,"key":"0RoNlb194p0zT/xFRsxG67QWU5jUUg/7tgvv/PlmeGc="},"chainType":1,"messageKeys":{}}},"pendingPreKey":{"signedKeyId":1,"baseKey":"BYYcFWEFCqk5IekP9I/yubUFb6jE1T0cW2+OEkxtu1xP","preKeyId":11338537}}},"version":"v1"}