{"_sessions":{"BRmOG8iYO2rluEHVw/1ONZCdh5JhKz/USAxFnt+uiFYQ":{"registrationId":127889055,"currentRatchet":{"ephemeralKeyPair":{"pubKey":"BR+9sjWe2C2XgtDkXPLAuNcDv9q3iWy+0MwECGvWM0dn","privKey":"CIqT+9n6GBCIWSc8BP3oIlYtw2/pGawz/LoRF5BqTGY="},"lastRemoteEphemeralKey":"BVWAp7X/6dryOS/n8r5e0rlh4qiFfLAHtP2QTlI/JIcv","previousCounter":17,"rootKey":"RBxLlpyiam4wxdW83euBVp6855nwQ4KUy7gTba88ouU="},"indexInfo":{"baseKey":"BRmOG8iYO2rluEHVw/1ONZCdh5JhKz/USAxFnt+uiFYQ","baseKeyType":1,"closed":-1,"used":1721052611618,"created":1721051171069,"remoteIdentityKey":"BTeIMZnpp1LkWz/EvnvstFi/4XXWmIdLGWH1MBuYWYsg"},"_chains":{"BVWAp7X/6dryOS/n8r5e0rlh4qiFfLAHtP2QTlI/JIcv":{"chainKey":{"counter":0,"key":"bgs/NSYiQuyVgkXM2tx8+zHjnnntj0YlaNMHsRNbgSY="},"chainType":2,"messageKeys":{}},"BR+9sjWe2C2XgtDkXPLAuNcDv9q3iWy+0MwECGvWM0dn":{"chainKey":{"counter":113,"key":"eBUT75oyz5P8+K3qIkYKvJCSZSai0Hs9wru265GqEAI="},"chainType":1,"messageKeys":{}}}}},"version":"v1"}