{"_sessions":{"BcvJtZ56nwib+4MLtNYBu2oaUkVOa0GzDBHseUQGwLx4":{"registrationId":1492117765,"currentRatchet":{"ephemeralKeyPair":{"pubKey":"BU/8IvtO7Ia7iC5rnC0KA+vgPQbhvjCglPt67CtyUvQL","privKey":"iFSvXlJ+I7GTYIBwt/lSHsO9avoGMPrAtXX2zRDCfnU="},"lastRemoteEphemeralKey":"BRgmYcaVHgLYybdYzFL2umYoPYwOicnkhxcXOF1FdjIy","previousCounter":0,"rootKey":"aWCFnrpYKp5YgznUlgX5nvJiSxXO/rdMQ6bO/MCpzUQ="},"indexInfo":{"baseKey":"BcvJtZ56nwib+4MLtNYBu2oaUkVOa0GzDBHseUQGwLx4","baseKeyType":1,"closed":-1,"used":1721059323044,"created":1721059323044,"remoteIdentityKey":"BeuE99KCGTnX7kSKDsmD7zANe97czc2zcSMgD+K4ogsE"},"_chains":{"BU/8IvtO7Ia7iC5rnC0KA+vgPQbhvjCglPt67CtyUvQL":{"chainKey":{"counter":10,"key":"wq48fVIYxGjOr53F1K4yqrpMuI0l5T89gRwH780QmtU="},"chainType":1,"messageKeys":{}}},"pendingPreKey":{"signedKeyId":6,"baseKey":"BcvJtZ56nwib+4MLtNYBu2oaUkVOa0GzDBHseUQGwLx4","preKeyId":1371805}}},"version":"v1"}