{"_sessions":{"Bbs/zjdlIhjhXpKPnaCR/WTynsihozdDOY2vNiPXGOJz":{"registrationId":88,"currentRatchet":{"ephemeralKeyPair":{"pubKey":"BeDofbB7ewBJ36DiZgynRBQNHK/mS1neEBO8teVf41wY","privKey":"iH/9RjaA9XnodyoE5iGCqtUfx65EKLVWurc08NdTZWg="},"lastRemoteEphemeralKey":"BZiCjFjD1A6D9j4uLwmQ2w6Y617az3G67J4uo6cnjrRR","previousCounter":1,"rootKey":"jpzlfJz+tsUWqfRFwEbtLDRzP4dpQtRrCMStMl9l7Sw="},"indexInfo":{"baseKey":"Bbs/zjdlIhjhXpKPnaCR/WTynsihozdDOY2vNiPXGOJz","baseKeyType":2,"closed":1721074794067,"used":1721076265259,"created":1721053770947,"remoteIdentityKey":"BVGgOndZINdGstYFsQ2oa8d1gifmJGQLExWJ8RmEfDF7"},"_chains":{"BSxpUSDkEqL6WNxYf8bIo+1tW9nVhwsj6NjouETXy0tL":{"chainKey":{"counter":0},"chainType":2,"messageKeys":{}},"BZFQjuLkQ72PjJ42v93HP+fX8aA+FOOwvqLnkaRr/vVV":{"chainKey":{"counter":1},"chainType":2,"messageKeys":{}},"BeGIU8Ziwp3sGjbSE31rWqGxjuAoAwogZtvhOUGEZeQS":{"chainKey":{"counter":0},"chainType":2,"messageKeys":{}},"BZiCjFjD1A6D9j4uLwmQ2w6Y617az3G67J4uo6cnjrRR":{"chainKey":{"counter":3,"key":"ENxEciu6QUsheJWDlpHaJQtQTePwk/oBC+vABWeeAZA="},"chainType":2,"messageKeys":{}},"BeDofbB7ewBJ36DiZgynRBQNHK/mS1neEBO8teVf41wY":{"chainKey":{"counter":-1,"key":"bcGHIwseGqcG41Pb91VTPbQCnuM+tYm3wNgH+bD7egc="},"chainType":1,"messageKeys":{}}}},"BTYVl2Is7jN2SkL58LdoQwa8RzoBGXy/upEpGWwhwDwx":{"registrationId":88,"currentRatchet":{"ephemeralKeyPair":{"pubKey":"BWq609aPQz1db7jW/bw8CGS3OK/X8r3zqufZqrXOioU8","privKey":"2EuwEJgfeGJDuQKZIqa60ZI8fdoXLnB3AZZ6d8ICt2M="},"lastRemoteEphemeralKey":"BZiCjFjD1A6D9j4uLwmQ2w6Y617az3G67J4uo6cnjrRR","previousCounter":0,"rootKey":"FP39h2S+upmHpTe4VdcLZHYkkYP8CmtvA01KgjjC8A0="},"indexInfo":{"baseKey":"BTYVl2Is7jN2SkL58LdoQwa8RzoBGXy/upEpGWwhwDwx","baseKeyType":1,"closed":1721076268808,"used":1721074794066,"created":1721074794066,"remoteIdentityKey":"BVGgOndZINdGstYFsQ2oa8d1gifmJGQLExWJ8RmEfDF7"},"_chains":{"BZiCjFjD1A6D9j4uLwmQ2w6Y617az3G67J4uo6cnjrRR":{"chainKey":{"counter":2,"key":"XLb4dnj2WSta+ZPjUEQkXc+bku59tWPTOcHpcCL+NUc="},"chainType":2,"messageKeys":{"0":"b0MY4li15jrBOnvRyO8dCX/LoXiKJSXteQweO0mw3gU=","1":"zXRPrk+w61hh6T7PeaKvHd//TAhOsnIGYsHHmeZUNOs="}},"BWq609aPQz1db7jW/bw8CGS3OK/X8r3zqufZqrXOioU8":{"chainKey":{"counter":0,"key":"YK2zbwv3xet1NnOvma/TqQf0bzF0jWeOYoVhgP3yoD8="},"chainType":1,"messageKeys":{}}},"pendingPreKey":{"signedKeyId":1,"baseKey":"BTYVl2Is7jN2SkL58LdoQwa8RzoBGXy/upEpGWwhwDwx","preKeyId":202}},"BToRndrVw/8nqoQL2IIwjWo6OlOy76Q7ZNw1OrYtwi40":{"registrationId":88,"currentRatchet":{"ephemeralKeyPair":{"pubKey":"BUxhrwOWwya6GJBK+zdUC+rH/VxRS49pBcKAFfI2puRk","privKey":"6BoszL/31TITqU66+v+mEQ6et6ihrACrttg8IlHWNFE="},"lastRemoteEphemeralKey":"BTlfjdAod4zFFKWNt+ag7XiQJQBgNGakLLKkRKxVWhYn","previousCounter":0,"rootKey":"Po+mHiw0zPv5ornrjyKO7A3yA62JhBotugbxiOUuins="},"indexInfo":{"baseKey":"BToRndrVw/8nqoQL2IIwjWo6OlOy76Q7ZNw1OrYtwi40","baseKeyType":1,"closed":1721076289847,"used":1721076268806,"created":1721076268806,"remoteIdentityKey":"BVGgOndZINdGstYFsQ2oa8d1gifmJGQLExWJ8RmEfDF7"},"_chains":{"BUxhrwOWwya6GJBK+zdUC+rH/VxRS49pBcKAFfI2puRk":{"chainKey":{"counter":0,"key":"OGlgZT5Ggf+OKYzqJIYCWjX7vWFeXIMhywjkq77KVRA="},"chainType":1,"messageKeys":{}}},"pendingPreKey":{"signedKeyId":1,"baseKey":"BToRndrVw/8nqoQL2IIwjWo6OlOy76Q7ZNw1OrYtwi40","preKeyId":188}},"BWJt48cukEJ0EtF+l3FQrBi68DWYqJic1yoTmQBfyr19":{"registrationId":88,"currentRatchet":{"ephemeralKeyPair":{"pubKey":"BVrA6LHQyoq1zHZyTytzuYd+KUc4yS/lL7djDYwrptIz","privKey":"AOjGzcdzfLDK6HHdb/YGnL4wSJRjaS92JF1Sn+P5SkA="},"lastRemoteEphemeralKey":"BTlfjdAod4zFFKWNt+ag7XiQJQBgNGakLLKkRKxVWhYn","previousCounter":0,"rootKey":"6qMWXuN5eLPAygDwyFB3bZLBE4IvVBZEgQ6wBRJrhWc="},"indexInfo":{"baseKey":"BWJt48cukEJ0EtF+l3FQrBi68DWYqJic1yoTmQBfyr19","baseKeyType":1,"closed":1721078051727,"used":1721076289844,"created":1721076289844,"remoteIdentityKey":"BVGgOndZINdGstYFsQ2oa8d1gifmJGQLExWJ8RmEfDF7"},"_chains":{"BVrA6LHQyoq1zHZyTytzuYd+KUc4yS/lL7djDYwrptIz":{"chainKey":{"counter":0,"key":"wxIrlwSRhVSqR5+TMwWmKuhrGDIzggMN0oov9oaTeJs="},"chainType":1,"messageKeys":{}}},"pendingPreKey":{"signedKeyId":1,"baseKey":"BWJt48cukEJ0EtF+l3FQrBi68DWYqJic1yoTmQBfyr19","preKeyId":210}},"BY/lM+K94/ZFAN16LmRrZCQND8s4qX15BS5GlFMU14ls":{"registrationId":88,"currentRatchet":{"ephemeralKeyPair":{"pubKey":"BeXbL2EPrmFM2zGAy5THspmXA/CMuDndUemL9vJSDlRp","privKey":"SM988bBVVyCwQBcXcR/gL/83qEx3AX9IpJWO1Kxp2EE="},"lastRemoteEphemeralKey":"BfpB+nhiaMXLkqornKaUBunzinN4vPljlKjrV2Avhswt","previousCounter":0,"rootKey":"tLdh1Mu0IOXu8GUdCtI/SVqSqg8DtUy9G8WbAlyWwvE="},"indexInfo":{"baseKey":"BY/lM+K94/ZFAN16LmRrZCQND8s4qX15BS5GlFMU14ls","baseKeyType":1,"closed":1721118964259,"used":1721128485156,"created":1721078051725,"remoteIdentityKey":"BVGgOndZINdGstYFsQ2oa8d1gifmJGQLExWJ8RmEfDF7"},"_chains":{"BZVRiLJt5/r9wCe6oZ14gow8n8atXklONTTox3CdxmkN":{"chainKey":{"counter":0},"chainType":2,"messageKeys":{}},"BZzB3s7Ex/A3MRPDfrZGNRvKzqoWKs0GJfOBxIQkLmAm":{"chainKey":{"counter":0},"chainType":2,"messageKeys":{}},"Bc6khWRKUJfeqiPNR25fMJDXf2CokHkjcERD44c2ecIp":{"chainKey":{"counter":3},"chainType":2,"messageKeys":{}},"BfpB+nhiaMXLkqornKaUBunzinN4vPljlKjrV2Avhswt":{"chainKey":{"counter":4,"key":"6s+znOmkLQ5XZBdqCfKX7tMKaCcJKZMBQUirnyqGat8="},"chainType":2,"messageKeys":{}},"BeXbL2EPrmFM2zGAy5THspmXA/CMuDndUemL9vJSDlRp":{"chainKey":{"counter":-1,"key":"eDBJTfj6nEK0inL+GHWnWVoQU2F2qNEidezL883jVfM="},"chainType":1,"messageKeys":{}}}},"BQLJ0FWXQ4Mb+Vi4twag/VBYEHEoGtoHP8cN5c+utHEG":{"registrationId":88,"currentRatchet":{"ephemeralKeyPair":{"pubKey":"BTFVCqs+Wgg0s2ri6XqPExyiACuud5AQC40khVt0bMYI","privKey":"QJbZScFKBXdQZA19OPbIr1XxJcatgFsSSB3U4s0pJnE="},"lastRemoteEphemeralKey":"BfpB+nhiaMXLkqornKaUBunzinN4vPljlKjrV2Avhswt","previousCounter":0,"rootKey":"Yv1qpShP5PKUmoSkQSDQOcB3XwbswM7hbFptsm6b1eY="},"indexInfo":{"baseKey":"BQLJ0FWXQ4Mb+Vi4twag/VBYEHEoGtoHP8cN5c+utHEG","baseKeyType":1,"closed":1721128746346,"used":1721118964255,"created":1721118964255,"remoteIdentityKey":"BVGgOndZINdGstYFsQ2oa8d1gifmJGQLExWJ8RmEfDF7"},"_chains":{"BfpB+nhiaMXLkqornKaUBunzinN4vPljlKjrV2Avhswt":{"chainKey":{"counter":2,"key":"i39KipbYimAYO5pk4DR/wF5XZb/Bk6OFfhLqM6FAhVk="},"chainType":2,"messageKeys":{"0":"xdBLUVAama9UtQMFtLRmlzakcON35W+BmJhGTibWIpo=","1":"h7DU7WXoWt7Fbd+wilD2nItL7GRefkGAEqCfbCNNpcQ="}},"BTFVCqs+Wgg0s2ri6XqPExyiACuud5AQC40khVt0bMYI":{"chainKey":{"counter":0,"key":"Vf0/thjXT9pWA9Z8dX4K6p4W5B2kEv0WFHZixwkLQZw="},"chainType":1,"messageKeys":{}}},"pendingPreKey":{"signedKeyId":1,"baseKey":"BQLJ0FWXQ4Mb+Vi4twag/VBYEHEoGtoHP8cN5c+utHEG","preKeyId":201}},"BZiqVlfEtK2T3lzvDO+Da1rKBuR5bSJUVO8PKklF0ks/":{"registrationId":88,"currentRatchet":{"ephemeralKeyPair":{"pubKey":"BTdZRTbajc5Vi1xx6kDt1jmt4AaYMUSnXz48Wt5Rrh4x","privKey":"8GL2wF9ouT7aHe9NXDlZGO1j3WAgF0jrtWucYFiQfX8="},"lastRemoteEphemeralKey":"Bf0fmun/F+H4hyr4Yr+LrPPZvSG9buR8tgMYtySUzuxO","previousCounter":34,"rootKey":"rT8iaS0xDQk31jU13y3FtdJtIK8DbPBQ1w3OAmmXw8c="},"indexInfo":{"baseKey":"BZiqVlfEtK2T3lzvDO+Da1rKBuR5bSJUVO8PKklF0ks/","baseKeyType":1,"closed":1721141856101,"used":1721138845405,"created":1721128746343,"remoteIdentityKey":"BVGgOndZINdGstYFsQ2oa8d1gifmJGQLExWJ8RmEfDF7"},"_chains":{"Bf0fmun/F+H4hyr4Yr+LrPPZvSG9buR8tgMYtySUzuxO":{"chainKey":{"counter":0,"key":"pfp6agYHZbIWA/p3CWwDKuGpvLofCk4BFDsvJi7EqlU="},"chainType":2,"messageKeys":{}},"BTdZRTbajc5Vi1xx6kDt1jmt4AaYMUSnXz48Wt5Rrh4x":{"chainKey":{"counter":-1,"key":"09wsvZvGa8DvxDm7bVXB5RMePt9AQ9XsjvZT9whz/3c="},"chainType":1,"messageKeys":{}}}},"BYyWXxyRVZzWkrVSMvrWZHZljyb4tV8HK5yEBJhTQVdW":{"registrationId":88,"currentRatchet":{"ephemeralKeyPair":{"pubKey":"BX2UvOizrnS8MF3ivh/QEj638Vf0mRhYpICw7Hx1JKcC","privKey":"sLKNpu2cT7or05ivVAz78dI+v7ijFbm3rR/RZJnFakc="},"lastRemoteEphemeralKey":"BSabwPm7i7h5W0C9OUSkqEK74yHagxGyMV+U+w5FPgNR","previousCounter":0,"rootKey":"bXzc/9dPzOL7QJ9mLjYd02sxK6M9zGlwkjL2lGJXcxQ="},"indexInfo":{"baseKey":"BYyWXxyRVZzWkrVSMvrWZHZljyb4tV8HK5yEBJhTQVdW","baseKeyType":2,"closed":1721143370030,"used":1721141856105,"created":1721141856105,"remoteIdentityKey":"BVGgOndZINdGstYFsQ2oa8d1gifmJGQLExWJ8RmEfDF7"},"_chains":{"BSabwPm7i7h5W0C9OUSkqEK74yHagxGyMV+U+w5FPgNR":{"chainKey":{"counter":0,"key":"RU12upSr7uRJI00nXFwQmDMJwB1Xgh5IonZeL4T+hlM="},"chainType":2,"messageKeys":{}},"BX2UvOizrnS8MF3ivh/QEj638Vf0mRhYpICw7Hx1JKcC":{"chainKey":{"counter":-1,"key":"IFi8jKZwSX/67fKAUyjbzz9f55kNQI7QdAv++TsNaLI="},"chainType":1,"messageKeys":{}}}},"BZ4Et0dOFRe9LNYpQClnHLIt6Xei5IrlDr4Qnb3PHjF0":{"registrationId":88,"currentRatchet":{"ephemeralKeyPair":{"pubKey":"BY4htINAZCsYR6UPeJBHpZLrJTEjvAMFiAFjxRWbiBM/","privKey":"WA3Ia1qg99aUdJZx0/laEDQ+Qj4iNjLnB8IBjbaNVGY="},"lastRemoteEphemeralKey":"BQWctVtnaAGre9yHCWAFzyYcAMGNWt+EXvp9tKJNGPA7","previousCounter":17,"rootKey":"G7j9IFOt5fSr9kGDKYGZhGzHhyLdvlvzBG0XORmJmHE="},"indexInfo":{"baseKey":"BZ4Et0dOFRe9LNYpQClnHLIt6Xei5IrlDr4Qnb3PHjF0","baseKeyType":1,"closed":-1,"used":1721157231268,"created":1721143370027,"remoteIdentityKey":"BVGgOndZINdGstYFsQ2oa8d1gifmJGQLExWJ8RmEfDF7"},"_chains":{"Bb3cRYvnNTt31ksdf+ldFNIQaVorOuF4ywkWktsI/NEA":{"chainKey":{"counter":0},"chainType":2,"messageKeys":{}},"BdIOMn0iMJnwLa3dd6vTda/JfiyKK6k/uLrUwTczQywJ":{"chainKey":{"counter":1},"chainType":2,"messageKeys":{}},"BQWctVtnaAGre9yHCWAFzyYcAMGNWt+EXvp9tKJNGPA7":{"chainKey":{"counter":0,"key":"eiFga1eCJwPG8cG3OLcYWhOLOQK/qyTYSitcFNNjmg0="},"chainType":2,"messageKeys":{}},"BY4htINAZCsYR6UPeJBHpZLrJTEjvAMFiAFjxRWbiBM/":{"chainKey":{"counter":-1,"key":"oPDKneaMcfj3jYI4ik4I/Jbxdv8E3ZxTWjssDUEPqZw="},"chainType":1,"messageKeys":{}}}}},"version":"v1"}