{"_sessions":{"BWzRmh9Z06f+d1YTARd80LZq5VTIgIOOLilWZDBeWQop":{"registrationId":2136150050,"currentRatchet":{"ephemeralKeyPair":{"pubKey":"Bc9B82cbxi5Wy6BP2CtZNC41W6hC2YQ86NtIWiEbvBYD","privKey":"8B2xh6Al6oEJIXyIryj2cqoVMXigYexmV26PgdiZHEA="},"lastRemoteEphemeralKey":"BcV9MIc+vRSoTXuDhGK+s+xzIy715yb5+Fv2XHRuGLpe","previousCounter":1,"rootKey":"NIwJclu2Qg6Smf+/MfKUslrzCan9KeMo4UXfUFRe6KE="},"indexInfo":{"baseKey":"BWzRmh9Z06f+d1YTARd80LZq5VTIgIOOLilWZDBeWQop","baseKeyType":1,"closed":1721138816554,"used":1721138851956,"created":1721138813873,"remoteIdentityKey":"BQv6f7KDzd/hXvMlez/rJfAkaTcO6LDZlGCrrXIhkhge"},"_chains":{"BcV9MIc+vRSoTXuDhGK+s+xzIy715yb5+Fv2XHRuGLpe":{"chainKey":{"counter":0,"key":"+8YY5BKOA9m2THGz9OTrKsMORq9jzITlpHz95vk1EUI="},"chainType":2,"messageKeys":{}},"Bc9B82cbxi5Wy6BP2CtZNC41W6hC2YQ86NtIWiEbvBYD":{"chainKey":{"counter":-1,"key":"gn1hHUTRAR6DuqZUz2M+KabI4lRjjpFX81uSNuFv9Rg="},"chainType":1,"messageKeys":{}}}},"Bf8THqVM95l3Njwn+wRHNiA1SFvAqWGKZY+KRgNDAuJi":{"registrationId":2136150050,"currentRatchet":{"ephemeralKeyPair":{"pubKey":"BUpWIg4CWJsecpJqfmxz4z3F3SyiQRdfIpyz/AbOkNoB","privKey":"KEQlzw4nWK29BmFAVheQILy0YKzkyLt0W23ThMfaMHw="},"lastRemoteEphemeralKey":"BcV9MIc+vRSoTXuDhGK+s+xzIy715yb5+Fv2XHRuGLpe","previousCounter":0,"rootKey":"6DVag6v+6VOV68PU2D476rH+jUab6rrLIeIRKUUebQA="},"indexInfo":{"baseKey":"Bf8THqVM95l3Njwn+wRHNiA1SFvAqWGKZY+KRgNDAuJi","baseKeyType":1,"closed":1721143961336,"used":1721138816553,"created":1721138816553,"remoteIdentityKey":"BQv6f7KDzd/hXvMlez/rJfAkaTcO6LDZlGCrrXIhkhge"},"_chains":{"BcV9MIc+vRSoTXuDhGK+s+xzIy715yb5+Fv2XHRuGLpe":{"chainKey":{"counter":0,"key":"y+1xKmBZOjaPpbbM1Z1rnSzvh1yIImy3x/Ev6MxQN0c="},"chainType":2,"messageKeys":{}},"BUpWIg4CWJsecpJqfmxz4z3F3SyiQRdfIpyz/AbOkNoB":{"chainKey":{"counter":1,"key":"Bx9oKjb0BkwFtZSOArLXoJ6rQYS7oWgK0d9WNlx4wzA="},"chainType":1,"messageKeys":{}}},"pendingPreKey":{"signedKeyId":3,"baseKey":"Bf8THqVM95l3Njwn+wRHNiA1SFvAqWGKZY+KRgNDAuJi","preKeyId":6957853}},"BYOnEmhbZOJ1oL84dsNU7dBJMRElmAvtgg0AVeDLbasE":{"registrationId":2136150050,"currentRatchet":{"ephemeralKeyPair":{"pubKey":"BcW7B7ZSjSJYZgGWKJUy9/gi4O06kj8IB7KcLv1ItogZ","privKey":"YG/+dBQmOQB5NEq8eSrbg3+GM/zP47lWTlVhgFHoLUA="},"lastRemoteEphemeralKey":"BTNHaAlKoMjEKCkQZK+FctuOmwM7YpS3Zec2bmnLp/lw","previousCounter":0,"rootKey":"55CWSqcmb+1tBlSuW6yPy2Cixa11s1LQUlsEG8XretM="},"indexInfo":{"baseKey":"BYOnEmhbZOJ1oL84dsNU7dBJMRElmAvtgg0AVeDLbasE","baseKeyType":1,"closed":-1,"used":1721143961305,"created":1721143961305,"remoteIdentityKey":"BQv6f7KDzd/hXvMlez/rJfAkaTcO6LDZlGCrrXIhkhge"},"_chains":{"BcW7B7ZSjSJYZgGWKJUy9/gi4O06kj8IB7KcLv1ItogZ":{"chainKey":{"counter":46,"key":"7aT3SOX4rEMjb9bAGX9XUrUDVarOXMX757+c1Ze1Kxk="},"chainType":1,"messageKeys":{}}},"pendingPreKey":{"signedKeyId":3,"baseKey":"BYOnEmhbZOJ1oL84dsNU7dBJMRElmAvtgg0AVeDLbasE","preKeyId":6957908}}},"version":"v1"}