{"_sessions":{"BfnULsedmDeYTLXcI1db/adzA+RVpxe+FL49/0z5lX9r":{"registrationId":5217,"currentRatchet":{"ephemeralKeyPair":{"pubKey":"BSzpJ+/S3nloV5Muap66PQV+HkJ1GlbFCEX67CYqqyEB","privKey":"qKg8DyxoMNHbkNIb+d17v/sLEqWqlLcBY7BYIRM0718="},"lastRemoteEphemeralKey":"BVeZdDdjWTvn+6kA4AohTLLlZOLlgPiDkV4bl24Lt9VD","previousCounter":0,"rootKey":"/dm2kkxi+u7RyUAG7QC8O/kp0nPYxtc76sdlo5VJ3Fw="},"indexInfo":{"baseKey":"BfnULsedmDeYTLXcI1db/adzA+RVpxe+FL49/0z5lX9r","baseKeyType":1,"closed":-1,"used":1721061609545,"created":1721061609545,"remoteIdentityKey":"BbPCyTSwmvRaDFsJxsRAJKgVTxZaHbi9QiKv49bLCEdq"},"_chains":{"BSzpJ+/S3nloV5Muap66PQV+HkJ1GlbFCEX67CYqqyEB":{"chainKey":{"counter":4,"key":"v4xmXWap5zcK37/mjmbn5lNu+JbBY16IacoVMFT9tzs="},"chainType":1,"messageKeys":{}}},"pendingPreKey":{"signedKeyId":1,"baseKey":"BfnULsedmDeYTLXcI1db/adzA+RVpxe+FL49/0z5lX9r","preKeyId":1037}}},"version":"v1"}