{"_sessions":{"BWatW2hFSyeUNzLJc4hnqrZeI3iHR5UDjNIhBN2q6Qkw":{"registrationId":1629307457,"currentRatchet":{"ephemeralKeyPair":{"pubKey":"BabPn/MGKRufQNkoSRJw5MU6GVdzeirWwA6i7z2FkCVc","privKey":"CIXPheDizuPfSUPdfesQZl6WAkRW+uwUN3HxhRO5ckI="},"lastRemoteEphemeralKey":"BQJXPPOVuCnefUMbrNphANwqEmYvEfX/CpFENrj/XMwk","previousCounter":0,"rootKey":"0H9tEkwFOFsPoMjY6jZ4t48xi1maXwpJptId55qtohs="},"indexInfo":{"baseKey":"BWatW2hFSyeUNzLJc4hnqrZeI3iHR5UDjNIhBN2q6Qkw","baseKeyType":1,"closed":-1,"used":1721051171139,"created":1721051171139,"remoteIdentityKey":"BbOvKciGMAqECokOdBcsor50hC8snqfzQHCjx2sgNM9y"},"_chains":{"BabPn/MGKRufQNkoSRJw5MU6GVdzeirWwA6i7z2FkCVc":{"chainKey":{"counter":131,"key":"yi0QyMlGouaOB7c8/adOwrAKk3Uo5nVqOs33XzvduuE="},"chainType":1,"messageKeys":{}}},"pendingPreKey":{"signedKeyId":2,"baseKey":"BWatW2hFSyeUNzLJc4hnqrZeI3iHR5UDjNIhBN2q6Qkw","preKeyId":10341509}}},"version":"v1"}