{"_sessions":{"BclAd81g4CfOWc0Y93OsFk9V7SZVZHY8G1dk95gu3jkB":{"registrationId":143,"currentRatchet":{"ephemeralKeyPair":{"pubKey":"BdceymXJWtw1NoD7plwcjEVdu7TZZx7KOpcdol2Uj3Ac","privKey":"gGrg8ws+huc8hkMREkDvPNSjWaJsp+mqKCpFLDG4L08="},"lastRemoteEphemeralKey":"Bf6acYQkXHrG+GFdBg1oTZnQUwJ1ilT98GgK3yUQQuNS","previousCounter":0,"rootKey":"ENMaYk676G7QSS1+Y5yY8lYexQIZbZzuRI/WqLXdj1g="},"indexInfo":{"baseKey":"BclAd81g4CfOWc0Y93OsFk9V7SZVZHY8G1dk95gu3jkB","baseKeyType":1,"closed":-1,"used":1721130583568,"created":1721130583568,"remoteIdentityKey":"BRiP/MA+ub9clOOnj5IqxjgfbsRQD7ktIcyvR2O2PYIX"},"_chains":{"BdceymXJWtw1NoD7plwcjEVdu7TZZx7KOpcdol2Uj3Ac":{"chainKey":{"counter":83,"key":"42XpqW55weCeq4Qm1G5R1dFDgQXdJh32dEjqo9MIcg4="},"chainType":1,"messageKeys":{}}},"pendingPreKey":{"signedKeyId":1,"baseKey":"BclAd81g4CfOWc0Y93OsFk9V7SZVZHY8G1dk95gu3jkB"}}},"version":"v1"}