{"_sessions":{"Bd1qBDKJj+5nDK+PNcxTQFrOu5KM6dxKnu/NB03ntp9V":{"registrationId":17278779,"currentRatchet":{"ephemeralKeyPair":{"pubKey":"BS2xopexPr8pleJsYcMdx4ZZT0OIOK4VbL1yuNNPkNQq","privKey":"mK8bqF6PAAyaF2sPV7enSqOlqq5v2Wktl5vMxWdiuEI="},"lastRemoteEphemeralKey":"BVH8d3hEfgfNrLZXmRft1WUK4Uks6xGti7uqnFYOgXIM","previousCounter":0,"rootKey":"xAxyXDoNBocjkDTQV6kOMiZxrfHmuezpkVRixErrAjU="},"indexInfo":{"baseKey":"Bd1qBDKJj+5nDK+PNcxTQFrOu5KM6dxKnu/NB03ntp9V","baseKeyType":1,"closed":1721138815007,"used":1721138827503,"created":1721138813877,"remoteIdentityKey":"BdZwWCXzUWP2gdpeum1nRR03PND8b66w2fmvJUk5r8cb"},"_chains":{"BVH8d3hEfgfNrLZXmRft1WUK4Uks6xGti7uqnFYOgXIM":{"chainKey":{"counter":0,"key":"nAH7g/ofGtPScAirtLQtVjR642gwMC8BiCi+mFVw+rg="},"chainType":2,"messageKeys":{}},"BS2xopexPr8pleJsYcMdx4ZZT0OIOK4VbL1yuNNPkNQq":{"chainKey":{"counter":-1,"key":"SnD5TP1uebBtcTxomiukbE6XdJOlme25hqyBESLRW5o="},"chainType":1,"messageKeys":{}}}},"BRhYWRRTK1+im6k6CjAI126hsZ1sKw5iB9P9MyfH52Qu":{"registrationId":17278779,"currentRatchet":{"ephemeralKeyPair":{"pubKey":"BVYnWaJiokAGWzS/SVJM7xH2LW4FfiAzi4D59aVX6kpY","privKey":"8Ip+bbHKS4gfHVo2N7PFAXfW3kznI/eOS8vOqrs1a2k="},"lastRemoteEphemeralKey":"BVH8d3hEfgfNrLZXmRft1WUK4Uks6xGti7uqnFYOgXIM","previousCounter":1,"rootKey":"LieYwoTizPl2S8nSFW9lUr1eCInKl1JmM5AR3dKCpNw="},"indexInfo":{"baseKey":"BRhYWRRTK1+im6k6CjAI126hsZ1sKw5iB9P9MyfH52Qu","baseKeyType":1,"closed":1721143963849,"used":1721138815005,"created":1721138815005,"remoteIdentityKey":"BdZwWCXzUWP2gdpeum1nRR03PND8b66w2fmvJUk5r8cb"},"_chains":{"BVH8d3hEfgfNrLZXmRft1WUK4Uks6xGti7uqnFYOgXIM":{"chainKey":{"counter":0,"key":"x7g2SeubizL2KiYwM+zgcb1/xjZBhO+nNg5PSSQWk2I="},"chainType":2,"messageKeys":{}},"BVYnWaJiokAGWzS/SVJM7xH2LW4FfiAzi4D59aVX6kpY":{"chainKey":{"counter":2,"key":"uCaZu/oMQ7TIWFVyW4YceHD3j7b2UAV55e1kMSiNmGg="},"chainType":1,"messageKeys":{}}},"pendingPreKey":{"signedKeyId":2,"baseKey":"BRhYWRRTK1+im6k6CjAI126hsZ1sKw5iB9P9MyfH52Qu","preKeyId":11950227}},"BTCaryWHR6M9T0+Ilve97ItVHVpq0YBw4vcR4SIyvzAk":{"registrationId":17278779,"currentRatchet":{"ephemeralKeyPair":{"pubKey":"BXvqOEWg0r3WLKlKGusfTVU48heIEGGfp6J6oqFtAIVx","privKey":"8CWzmOFZImdZ5ZjeDw87PBjfgcBbaaA39eXSL78XOnM="},"lastRemoteEphemeralKey":"BZ6Nvt96+RqNmblMfb/NGlsZGwkS6xbwMJ9i6wV4EeBR","previousCounter":45,"rootKey":"SrC6LJnbgsvsXXFGpGeLwEgpoSlClpWMRxn9U/g/U5U="},"indexInfo":{"baseKey":"BTCaryWHR6M9T0+Ilve97ItVHVpq0YBw4vcR4SIyvzAk","baseKeyType":1,"closed":-1,"used":1721157463711,"created":1721143963847,"remoteIdentityKey":"BdZwWCXzUWP2gdpeum1nRR03PND8b66w2fmvJUk5r8cb"},"_chains":{"BZ6Nvt96+RqNmblMfb/NGlsZGwkS6xbwMJ9i6wV4EeBR":{"chainKey":{"counter":0,"key":"6YQzVdCHI8gucOU9TvqZ33BIA3VW0HcKK/dlZQkudfE="},"chainType":2,"messageKeys":{}},"BXvqOEWg0r3WLKlKGusfTVU48heIEGGfp6J6oqFtAIVx":{"chainKey":{"counter":-1,"key":"PcBR4eiHwTCXi1RV5ZIIZAxO1bXrw9esRk+7Hf+eckY="},"chainType":1,"messageKeys":{}}}}},"version":"v1"}