{"_sessions":{"BRwvdgapFMA0eJX4jrZr24MEXTtHQriQ7ygQE6ARAPQ3":{"registrationId":730398353,"currentRatchet":{"ephemeralKeyPair":{"pubKey":"BcQaGTrLCYRpK4yG6M/s8hJq9CYnzRluonHxS5Jo12Y2","privKey":"iKy3uNAZIcHL71EfoPzdBJc3jhTg4MnqwbNFfGby3WI="},"lastRemoteEphemeralKey":"BUPvfBAEYpC2ooAZ482I6CA68BW/o2S/J34NGpLD6cQy","previousCounter":0,"rootKey":"/6WN2sNFnwE/NaZeceSeKqrKcXdKiS06NlGXPDRAXFM="},"indexInfo":{"baseKey":"BRwvdgapFMA0eJX4jrZr24MEXTtHQriQ7ygQE6ARAPQ3","baseKeyType":1,"closed":-1,"used":1721051170955,"created":1721051170955,"remoteIdentityKey":"BcIv5qjjm96oFDHVBRLbJJVzowZAXeiRpAE1syT07iAc"},"_chains":{"BcQaGTrLCYRpK4yG6M/s8hJq9CYnzRluonHxS5Jo12Y2":{"chainKey":{"counter":130,"key":"QbijnpnYZ6vdl8FO04seY6DZm1mnkXL7fOTnc775s34="},"chainType":1,"messageKeys":{}}},"pendingPreKey":{"signedKeyId":2,"baseKey":"BRwvdgapFMA0eJX4jrZr24MEXTtHQriQ7ygQE6ARAPQ3","preKeyId":14080423}}},"version":"v1"}