{"_sessions":{"BZGALpyIJlkW9B3/wJ0UnY2hP18grejxDLIl+3Q6pp53":{"registrationId":150,"currentRatchet":{"ephemeralKeyPair":{"pubKey":"BVHdYUObOHdvc2EoJgt7k6nlnhNn60cYkP60fMWQhlAr","privKey":"sC70azoYagoCn+/eXBwszHbtO7bWhry/cRYaaBYWC3Q="},"lastRemoteEphemeralKey":"BW1zpf+ZqkgX3S2DDP6al4LjZNXZrTuUmIX4+acWW4JL","previousCounter":0,"rootKey":"W9aQpBjpOg0lPTMp+Dp1Xzn2photE+E/3PT6WXBD7vI="},"indexInfo":{"baseKey":"BZGALpyIJlkW9B3/wJ0UnY2hP18grejxDLIl+3Q6pp53","baseKeyType":1,"closed":-1,"used":1721061609646,"created":1721061609646,"remoteIdentityKey":"Bf7SQz/dT7SbWNQHibp2zS9+wVmZF6lpH4MzJRzvmUhP"},"_chains":{"BVHdYUObOHdvc2EoJgt7k6nlnhNn60cYkP60fMWQhlAr":{"chainKey":{"counter":4,"key":"c7vlpa9N5DpYmovhamm70mScQ4ORSQisBG57YVWuJy0="},"chainType":1,"messageKeys":{}}},"pendingPreKey":{"signedKeyId":1,"baseKey":"BZGALpyIJlkW9B3/wJ0UnY2hP18grejxDLIl+3Q6pp53"}}},"version":"v1"}