{"_sessions":{"BbX8Kx3B8va7ZmBNWD1eYiDQv73CK3V3EZZc0GZVco48":{"registrationId":23776574,"currentRatchet":{"ephemeralKeyPair":{"pubKey":"BcOHwz1ULJCzPkPzR1MeZUKD80oEXReKGOPxStNRMdwl","privKey":"kIn1aLJAA5DfLmhmNdSGmOboGU+Sfwtn/UzdKAfykUA="},"lastRemoteEphemeralKey":"BcKlDS/a+PlbuMWZXgUWr0uV9hVFYlFTC2D+328Q6fwe","previousCounter":0,"rootKey":"wpgjXok+Hr9+LY3FY2D1bTfL79HqPZU/Dc8H9yhSFYE="},"indexInfo":{"baseKey":"BbX8Kx3B8va7ZmBNWD1eYiDQv73CK3V3EZZc0GZVco48","baseKeyType":1,"closed":-1,"used":1721069705736,"created":1721069705736,"remoteIdentityKey":"BfBqPQAHT20fORLEfeN8OHMHly+lipovqcAmLz8HtglA"},"_chains":{"BcOHwz1ULJCzPkPzR1MeZUKD80oEXReKGOPxStNRMdwl":{"chainKey":{"counter":0,"key":"U5Xcg2Ib/Lw7t7ttwnBvLPtuCQ0Tx+/jSA8BUL5k7dM="},"chainType":1,"messageKeys":{}}},"pendingPreKey":{"signedKeyId":1,"baseKey":"BbX8Kx3B8va7ZmBNWD1eYiDQv73CK3V3EZZc0GZVco48","preKeyId":10945558}}},"version":"v1"}