{"_sessions":{"BUTlYNh/n7cYWBp8wuVnF/XloxBnGfLrH9+t++CW8tpF":{"registrationId":1960749814,"currentRatchet":{"ephemeralKeyPair":{"pubKey":"BfH7GfQ4K5Aenc7MaZrYm+13K9GmeRszAi5UL0PHaps8","privKey":"YHdhiRM3SV+Zr5QNSBfgG3segdtafxj3h7fxMiD4ZWY="},"lastRemoteEphemeralKey":"BU9J2saimqzfLLjW78cO/meTse2tUmtrzCzZ+5AIhKI4","previousCounter":0,"rootKey":"yjG9Y3TOPeONJ3qaHO26gcvJAa7yqNkueWw5lsfDxk0="},"indexInfo":{"baseKey":"BUTlYNh/n7cYWBp8wuVnF/XloxBnGfLrH9+t++CW8tpF","baseKeyType":1,"closed":-1,"used":1721143144541,"created":1721059323052,"remoteIdentityKey":"BYuG7hz8s4ERMQTvHIZQliFx1FX59qVPE9lt8NmktpVO"},"_chains":{"BVNHk3q4KqWD60Wsp/LprZLIOSaXzGn1fGX5qHxYDCAM":{"chainKey":{"counter":0},"chainType":2,"messageKeys":{}},"Bd+gXLGnVJJTw+CMZSLbESBDbhcCa9kszn02B6fsnmhm":{"chainKey":{"counter":0},"chainType":2,"messageKeys":{}},"BU9J2saimqzfLLjW78cO/meTse2tUmtrzCzZ+5AIhKI4":{"chainKey":{"counter":0,"key":"VB/DZN/2SdiHMcxb/pfFKAUe5LW43fDkIMw6mMuKIks="},"chainType":2,"messageKeys":{}},"BfH7GfQ4K5Aenc7MaZrYm+13K9GmeRszAi5UL0PHaps8":{"chainKey":{"counter":-1,"key":"sy+8S9kpkIVE8+XgQAst4bpGBnx2gL8j2rBGbnKJ4wI="},"chainType":1,"messageKeys":{}}}}},"version":"v1"}