{"_sessions":{"BSBSm5YMZSDI7+XQPToO5alRKBkyY9tNSImjWn0TCDVJ":{"registrationId":449477326,"currentRatchet":{"ephemeralKeyPair":{"pubKey":"BUkhiHR99KEMRLpFi6r2qw+3f7jMgc/F0PLVy4J2usJ5","privKey":"YMBXSG8kcHZwU1fzU4yNnzfnkeQ37CCjUMdLv/LKCEw="},"lastRemoteEphemeralKey":"BZphYc0HR5O5ASlPUNy2wH2xSemVWRUct850sil2L5EN","previousCounter":0,"rootKey":"FeQpNCB1Bv2l+45n+QFipiFinJPsc/XCjPT5ps26428="},"indexInfo":{"baseKey":"BSBSm5YMZSDI7+XQPToO5alRKBkyY9tNSImjWn0TCDVJ","baseKeyType":1,"closed":-1,"used":1721051170770,"created":1721051170770,"remoteIdentityKey":"BaCBoLnqbUTsGOCiMT+VVIntk/1TPnyzKK6+SkgsdfED"},"_chains":{"BUkhiHR99KEMRLpFi6r2qw+3f7jMgc/F0PLVy4J2usJ5":{"chainKey":{"counter":132,"key":"xM1sROOFypueUMft6h9W2KWWiLDobU24xze2x/pcfiE="},"chainType":1,"messageKeys":{}}},"pendingPreKey":{"signedKeyId":4,"baseKey":"BSBSm5YMZSDI7+XQPToO5alRKBkyY9tNSImjWn0TCDVJ","preKeyId":2670532}}},"version":"v1"}