{"_sessions":{"BbdcpL0Ftw1CWZD7CYwnEk1BDi1OqomgBv1UQBxIRmJX":{"registrationId":1848483453,"currentRatchet":{"ephemeralKeyPair":{"pubKey":"BUzEh2kyGyBWFvutowD6GKcTkoXipQVvE6uGIMOyargp","privKey":"wIOqGgT9EjK7Osys5YhSHyVRYLe43pmRxNiHY00Uwks="},"lastRemoteEphemeralKey":"BVSiiYNr+La/bQuWynMO1/clRywj3Q4gNiBOOxT7hxw3","previousCounter":0,"rootKey":"NkV52QfCLXAX3MfSM2hMLU2KTIsYF32pwsJNwbtq3xQ="},"indexInfo":{"baseKey":"BbdcpL0Ftw1CWZD7CYwnEk1BDi1OqomgBv1UQBxIRmJX","baseKeyType":2,"closed":-1,"used":1721076462017,"created":1721076392401,"remoteIdentityKey":"Bd/jbblWHi9HkBXIh1A5kiHXK0vuezsNJG7WnzIxrNd2"},"_chains":{"BYALeKOQYC6vlF9to7FV5yaFDlEjTjCTaQg1tqovvJY4":{"chainKey":{"counter":0},"chainType":2,"messageKeys":{}},"BfEwq+PiYUKZvFjwgnkd7oudKijjAr6TCMQHwo9XKPsb":{"chainKey":{"counter":1},"chainType":2,"messageKeys":{}},"BVSiiYNr+La/bQuWynMO1/clRywj3Q4gNiBOOxT7hxw3":{"chainKey":{"counter":0,"key":"WvG7AFen8YkL/oNlAVtCjTYt4jSGYxJy/iRp4tGhRnI="},"chainType":2,"messageKeys":{}},"BUzEh2kyGyBWFvutowD6GKcTkoXipQVvE6uGIMOyargp":{"chainKey":{"counter":0,"key":"2xd1EKxgur3bVdVHlO0q0uyADGy5b/5KfYC6WfobtTk="},"chainType":1,"messageKeys":{}}}}},"version":"v1"}