{"_sessions":{"BfaOHgDYM0HuzER5jAz2SsILLXTD3foVDZ4pLvsldFRU":{"registrationId":15671,"currentRatchet":{"ephemeralKeyPair":{"pubKey":"BaNT3VdVZg3DGZl384fhtzWS9H7qfvv0UBX71wDjj8Ix","privKey":"kBevXSjihpG0NXCZfBguW/H4GOySHyILLXQ+Bay94XI="},"lastRemoteEphemeralKey":"BY2IA75ArZE/NfPrfo88OfyCtGXKvdAXxEVX9imdC+YI","previousCounter":0,"rootKey":"U/8s/81iK6rGis/rxIRNe2Sc0L4OWgqa8qR2wFeg6ZU="},"indexInfo":{"baseKey":"BfaOHgDYM0HuzER5jAz2SsILLXTD3foVDZ4pLvsldFRU","baseKeyType":1,"closed":-1,"used":1721051170332,"created":1721051170332,"remoteIdentityKey":"BZpFG56fFLGnV8suqc4uxtivlt0ogMYCgjMuzagpjHZG"},"_chains":{"BaNT3VdVZg3DGZl384fhtzWS9H7qfvv0UBX71wDjj8Ix":{"chainKey":{"counter":130,"key":"8AASXlqVgZiDlp7V5M1Q6KaRBSmwSvMcc20u3J5V2lk="},"chainType":1,"messageKeys":{}}},"pendingPreKey":{"signedKeyId":1,"baseKey":"BfaOHgDYM0HuzER5jAz2SsILLXTD3foVDZ4pLvsldFRU"}}},"version":"v1"}