{"_sessions":{"BWPxDxju7ffl1IR5wA3MoFEwNruU74PKWkyNHMX4cb0V":{"registrationId":12724,"currentRatchet":{"ephemeralKeyPair":{"pubKey":"BTg8zlo8qU6w8RUOrNfUbpV7AMIFSOduVIAEi9ddsRYT","privKey":"KJmaW7oQfjBhjhdIYAfqpVkPhPqkQB5mfRiW1IBUL0s="},"lastRemoteEphemeralKey":"BY2NC+fRyMg2oFanJxVpdx1tlrAz0SwabNJKmPSDgZsJ","previousCounter":0,"rootKey":"4hblgh/7esmCfgxrkSpgu4NmMpc13OILpLhLfR8bcgU="},"indexInfo":{"baseKey":"BWPxDxju7ffl1IR5wA3MoFEwNruU74PKWkyNHMX4cb0V","baseKeyType":1,"closed":-1,"used":1721059322946,"created":1721059322946,"remoteIdentityKey":"BbnKqzXf2J5ro1UnbMWhs80GNrCF9IvLwEV4Rf0M1Zwk"},"_chains":{"BTg8zlo8qU6w8RUOrNfUbpV7AMIFSOduVIAEi9ddsRYT":{"chainKey":{"counter":2,"key":"cOzc615OFb5ggeAlRliSBJZirDWfS1gzLot+C2vRxaQ="},"chainType":1,"messageKeys":{}}},"pendingPreKey":{"signedKeyId":1,"baseKey":"BWPxDxju7ffl1IR5wA3MoFEwNruU74PKWkyNHMX4cb0V"}}},"version":"v1"}