{"_sessions":{"BcsYbTPEx7xtQ94TYvNGI1zUEts0pu3KHPq1gSBjDMpR":{"registrationId":638932893,"currentRatchet":{"ephemeralKeyPair":{"pubKey":"Bdq3Ffr6jyAcnlpr7waqFiSgjdqxeK6L7GWQRpoAayds","privKey":"QConSAWlgmKeXcvW8kj7ke4altorMursvIlWQRt+rno="},"lastRemoteEphemeralKey":"BZ6unthY+4skeIbJOxeraNioSYX+LPsm3C4B8Jf6P0s9","previousCounter":0,"rootKey":"RT3IzmpoogY7bwsLly3S0sDP9SttsAKAtAZypvnEAA8="},"indexInfo":{"baseKey":"BcsYbTPEx7xtQ94TYvNGI1zUEts0pu3KHPq1gSBjDMpR","baseKeyType":1,"closed":-1,"used":1721061609844,"created":1721061609844,"remoteIdentityKey":"BUD4QmR+T735PJIC/6toe2TPx2o89TMuIo4Dfj3G96hm"},"_chains":{"Bdq3Ffr6jyAcnlpr7waqFiSgjdqxeK6L7GWQRpoAayds":{"chainKey":{"counter":4,"key":"FF3bnOV1BmGceNSIvXbZG2SLqe79VVawMebEE9ugyag="},"chainType":1,"messageKeys":{}}},"pendingPreKey":{"signedKeyId":12,"baseKey":"BcsYbTPEx7xtQ94TYvNGI1zUEts0pu3KHPq1gSBjDMpR"}}},"version":"v1"}