{"_sessions":{"BSF7+RuI86T0qcq2X4DNSLiYX6tZI0WOPqfSth9qBx8N":{"registrationId":1822980684,"currentRatchet":{"ephemeralKeyPair":{"pubKey":"BVIR1+Nypt+Jer7/wNhgiPJ8YriPSRIN9+JqEzK5pOJu","privKey":"yNIqdC2KsOkpAAZvjTfIK4+YZFxyTzqLCFkhtc6kpEA="},"lastRemoteEphemeralKey":"BbT4KJ43v7/wINHiPo80qUeBOg/8gU+YgFtVxBrKMiR+","previousCounter":0,"rootKey":"BI8JWxiKtAgkyip217iuCoMAMbY0MTqxglyxEcJmBBM="},"indexInfo":{"baseKey":"BSF7+RuI86T0qcq2X4DNSLiYX6tZI0WOPqfSth9qBx8N","baseKeyType":1,"closed":-1,"used":1721069705561,"created":1721069705561,"remoteIdentityKey":"BSrvTarG4gV6SNvPEKbb+BUDBxm1hgzyg4ZLeX1BmTh3"},"_chains":{"BVIR1+Nypt+Jer7/wNhgiPJ8YriPSRIN9+JqEzK5pOJu":{"chainKey":{"counter":0,"key":"JXJnXZ8MeoI4F+NAeWjSl2T4a4rvt2u3y4FB5SKtdcY="},"chainType":1,"messageKeys":{}}},"pendingPreKey":{"signedKeyId":1,"baseKey":"BSF7+RuI86T0qcq2X4DNSLiYX6tZI0WOPqfSth9qBx8N"}}},"version":"v1"}