{"_sessions":{"Bf7a1AamO5gu9jnRdQmwoYPM9+bw+ca55e4mc5I+/Cc6":{"registrationId":1116125037,"currentRatchet":{"ephemeralKeyPair":{"pubKey":"BTd4cnICBzViQ3loB331eGAymViH9tia5ls10JXG7hl3","privKey":"0KndhVBGQpg7+Jm1hT/5ld4saDKFVcuPebPcoStPQGU="},"lastRemoteEphemeralKey":"BWYi9OrMB6ANU2fOLWTMTaBS0MLWwcR4n0cltzbnwcEB","previousCounter":0,"rootKey":"RW0UCvCnght9hBsbgSwAfSte2zdR9RswUzOtHFiRrvo="},"indexInfo":{"baseKey":"Bf7a1AamO5gu9jnRdQmwoYPM9+bw+ca55e4mc5I+/Cc6","baseKeyType":2,"closed":-1,"used":1721090549042,"created":1721090549041,"remoteIdentityKey":"BWojoq+Xq2CChXbRm8LmszDcTTHhzJ2n4szdEecw48ks"},"_chains":{"BWYi9OrMB6ANU2fOLWTMTaBS0MLWwcR4n0cltzbnwcEB":{"chainKey":{"counter":3,"key":"Zf3zgE+EX0MA+GnJzMsqwUEF9lmzXuorBIpzzp4sq0M="},"chainType":2,"messageKeys":{}},"BTd4cnICBzViQ3loB331eGAymViH9tia5ls10JXG7hl3":{"chainKey":{"counter":-1,"key":"1h0dwlQf6i2tFgnrgdgwWY4wduki+Td2ZvhKSXyCLOQ="},"chainType":1,"messageKeys":{}}}}},"version":"v1"}