{"_sessions":{"Bb6Lxl7lZM8jlokk0WYkrQYkt1QkqA2r7V/2oi4q8n1I":{"registrationId":151,"currentRatchet":{"ephemeralKeyPair":{"pubKey":"BY8WTfzCoMpGYVrQDp21xeWyPjdGrIt9/iciuFCk3qZA","privKey":"wJ8nzHt7sg+I0Iq90GY4VTYiejQXJnXObImr6PPKMG4="},"lastRemoteEphemeralKey":"BZffF4TSJ6CTZVT1fTXZJDnvWlKBxGgTozetetDhZKl9","previousCounter":0,"rootKey":"x53gauqF5fsGjQO3WLHtsQyVhN4QKFZxQXOMl1wRxwM="},"indexInfo":{"baseKey":"Bb6Lxl7lZM8jlokk0WYkrQYkt1QkqA2r7V/2oi4q8n1I","baseKeyType":1,"closed":-1,"used":1721149435294,"created":1721149435294,"remoteIdentityKey":"BVgEixPP1HspioRWIn3tqx7+jS8SlRl4lx9eRQ0prQMs"},"_chains":{"BY8WTfzCoMpGYVrQDp21xeWyPjdGrIt9/iciuFCk3qZA":{"chainKey":{"counter":45,"key":"u4PcnxDDA+9nWfKZX6oObiizjdhby5atqG/a9hfx64I="},"chainType":1,"messageKeys":{}}},"pendingPreKey":{"signedKeyId":1,"baseKey":"Bb6Lxl7lZM8jlokk0WYkrQYkt1QkqA2r7V/2oi4q8n1I","preKeyId":54}}},"version":"v1"}