{"_sessions":{"BS8TY3sBhSY2bISqWpo4N8/d7E8hUs4bjT+uU/NLU5BR":{"registrationId":9565,"currentRatchet":{"ephemeralKeyPair":{"pubKey":"BYYK+dxdynwap4rQvjLi96NxO0MWPyUvSIFyWLEFrfBV","privKey":"8ORK6RdDrL4mrEH4F2bJ/dP5i/KZtEP55dlx/cj0YXk="},"lastRemoteEphemeralKey":"BdXoJXHjIaRGmMUyVSzwCRpyMxyO4VREcG1RY1P9ouxw","previousCounter":0,"rootKey":"ctaHrIobRycLMiez+VabhFfJP3GP+U/+WHQd2hTEnPE="},"indexInfo":{"baseKey":"BS8TY3sBhSY2bISqWpo4N8/d7E8hUs4bjT+uU/NLU5BR","baseKeyType":1,"closed":-1,"used":1721061609533,"created":1721061609533,"remoteIdentityKey":"BWabQ8M2OxxIduwIL7w9eGJ3ayUZrGGuWHXDwsREv+xf"},"_chains":{"BYYK+dxdynwap4rQvjLi96NxO0MWPyUvSIFyWLEFrfBV":{"chainKey":{"counter":4,"key":"zXuJkOq4RHtl//ZzO4igSXwk7qDFkkSh8XNcZRyssZY="},"chainType":1,"messageKeys":{}}},"pendingPreKey":{"signedKeyId":1,"baseKey":"BS8TY3sBhSY2bISqWpo4N8/d7E8hUs4bjT+uU/NLU5BR","preKeyId":624}}},"version":"v1"}