{"_sessions":{"BXGY1SAITaLDCxPTy6wVfbwTAVsyPVlsJmAvqMT/hdYE":{"registrationId":12937,"currentRatchet":{"ephemeralKeyPair":{"pubKey":"Bf1Dd0OL7cZNqgH0+DdEZFdtHrJOoSIsypINx9CprOMI","privKey":"mKNkCI6Qr8g51W5k86oQXeJn57RKwYi9IGzdaMajJU8="},"lastRemoteEphemeralKey":"BQIoPNrBk90zVQVCz8eRz5azAzYdmhKmV0Mtp9B0lzp0","previousCounter":0,"rootKey":"Zqex5ELrs5AdBwYEErsaGyTQfyrnPChqf9bVHc16xA4="},"indexInfo":{"baseKey":"BXGY1SAITaLDCxPTy6wVfbwTAVsyPVlsJmAvqMT/hdYE","baseKeyType":1,"closed":-1,"used":1721061609527,"created":1721061609527,"remoteIdentityKey":"BWlJ8uKfknI8Iv9WjtYm4NXcp9WqoS0BhqUEms+udOp1"},"_chains":{"Bf1Dd0OL7cZNqgH0+DdEZFdtHrJOoSIsypINx9CprOMI":{"chainKey":{"counter":4,"key":"g2PsDxa2We5AbzY7y2DJEliUhg8dHK0SH5KdBAdINZM="},"chainType":1,"messageKeys":{}}},"pendingPreKey":{"signedKeyId":1,"baseKey":"BXGY1SAITaLDCxPTy6wVfbwTAVsyPVlsJmAvqMT/hdYE"}}},"version":"v1"}