{"_sessions":{"BYJwhpdHMcl+8lXrDYnM4OtLRpdGiBcA5wnXgytgYh0J":{"registrationId":1308243123,"currentRatchet":{"ephemeralKeyPair":{"pubKey":"Bc3LArlSkb9zPua4BiVzSh4lkzasytGbS9zIh+43god8","privKey":"EFqkysDmhhfUFpwwUsOy8rG1J1Dl4VJISff4zIFolV4="},"lastRemoteEphemeralKey":"BffISb4JURSP0DNAVkOPS8RiJXylKC/f8jiQwlziTv9E","previousCounter":3,"rootKey":"kHlbC+Am3EGjn8uZm081pCiT6H3HggE3ggo9VlF9sjA="},"indexInfo":{"baseKey":"BYJwhpdHMcl+8lXrDYnM4OtLRpdGiBcA5wnXgytgYh0J","baseKeyType":2,"closed":-1,"used":1721139652025,"created":1721057813560,"remoteIdentityKey":"BR1sD3Ncl0EF718kmp5gS1rPgDPlNYkEP7cXHS8/Hfxn"},"_chains":{"BSEbUvvCcs/qHlJcyw8RUH+K1jK9ql+dgT4NX1vuy/8p":{"chainKey":{"counter":0},"chainType":2,"messageKeys":{}},"BaXq6LFIJCUpAx8owIE2dviwps/eqwn77R0b4KimG49r":{"chainKey":{"counter":0},"chainType":2,"messageKeys":{}},"BffISb4JURSP0DNAVkOPS8RiJXylKC/f8jiQwlziTv9E":{"chainKey":{"counter":0,"key":"XsXjc+WXrqgiKcaE1K4sXl8O5V88iCnPx4kVsyWcMHk="},"chainType":2,"messageKeys":{}},"Bc3LArlSkb9zPua4BiVzSh4lkzasytGbS9zIh+43god8":{"chainKey":{"counter":-1,"key":"cAg3p/VCDDXuskKCMDr6SdOgesNqq8IsTBKfqTC+Qp8="},"chainType":1,"messageKeys":{}}}}},"version":"v1"}