{"_sessions":{"BVjCMMJ20rRY/8XtU0G78l7KfqluG6+/O8888khvZnpl":{"registrationId":923443158,"currentRatchet":{"ephemeralKeyPair":{"pubKey":"BRQo1L7EMszPZtw+BmuClJuRo7DW17JF3vSWWLOyZodv","privKey":"kD1LxeTiE6zK7Fc8TIw/UaHE9tXI0XEuaIfdeRbqcmY="},"lastRemoteEphemeralKey":"BRYUZeEN5dIihNixi3KbDr5dgSVhLygvQgmNWi50bBB2","previousCounter":0,"rootKey":"pf8QgmTyGsYu7BY5UsOQ7S7aoH2ktnHZjdsgLW/zRpA="},"indexInfo":{"baseKey":"BVjCMMJ20rRY/8XtU0G78l7KfqluG6+/O8888khvZnpl","baseKeyType":1,"closed":-1,"used":1721109303866,"created":1721051170856,"remoteIdentityKey":"BZW/3rw56QUWAkyh3Y8bbRUvprNJlGFlnRDrN7PLUNdc"},"_chains":{"BR8QVRGj8HkpnQ5/MRrFtfVP6/eUNZzxSGDwJ9XKAUQP":{"chainKey":{"counter":0},"chainType":2,"messageKeys":{}},"BRYUZeEN5dIihNixi3KbDr5dgSVhLygvQgmNWi50bBB2":{"chainKey":{"counter":0,"key":"flN2kmptc9tqzfDx9TyVLzkpCTh7bUs0HW93ZTHGesU="},"chainType":2,"messageKeys":{}},"BRQo1L7EMszPZtw+BmuClJuRo7DW17JF3vSWWLOyZodv":{"chainKey":{"counter":86,"key":"ypicoHmb9JuOd+SQfMnZkVYBfZgkJk+YQnhtVIyrsvs="},"chainType":1,"messageKeys":{}}}}},"version":"v1"}