{"_sessions":{"BXonqIhVKKV9uAwB2eXwG7K1zPkY53OJE/iRY4rDDsV7":{"registrationId":1774785879,"currentRatchet":{"ephemeralKeyPair":{"pubKey":"BV6C1ppeAgyEQbr871aVStDrU9ESFHj/RBpAJR88W+Ju","privKey":"ADf7Z17Mzr1/HZVzJFgdYpiQ2MDBdXmSJOQhq0ytbkw="},"lastRemoteEphemeralKey":"BRxe1Q3c8evDEaFAZFSgJy9fmTREENRtfSSG5sj4DWFD","previousCounter":0,"rootKey":"o9hlpWg9mSM1nreTA9l0gS31CibJUUHbmNZNVahLKSY="},"indexInfo":{"baseKey":"BXonqIhVKKV9uAwB2eXwG7K1zPkY53OJE/iRY4rDDsV7","baseKeyType":1,"closed":-1,"used":1721069705468,"created":1721069705468,"remoteIdentityKey":"BVuYKR5+SXaATJkHitDLtbs8kipiB54jbSM4dfJwqDkB"},"_chains":{"BV6C1ppeAgyEQbr871aVStDrU9ESFHj/RBpAJR88W+Ju":{"chainKey":{"counter":0,"key":"al4NhvaufDNLMGJg/CVr2H+91ZAaL3HPL5HRMxh3EfE="},"chainType":1,"messageKeys":{}}},"pendingPreKey":{"signedKeyId":1,"baseKey":"BXonqIhVKKV9uAwB2eXwG7K1zPkY53OJE/iRY4rDDsV7","preKeyId":55170}}},"version":"v1"}