{"_sessions":{"Bc+tgH1kw7ZTSUHQszId5rlY/oIxkA6TD4D3QV4tvHxU":{"registrationId":2048680675,"currentRatchet":{"ephemeralKeyPair":{"pubKey":"BdnZx9CkY27o95I3lhyBm4gztLwzugIwGJeJR1B6VPJu","privKey":"sL4rx+b4T5WfztHV7Hz+yJ6KTrzlc3c3D3KoonFpiUw="},"lastRemoteEphemeralKey":"BZQdHiY4q8vu31u10m1vH263TXCRGwk5pdmwZ7on260S","previousCounter":0,"rootKey":"mUVD2f7exgIA38wza1sfZe7GfA78dD+vleGatbXkKOM="},"indexInfo":{"baseKey":"Bc+tgH1kw7ZTSUHQszId5rlY/oIxkA6TD4D3QV4tvHxU","baseKeyType":1,"closed":-1,"used":1721051170961,"created":1721051170961,"remoteIdentityKey":"BTJmPh1DgeCnCUjCHnx5MAOYsnAZHdMsO7vL3kMMEq9n"},"_chains":{"BdnZx9CkY27o95I3lhyBm4gztLwzugIwGJeJR1B6VPJu":{"chainKey":{"counter":130,"key":"tfCx77smqSr9otRNZSipZiNv0OYux1/kl6OU9uVp1kM="},"chainType":1,"messageKeys":{}}},"pendingPreKey":{"signedKeyId":4,"baseKey":"Bc+tgH1kw7ZTSUHQszId5rlY/oIxkA6TD4D3QV4tvHxU","preKeyId":1038965}}},"version":"v1"}