{"_sessions":{"Bd2T3wzPxKklvP/8QHGk7nWsceo+CObrCrX1DlzsiwFr":{"registrationId":40,"currentRatchet":{"ephemeralKeyPair":{"pubKey":"BWCA1HSr4CE7vr80XY5oaoA0Qe3FYuwq6GCITp/U+p0x","privKey":"qFVjUaRZXwcGW2wyHDAOu4FUGjc8rAo73URTQVMoZV8="},"lastRemoteEphemeralKey":"BRe2BL+E062fww58GJd/ly5/9gkPQlq2l+zg9na46c18","previousCounter":0,"rootKey":"UB0JmcxBYw2W7H2Dk0a+FSiUYF1k+G21t57w+61F1uM="},"indexInfo":{"baseKey":"Bd2T3wzPxKklvP/8QHGk7nWsceo+CObrCrX1DlzsiwFr","baseKeyType":1,"closed":-1,"used":1721051170368,"created":1721051170368,"remoteIdentityKey":"BdJ5mdKrF6Lolv7Ecxb74EtTSg+FZjyO98+EoZqZt4hT"},"_chains":{"BWCA1HSr4CE7vr80XY5oaoA0Qe3FYuwq6GCITp/U+p0x":{"chainKey":{"counter":40,"key":"9l4fgvEFjV2q4VMTySba0a4Fp4ho5Q7fXRY5u/wfg+g="},"chainType":1,"messageKeys":{}}},"pendingPreKey":{"signedKeyId":1,"baseKey":"Bd2T3wzPxKklvP/8QHGk7nWsceo+CObrCrX1DlzsiwFr"}}},"version":"v1"}