{"_sessions":{"BQFdEZHgtefX4VuahxPNUGFSaaAf2K/e+fDWk+jgSvp6":{"registrationId":108,"currentRatchet":{"ephemeralKeyPair":{"pubKey":"Balu/BBNmfnnfwKH/NILglL7KuZJ7iOmI+3n2eMcf2BE","privKey":"8IfLOYJagsuRk/SMk2JtvOJ+YIN9ZgHdrkCuIweDlX4="},"lastRemoteEphemeralKey":"BTHUEZgoNYJtYinwb0nqKicOCKQjw/CqVFWejRMaBkcl","previousCounter":0,"rootKey":"7pyoW3u5W5x7NCtYSfVpjDDotWUYf44hAibGkxusUyo="},"indexInfo":{"baseKey":"BQFdEZHgtefX4VuahxPNUGFSaaAf2K/e+fDWk+jgSvp6","baseKeyType":1,"closed":-1,"used":1721051170444,"created":1721051170444,"remoteIdentityKey":"BYm6K0SkoeUx4u0s3fynGTpyJvxKHZdvRLk6W35PxGRy"},"_chains":{"Balu/BBNmfnnfwKH/NILglL7KuZJ7iOmI+3n2eMcf2BE":{"chainKey":{"counter":130,"key":"d+DQd7ZydmxAKErR7UDCZLYPcFJWHmetC4F4K9AJ7V4="},"chainType":1,"messageKeys":{}}},"pendingPreKey":{"signedKeyId":1,"baseKey":"BQFdEZHgtefX4VuahxPNUGFSaaAf2K/e+fDWk+jgSvp6","preKeyId":690}}},"version":"v1"}