{"_sessions":{"BdT7O8JRUJWIGdb5LS4MZrG/qr97l7j8P5fVeDqflfgD":{"registrationId":1609721356,"currentRatchet":{"ephemeralKeyPair":{"pubKey":"BdTAlbR6imrWE1HTJmLhf+pv1MAbpMYbdgRXBmIbOS4Q","privKey":"kG+tNIBg0GJzV1OPxGJGij6xzjyLmG8TNTISxHlVPnw="},"lastRemoteEphemeralKey":"BXSEOACsX6ufzGgibJ/uxX1pTTWU6x754AfL2dz9se5U","previousCounter":0,"rootKey":"IQhEghHYHm9whWguor1ySCyiwb+MEs9a5Oil4mx/oy8="},"indexInfo":{"baseKey":"BdT7O8JRUJWIGdb5LS4MZrG/qr97l7j8P5fVeDqflfgD","baseKeyType":1,"closed":-1,"used":1721069705573,"created":1721069705573,"remoteIdentityKey":"Bdt/BWG4ON1/zEsUUvOeQtQKOrUeAirdd2dSNQL0RdQp"},"_chains":{"BdTAlbR6imrWE1HTJmLhf+pv1MAbpMYbdgRXBmIbOS4Q":{"chainKey":{"counter":0,"key":"LBFGpxLRjeV5f5xp1uPjasVlziVpYw4EUJok4ZhR/RQ="},"chainType":1,"messageKeys":{}}},"pendingPreKey":{"signedKeyId":13,"baseKey":"BdT7O8JRUJWIGdb5LS4MZrG/qr97l7j8P5fVeDqflfgD","preKeyId":7174696}}},"version":"v1"}