{"_sessions":{"Ba9oSk43SimXebyz3FyjP0+jwxYNKeUYYZcF8xjy3SwI":{"registrationId":39310853,"currentRatchet":{"ephemeralKeyPair":{"pubKey":"Bf0Br2lJTY7sxRmRdEaf+janNkVqgxHHO9DI4hSgFblg","privKey":"eFkZIcUcqwgXdkOPz2PPsg/ZZJCCTShxuufv/UvTDHs="},"lastRemoteEphemeralKey":"BVtO0eOnF52Drnnsg3lpEpFezWwwTqq1eMNAczH0YggN","previousCounter":0,"rootKey":"Bv0fCzRJhZCD0QUNEz++u8TfvHGohPuRJIcYm6urXFk="},"indexInfo":{"baseKey":"Ba9oSk43SimXebyz3FyjP0+jwxYNKeUYYZcF8xjy3SwI","baseKeyType":1,"closed":-1,"used":1721069705744,"created":1721069705744,"remoteIdentityKey":"Ba+ZHhAbVtYs7N57lgXs6Y6B5x7pl/hqX9FJe0d4empy"},"_chains":{"Bf0Br2lJTY7sxRmRdEaf+janNkVqgxHHO9DI4hSgFblg":{"chainKey":{"counter":0,"key":"Z08/FQwf7yRoKNzV8ugXameRVVPzVTpIgP3Uj411j8Y="},"chainType":1,"messageKeys":{}}},"pendingPreKey":{"signedKeyId":0,"baseKey":"Ba9oSk43SimXebyz3FyjP0+jwxYNKeUYYZcF8xjy3SwI","preKeyId":13871743}}},"version":"v1"}