{"_sessions":{"BZKB70YgMtnLG0G0zsQhT37azs3HWMzLV5ScbjYH0qxi":{"registrationId":19459998,"currentRatchet":{"ephemeralKeyPair":{"pubKey":"BQvMQ9e24BALf7UrG+RlZEVRdh5eTIRWUow6S4lVynE8","privKey":"8La+lXfflTeXOAKoQUrs3lAkNaqUFlzVl6esV7IebFE="},"lastRemoteEphemeralKey":"BdBJptfLFTYcVfkU9mcPLP+fl0ivnDAw/AF+/0DWJztv","previousCounter":0,"rootKey":"y85ju7ecj0p5RUdRZujE4XDSeE7Z0fFkxUoG37JO4yo="},"indexInfo":{"baseKey":"BZKB70YgMtnLG0G0zsQhT37azs3HWMzLV5ScbjYH0qxi","baseKeyType":1,"closed":-1,"used":1721051171143,"created":1721051171143,"remoteIdentityKey":"BWacMUd4n9P3rvuQUraDwNaIuPmOkaI3aMZDrVx95dVg"},"_chains":{"BQvMQ9e24BALf7UrG+RlZEVRdh5eTIRWUow6S4lVynE8":{"chainKey":{"counter":131,"key":"6maxB4IMi5kKpFnJ1PueCXrdH9NgVUgAxpXEbmGOb3w="},"chainType":1,"messageKeys":{}}},"pendingPreKey":{"signedKeyId":2,"baseKey":"BZKB70YgMtnLG0G0zsQhT37azs3HWMzLV5ScbjYH0qxi","preKeyId":12734824}}},"version":"v1"}