{"_sessions":{"BdC85E3Q3uW8DevVsP/nXDCnCaZeZc7tPszu4V9d5F1v":{"registrationId":1647799266,"currentRatchet":{"ephemeralKeyPair":{"pubKey":"BfwRdR8xTtrzueYp9a5VOF/XBk8Bq8fe21pXc64yrjwL","privKey":"kLVBcRDPQYHAUmFwzuUdQl2oxtPiwKtZF2MuosMykUk="},"lastRemoteEphemeralKey":"BWyRqVjkC/8Mp1Ceiv60UsXyEOVtwBxyfkALw8yDWid6","previousCounter":0,"rootKey":"9Lz9q6JBo4ys/T9Fd+mFlSfow7HbdD3LSoIdz9zQVNk="},"indexInfo":{"baseKey":"BdC85E3Q3uW8DevVsP/nXDCnCaZeZc7tPszu4V9d5F1v","baseKeyType":1,"closed":1721103877003,"used":1721051171050,"created":1721051171050,"remoteIdentityKey":"BUNRMUDpW2pqqDgJg8eALNF8avD+wwQ/AkFxHr7Hkug7"},"_chains":{"BfwRdR8xTtrzueYp9a5VOF/XBk8Bq8fe21pXc64yrjwL":{"chainKey":{"counter":41,"key":"yKkcCLdmCRXuhk6fKU4rhZaF1p2KGv3lrOufmuCeWPw="},"chainType":1,"messageKeys":{}}},"pendingPreKey":{"signedKeyId":7,"baseKey":"BdC85E3Q3uW8DevVsP/nXDCnCaZeZc7tPszu4V9d5F1v","preKeyId":3925682}},"BQPhifoqUaebiht5vYjVn4znDNdN2XJaVt0GdJJHJf9V":{"registrationId":1647799266,"currentRatchet":{"ephemeralKeyPair":{"pubKey":"Bcn7wHf1Ia2fndn0zRrMlEkuu1hTol5GvTaDVZaHYNFC","privKey":"kGMpDFwkskV/uHvHh9U7lElQmKssFanXVNmTjJ5Yd2A="},"lastRemoteEphemeralKey":"BWyRqVjkC/8Mp1Ceiv60UsXyEOVtwBxyfkALw8yDWid6","previousCounter":0,"rootKey":"7OmJuOSJy573O7yION4P32NWRcEEEnxLHut2/VNrnwY="},"indexInfo":{"baseKey":"BQPhifoqUaebiht5vYjVn4znDNdN2XJaVt0GdJJHJf9V","baseKeyType":1,"closed":1721105383957,"used":1721103877000,"created":1721103877000,"remoteIdentityKey":"BUNRMUDpW2pqqDgJg8eALNF8avD+wwQ/AkFxHr7Hkug7"},"_chains":{"Bcn7wHf1Ia2fndn0zRrMlEkuu1hTol5GvTaDVZaHYNFC":{"chainKey":{"counter":0,"key":"t1Hq1bY3Sqy6RIbcnU9qxHjFOuFpo4m9PrhI29RqJWY="},"chainType":1,"messageKeys":{}}},"pendingPreKey":{"signedKeyId":7,"baseKey":"BQPhifoqUaebiht5vYjVn4znDNdN2XJaVt0GdJJHJf9V","preKeyId":3925805}},"BXByf+D+16V/Puu8eqHukvuQHLkdwnkAq5xkL4Rsu9pw":{"registrationId":1647799266,"currentRatchet":{"ephemeralKeyPair":{"pubKey":"BfvUS+FCksX334BDUmjatw4z+AWtiuZjJ/of2pBI7SZ/","privKey":"iPhmc0jYW8EcVTBkpNbRWyYqoUellLDi6jOnSB/fVXo="},"lastRemoteEphemeralKey":"BU8SyXENqSfqVXxsLqaZ96PzsQ0H8/1c66thrwmtk75W","previousCounter":2,"rootKey":"D88GN0oUtnFNnsmh5NWWTihAWGtP1zIihepoiCBNnJI="},"indexInfo":{"baseKey":"BXByf+D+16V/Puu8eqHukvuQHLkdwnkAq5xkL4Rsu9pw","baseKeyType":1,"closed":-1,"used":1721127597558,"created":1721105383951,"remoteIdentityKey":"BUNRMUDpW2pqqDgJg8eALNF8avD+wwQ/AkFxHr7Hkug7"},"_chains":{"BU8SyXENqSfqVXxsLqaZ96PzsQ0H8/1c66thrwmtk75W":{"chainKey":{"counter":0,"key":"MzFjzZONVmEoyCIu6zE+9ch84gzHOB0Kq6DToxNyGu0="},"chainType":2,"messageKeys":{}},"BfvUS+FCksX334BDUmjatw4z+AWtiuZjJ/of2pBI7SZ/":{"chainKey":{"counter":84,"key":"rqOiHCbb63tsSUrQ/kZgF9Xqom1w8z9DXRAUEgzk4Ag="},"chainType":1,"messageKeys":{}}}}},"version":"v1"}