{"_sessions":{"Bb8Af3dixDuGheu9B4IevNHxEiyMx0W7HKlTgKFHCQ5Z":{"registrationId":181,"currentRatchet":{"ephemeralKeyPair":{"pubKey":"BaN6lBDPG6RH14eQuAYHy0fJA9MfPPq35zJBG9CTS2tG","privKey":"iJUTOooW4oCuQCPk6bTWGWlhEo9jSkHuoJGZ2m3KSnY="},"lastRemoteEphemeralKey":"BdjT5eHBUnbMW2RHCB53kkwfcVG/D7jCYVvuwWQJcKsK","previousCounter":0,"rootKey":"XcwCo2tDk7lJSaKXbHGvSBw/DCZK/j6EcVCpWD3t1Ac="},"indexInfo":{"baseKey":"Bb8Af3dixDuGheu9B4IevNHxEiyMx0W7HKlTgKFHCQ5Z","baseKeyType":2,"closed":-1,"used":1721108412726,"created":1721108412726,"remoteIdentityKey":"BcbK8HIn6cRQH84ApwVxoLzUTR3T8zqaaPoTTaLuRrUu"},"_chains":{"BdjT5eHBUnbMW2RHCB53kkwfcVG/D7jCYVvuwWQJcKsK":{"chainKey":{"counter":0,"key":"SUjVQNAAbb5R8GTrk+Td4XnJ2pdR4lcxMp/17ogJqYk="},"chainType":2,"messageKeys":{}},"BaN6lBDPG6RH14eQuAYHy0fJA9MfPPq35zJBG9CTS2tG":{"chainKey":{"counter":41,"key":"kdnPdbRBESRdsXe6nSMuaosiQhPvKuDoSqmqM8ObKpE="},"chainType":1,"messageKeys":{}}}}},"version":"v1"}