{"_sessions":{"BSE1zjnnxkN6oyO1yQWafy655jIrAQtGG/PYXKMxm9w3":{"registrationId":303933188,"currentRatchet":{"ephemeralKeyPair":{"pubKey":"BcZ3q7GMQde1+d9h8Dqhh27ZP4B3nlLwd0J4ivhEX9kY","privKey":"iKtU8Fzma4bKm2ycVxKyiYXavBTlM1e6cLVw/TgPd0Q="},"lastRemoteEphemeralKey":"BTE+uilZZLP8Bqkg9Eaq1Q5HcZmpPjQVz8d+soCR8eMh","previousCounter":0,"rootKey":"AALAnEA0THb/L5hLCV71FhUHuSXVFnQn71WKLm9AqlM="},"indexInfo":{"baseKey":"BSE1zjnnxkN6oyO1yQWafy655jIrAQtGG/PYXKMxm9w3","baseKeyType":1,"closed":-1,"used":1721069705747,"created":1721069705747,"remoteIdentityKey":"BZbQZ+in20WXYghzjDhaOD47Nvz32iii2xx52ikTc34B"},"_chains":{"BcZ3q7GMQde1+d9h8Dqhh27ZP4B3nlLwd0J4ivhEX9kY":{"chainKey":{"counter":0,"key":"LYHMGxgaZRfxgwK/ljCXrJ+wFMCkHM4Jpkgzm8zgyTU="},"chainType":1,"messageKeys":{}}},"pendingPreKey":{"signedKeyId":10,"baseKey":"BSE1zjnnxkN6oyO1yQWafy655jIrAQtGG/PYXKMxm9w3","preKeyId":12136081}}},"version":"v1"}