{"_sessions":{"BYNuUNFp8w4zMg7Y07x/dj8d5vPAdN6jgzLwesR9ajsE":{"registrationId":289321547,"currentRatchet":{"ephemeralKeyPair":{"pubKey":"BUhpn4q1c/XG++p/qtr/RPSp1tH3FI572aJbV8J2jQ0M","privKey":"YE0ynGTFHXHbWOJ33vIsnBFkms9bBgVPybTbE3VzgGM="},"lastRemoteEphemeralKey":"BfuJI4t7YCfjUyXOX0aThfu5DKaWnZal/V5GI4buJFAy","previousCounter":0,"rootKey":"qF592KcCXCrx9WFpGxLEgQHEm2UXuQvIm9hi8mHIxK0="},"indexInfo":{"baseKey":"BYNuUNFp8w4zMg7Y07x/dj8d5vPAdN6jgzLwesR9ajsE","baseKeyType":2,"closed":-1,"used":1721058205865,"created":1721058205865,"remoteIdentityKey":"BSdaVdiNl5BlEGNFLITtFYp9uliqJYQ6StwldR6+UF9s"},"_chains":{"BfuJI4t7YCfjUyXOX0aThfu5DKaWnZal/V5GI4buJFAy":{"chainKey":{"counter":0,"key":"3QT5m5AlKefBjWKqYTV7Gw/71dq3rTs4yqjfQA0yvDM="},"chainType":2,"messageKeys":{}},"BUhpn4q1c/XG++p/qtr/RPSp1tH3FI572aJbV8J2jQ0M":{"chainKey":{"counter":5,"key":"JsuBJhWenfP+19uzQA4OyhvZ1s4AdJRGeqHJy/+ziho="},"chainType":1,"messageKeys":{}}}}},"version":"v1"}