{"_sessions":{"BY7j/o1ACDFg+w477NZcPZnPw6JfNbdub0VYCJGcz0cL":{"registrationId":234,"currentRatchet":{"ephemeralKeyPair":{"pubKey":"Bbi+qTWo5p2H2Xj/0CDA90RS0HIQNwnmuLkkCUj+h85p","privKey":"4KxzKfH1HQwXuZUuC6zd3ET5Katxp0Q4Isr/1wXHLHg="},"lastRemoteEphemeralKey":"BVmuJoQfgfeaa3Vx2kXecZD0R6R/RMk1v7NEWdO3gRgu","previousCounter":0,"rootKey":"m7xFNLPWKAZUvq4106tDzqAiHS9KjyswX2a0Hv0IAg8="},"indexInfo":{"baseKey":"BY7j/o1ACDFg+w477NZcPZnPw6JfNbdub0VYCJGcz0cL","baseKeyType":1,"closed":-1,"used":1720960363168,"created":1720960363168,"remoteIdentityKey":"BYqGoKt20wrzxRr9iGT07p8E7JoystpKDWQg4UO+sTJS"},"_chains":{"Bbi+qTWo5p2H2Xj/0CDA90RS0HIQNwnmuLkkCUj+h85p":{"chainKey":{"counter":699,"key":"HJzEeBBNqpRP1E8UHYxU5ZdvsWpS3z/KPOWOHMJTWcM="},"chainType":1,"messageKeys":{}}},"pendingPreKey":{"signedKeyId":1,"baseKey":"BY7j/o1ACDFg+w477NZcPZnPw6JfNbdub0VYCJGcz0cL"}}},"version":"v1"}