{"_sessions":{"BecvsxOT1jXYGeAzQjo4cxdZhm+LPsFRtcCiPVpuU8JO":{"registrationId":1146699692,"currentRatchet":{"ephemeralKeyPair":{"pubKey":"Be6BC7Xjn1u54dYvISCDWSMVBwJMG9HeUQcB7bJ75cw7","privKey":"KIAsXDTW9g3by+D4Inv37Li5hlQ1hCyryl3BjaTNeHI="},"lastRemoteEphemeralKey":"BcCuZ+lr9QkPeSBVxsRZF/Cwi2ePEi52O0if6dXbiLd5","previousCounter":0,"rootKey":"q2hiPR7nLHJiHX86sJ3fBGQg+amYdUk7RNYHZpfI1wo="},"indexInfo":{"baseKey":"BecvsxOT1jXYGeAzQjo4cxdZhm+LPsFRtcCiPVpuU8JO","baseKeyType":1,"closed":-1,"used":1721059323212,"created":1721059323212,"remoteIdentityKey":"BTGsJ1os0QN5DG0oUjNR+LRsbxjWyc4+CG5yL3+fykhR"},"_chains":{"Be6BC7Xjn1u54dYvISCDWSMVBwJMG9HeUQcB7bJ75cw7":{"chainKey":{"counter":5,"key":"cSUgHTZXPMRtM93Ks9waz5yjy2HPfF70VRM8iTVSiug="},"chainType":1,"messageKeys":{}}},"pendingPreKey":{"signedKeyId":9,"baseKey":"BecvsxOT1jXYGeAzQjo4cxdZhm+LPsFRtcCiPVpuU8JO","preKeyId":14933528}}},"version":"v1"}