{"_sessions":{"BU3K9NJCSMgGdTk1/tmXzaEgzhTFz8xmrU3QgyENMMlH":{"registrationId":1022516145,"currentRatchet":{"ephemeralKeyPair":{"pubKey":"BWjFtaGec3fHoDkaWup8AIxoy4Z6Px3GUp9qRR5hEQsl","privKey":"4FbGbUfZhup33r4b+srw7bLbphsiM54LTw2Js+2rNHY="},"lastRemoteEphemeralKey":"BdYX1zpip9mOsOQsQmBvtVALBrii/ofOGri9KRZtm9gN","previousCounter":5,"rootKey":"udbM2mUylBb9KPtNT5g5X+A0bSrve0YB2c8wTTHbVZc="},"indexInfo":{"baseKey":"BU3K9NJCSMgGdTk1/tmXzaEgzhTFz8xmrU3QgyENMMlH","baseKeyType":2,"closed":-1,"used":1721141861969,"created":1721057516181,"remoteIdentityKey":"BbV8L82uTEPrl5qsKAC9vkWykAw5nL0+HRAQXydA6sZc"},"_chains":{"BY3WIKdp/B/HB6zaGeqdN4plFTce08hIOOPsqhK1rJkW":{"chainKey":{"counter":0},"chainType":2,"messageKeys":{}},"BdYX1zpip9mOsOQsQmBvtVALBrii/ofOGri9KRZtm9gN":{"chainKey":{"counter":0,"key":"XbFRhvf20+sSpeZ8QL8UfIKT3IlioqZeY5+8ODLTCk0="},"chainType":2,"messageKeys":{}},"BWjFtaGec3fHoDkaWup8AIxoy4Z6Px3GUp9qRR5hEQsl":{"chainKey":{"counter":-1,"key":"sTXDmZBGtrYIzy8fjn54fMtxIzIvLAm98umNV26nVfw="},"chainType":1,"messageKeys":{}}}}},"version":"v1"}