{"_sessions":{"BcTlItAVcZd0zS7CzMeuoKwZzQxgphhE/J02A6Na+U15":{"registrationId":1532976015,"currentRatchet":{"ephemeralKeyPair":{"pubKey":"BQZxUyR1sSznZnMnO4cTniuMp0UR05zVw4MI+ZDRzEIJ","privKey":"OCYo91h1CzXROGvyGA+7bn14apMAt6VCMvlSt3G8gnU="},"lastRemoteEphemeralKey":"BQ4rUnja6iq2rl4bCIoIM7jSLBNb3DGgnO9gpZTVWwE3","previousCounter":4,"rootKey":"m1ARwmcHEmCYaiVLI3Urwh+R3faXwW8ZTFiOOHJUL8Q="},"indexInfo":{"baseKey":"BcTlItAVcZd0zS7CzMeuoKwZzQxgphhE/J02A6Na+U15","baseKeyType":2,"closed":-1,"used":1721138582957,"created":1721058192137,"remoteIdentityKey":"BT6vMV4/DuvinnuMG2wtwywOwVFRMMWYS1iqdUl0xi8Q"},"_chains":{"BdOKUxA65D6ZzmcI4wXuWB8Qda6lXJ0/Znk1SfV1BZtB":{"chainKey":{"counter":0},"chainType":2,"messageKeys":{}},"BQ4rUnja6iq2rl4bCIoIM7jSLBNb3DGgnO9gpZTVWwE3":{"chainKey":{"counter":0,"key":"qAgIIS6TpLSqrSDCok1tgMycDlwcrFR+wQ7VHD1Nifw="},"chainType":2,"messageKeys":{}},"BQZxUyR1sSznZnMnO4cTniuMp0UR05zVw4MI+ZDRzEIJ":{"chainKey":{"counter":0,"key":"M8iqz2MBHx3kml3h1QImSSlPJYEu6G5mmRbbKUFQ4Jw="},"chainType":1,"messageKeys":{}}}}},"version":"v1"}