{"_sessions":{"BaS4SCUSxOFP82Esdpa45TO+LRIMTpIRczqm3CKfl/cX":{"registrationId":810909352,"currentRatchet":{"ephemeralKeyPair":{"pubKey":"BR3ErDNJnyqMBqQrqiZz/KRwOTk+pKs7qXtr3UoV8Mxn","privKey":"CDKiQ5rMWrsAyx7CMYGFz2Dn8UaNqTptWE8ftMc/VHQ="},"lastRemoteEphemeralKey":"BZGNSctuxHOTmkzY2k596/bSJYs/2AfRaVO0Mtvdx81R","previousCounter":0,"rootKey":"+8Q12KhnHpnRoeGHxkwsPniRtGlq5rwh5bStOlZNYek="},"indexInfo":{"baseKey":"BaS4SCUSxOFP82Esdpa45TO+LRIMTpIRczqm3CKfl/cX","baseKeyType":1,"closed":-1,"used":1721139033777,"created":1721059323040,"remoteIdentityKey":"BRsnAZY30ghBuGVNNZ+mhYpr8jaOXmEJs0NoPoqJukwD"},"_chains":{"Bd5uDHmBrngiqKBS4LpaC4c4mttDeQMQG3US+2I8wYtl":{"chainKey":{"counter":0},"chainType":2,"messageKeys":{}},"BY5OrBDRPRt4X+xzhof+geYHQyK+7BWisjQIwJwq70gR":{"chainKey":{"counter":0},"chainType":2,"messageKeys":{}},"BXroB+qvNs1GFE+6IyG6wveMfOpOaWbU9qhMKA16X/IS":{"chainKey":{"counter":0},"chainType":2,"messageKeys":{}},"BZGNSctuxHOTmkzY2k596/bSJYs/2AfRaVO0Mtvdx81R":{"chainKey":{"counter":0,"key":"ovT5qfLkZ72FI9k0fiEXP0bqfwWeXjkBCQkeEOH9bV0="},"chainType":2,"messageKeys":{}},"BR3ErDNJnyqMBqQrqiZz/KRwOTk+pKs7qXtr3UoV8Mxn":{"chainKey":{"counter":3,"key":"Aau0079Q9sEfSP43LrYcEkgGy6/OChGpujC3L8lt6bY="},"chainType":1,"messageKeys":{}}}}},"version":"v1"}