{"_sessions":{"BVQY0YKLwfGQrhvAy67+6bcgvtfpCa/oXXABpxL4RQVk":{"registrationId":15853,"currentRatchet":{"ephemeralKeyPair":{"pubKey":"BZ0XgHLQ1ptMSWxKvCiN0x2EGXQBJ10ITWXN62kgO/Q4","privKey":"WFV4JjQHq5EE/+91cPPWd+NgFE1L9gUSpoYQepRzinE="},"lastRemoteEphemeralKey":"BX/Gp7bE59ABKPx6Vzc8t9gZqaPoDS5d8UEBqHrJ/XoU","previousCounter":0,"rootKey":"4eoKjbZAbmdt69bqxtMqzk8v7X/621wZYuLT/fKZPWA="},"indexInfo":{"baseKey":"BVQY0YKLwfGQrhvAy67+6bcgvtfpCa/oXXABpxL4RQVk","baseKeyType":1,"closed":-1,"used":1721051170432,"created":1721051170432,"remoteIdentityKey":"BUTdKKjBxoqHkmR8fMq7iCcvlPh6dX/FwrZTKym9uGwC"},"_chains":{"BZ0XgHLQ1ptMSWxKvCiN0x2EGXQBJ10ITWXN62kgO/Q4":{"chainKey":{"counter":130,"key":"o7yVsld+fWlmJeurYhV/6+hsiYdbazeeIOD494/h8WQ="},"chainType":1,"messageKeys":{}}},"pendingPreKey":{"signedKeyId":1,"baseKey":"BVQY0YKLwfGQrhvAy67+6bcgvtfpCa/oXXABpxL4RQVk","preKeyId":866}}},"version":"v1"}