{"_sessions":{"BcOdyI+RlvYmL13KGyRrO2VwSZZTiRq5zAC8Akhzi/9Z":{"registrationId":178,"currentRatchet":{"ephemeralKeyPair":{"pubKey":"BW5UXjW7V/nnxaaA6+EyJ71c29+6W3VVzUe3XftEjWUs","privKey":"6Op2j3Ewh2uIY+R7Wm5TC+fB0xFByAHgHKoo5X1Illw="},"lastRemoteEphemeralKey":"BTs2fGNmOVQjeHH2wdxz3CW0NnlM1KoidsbC6ufeNotg","previousCounter":0,"rootKey":"80W3VI3QSFhwrMW2nDVWTXi1KC89FOc73ML7xamiAOs="},"indexInfo":{"baseKey":"BcOdyI+RlvYmL13KGyRrO2VwSZZTiRq5zAC8Akhzi/9Z","baseKeyType":1,"closed":1721074792535,"used":1721051170427,"created":1721051170427,"remoteIdentityKey":"BaSeHM28DZRn9D0KGGOr7YHQb9XM5DfQf910+IdV5zth"},"_chains":{"BW5UXjW7V/nnxaaA6+EyJ71c29+6W3VVzUe3XftEjWUs":{"chainKey":{"counter":32,"key":"keMZ0f1OO+qY7ErQlGio4y0jwpeA9N/V/MMwfCyOZe8="},"chainType":1,"messageKeys":{}}},"pendingPreKey":{"signedKeyId":1,"baseKey":"BcOdyI+RlvYmL13KGyRrO2VwSZZTiRq5zAC8Akhzi/9Z"}},"BU4w5+KOKQH1VzokRZ0GWm9NfU5MhHy7BJr0qKsUtOlA":{"registrationId":178,"currentRatchet":{"ephemeralKeyPair":{"pubKey":"BaFPU0kRsIZFuaJaz7Ckg2ERHF8BlkFbtKo6ZopbMdcE","privKey":"0MBJ4tXBItswiqFBHIvL1NyJt9UhgjopPBetopWNa3k="},"lastRemoteEphemeralKey":"BTs2fGNmOVQjeHH2wdxz3CW0NnlM1KoidsbC6ufeNotg","previousCounter":0,"rootKey":"aV6b2wflTt+dJdiLXspMjWltZVsHLcmuBfisQcFnyNg="},"indexInfo":{"baseKey":"BU4w5+KOKQH1VzokRZ0GWm9NfU5MhHy7BJr0qKsUtOlA","baseKeyType":1,"closed":-1,"used":1721074792531,"created":1721074792531,"remoteIdentityKey":"BaSeHM28DZRn9D0KGGOr7YHQb9XM5DfQf910+IdV5zth"},"_chains":{"BaFPU0kRsIZFuaJaz7Ckg2ERHF8BlkFbtKo6ZopbMdcE":{"chainKey":{"counter":98,"key":"is2IrRvdaKtlqJnmnH9Gi9bhzQ/fn8BCK1F28yRNIWc="},"chainType":1,"messageKeys":{}}},"pendingPreKey":{"signedKeyId":1,"baseKey":"BU4w5+KOKQH1VzokRZ0GWm9NfU5MhHy7BJr0qKsUtOlA","preKeyId":1405}}},"version":"v1"}