{"_sessions":{"Bc89UUOJJ3AAHtyLKAlD9disPtAhEgJkSy59Y3v7StVp":{"registrationId":1066503852,"currentRatchet":{"ephemeralKeyPair":{"pubKey":"Ba/V++tcMY98w8dUEfYdZAX0VGy/oMaVosxtOYGHWOd5","privKey":"cL4lrncaUDCaP5ulQopsULxdDpILu2+2vysPBqk5VG0="},"lastRemoteEphemeralKey":"BVrS+G9gnH8dyiGb6TI6HFNZ5MBiq6r4Yel/5ytz/+gG","previousCounter":0,"rootKey":"po6oV2xURye1VGpnJ6fsnNCXQkokAugdWEBhKrmMGww="},"indexInfo":{"baseKey":"Bc89UUOJJ3AAHtyLKAlD9disPtAhEgJkSy59Y3v7StVp","baseKeyType":1,"closed":-1,"used":1721051170468,"created":1721051170468,"remoteIdentityKey":"Bfq/ZBm6bVpcYC9NisXfNLpAeMA3mVhATv59r2DIU8Yc"},"_chains":{"Ba/V++tcMY98w8dUEfYdZAX0VGy/oMaVosxtOYGHWOd5":{"chainKey":{"counter":131,"key":"CtjvkkZiRfHmcya3beop7nIP2x+IBtbO7dQXroxTwnc="},"chainType":1,"messageKeys":{}}},"pendingPreKey":{"signedKeyId":5,"baseKey":"Bc89UUOJJ3AAHtyLKAlD9disPtAhEgJkSy59Y3v7StVp","preKeyId":550721}}},"version":"v1"}