{"_sessions":{"BcDUBeyNcp9YufvF/2hWb9BlBiSOarwL08gG38n52x1b":{"registrationId":834042397,"currentRatchet":{"ephemeralKeyPair":{"pubKey":"BT1iSCOrtCnOL+hxxgIcxZA7cnFw08G05lbQoR0xSz4Q","privKey":"sFQzbrBjz7hbFWoQtKOlCGB5FttCl3Glf0SL/2HxUFA="},"lastRemoteEphemeralKey":"BV3GXIXCWzIWZKcvIAIpn3GAtVsZLwVsER36IY5r6UUx","previousCounter":0,"rootKey":"bmoaCocTqDJmUYGHoWduvQVd+t7FnQPdy+93u+zy5pM="},"indexInfo":{"baseKey":"BcDUBeyNcp9YufvF/2hWb9BlBiSOarwL08gG38n52x1b","baseKeyType":1,"closed":-1,"used":1721069705476,"created":1721069705476,"remoteIdentityKey":"Bes5gzAVpBud2WsKds9fIcEDjzollfXglr8SqalmDxs/"},"_chains":{"BT1iSCOrtCnOL+hxxgIcxZA7cnFw08G05lbQoR0xSz4Q":{"chainKey":{"counter":0,"key":"6PTG9HtyjTRtF0wrP1tctU+IjjmeNFYkWk7Z8hLH/3w="},"chainType":1,"messageKeys":{}}},"pendingPreKey":{"signedKeyId":1,"baseKey":"BcDUBeyNcp9YufvF/2hWb9BlBiSOarwL08gG38n52x1b","preKeyId":3312385}}},"version":"v1"}