{"_sessions":{"Bfi+4x84QT0QLSfdHNPGrBuRrkZTAmxOoYSsp/WDH4w+":{"registrationId":764870580,"currentRatchet":{"ephemeralKeyPair":{"pubKey":"Bd+gDQGCGZTBxI88QpasahS5vdhwDciTrJGHJKRg8fdX","privKey":"aGPFI7u52AfchaFjgZnkZIEoCudefbx+Cf1xnt4TgFE="},"lastRemoteEphemeralKey":"BZKGGoiorwcLGIZ7qkrFwUM1n1QeX0nbzs1jvMKXHygO","previousCounter":0,"rootKey":"9/qCj1LLQrDK2Czmu8b9dYlDcnw5NWHXQ5ZhtdhdXE8="},"indexInfo":{"baseKey":"Bfi+4x84QT0QLSfdHNPGrBuRrkZTAmxOoYSsp/WDH4w+","baseKeyType":1,"closed":-1,"used":1721140561562,"created":1721140441880,"remoteIdentityKey":"BcJUb7evbtgdrjlTxAleicxaP96G+llCTKJMExYfSJhF"},"_chains":{"BZKGGoiorwcLGIZ7qkrFwUM1n1QeX0nbzs1jvMKXHygO":{"chainKey":{"counter":0,"key":"WK4kXutNv874ctLlWYpGU+yQrvHb1vGQWbnvUoxSTwg="},"chainType":2,"messageKeys":{}},"Bd+gDQGCGZTBxI88QpasahS5vdhwDciTrJGHJKRg8fdX":{"chainKey":{"counter":-1,"key":"Or6+H44nF45le2V19PmxNGoB6aa5BaPFxUIWjyde+yY="},"chainType":1,"messageKeys":{}}}}},"version":"v1"}