{"_sessions":{"BXHTBfIfZXel6BYdSELKftei+fY22CmdAw4oXgYrJJEQ":{"registrationId":5071,"currentRatchet":{"ephemeralKeyPair":{"pubKey":"BVdXOoZKiQrwYfmC+oTuDBCssVlAMuzVqlwssLAD5Xca","privKey":"yF4JdBwJTur7nxl/ObQsRVKRP4SunxGkul3dM5zhj0s="},"lastRemoteEphemeralKey":"BanV617ouMriXRMzNgD5j3ZkXKukfUqzsITS0XsJwe4O","previousCounter":0,"rootKey":"XxGjp2Bj/F5oez0W+0iyPZuiiiNKZ5G+PiRZi6NU9mc="},"indexInfo":{"baseKey":"BXHTBfIfZXel6BYdSELKftei+fY22CmdAw4oXgYrJJEQ","baseKeyType":1,"closed":-1,"used":1721061609610,"created":1721061609610,"remoteIdentityKey":"BRWvAj6r+8mLLa6uV4dwxv7bghlrivmHc+4cTTGZpIYk"},"_chains":{"BVdXOoZKiQrwYfmC+oTuDBCssVlAMuzVqlwssLAD5Xca":{"chainKey":{"counter":4,"key":"REGT0pXXWNwYF9fHSrQKJeAW/pw3r8d3HtLMRILH9XQ="},"chainType":1,"messageKeys":{}}},"pendingPreKey":{"signedKeyId":1,"baseKey":"BXHTBfIfZXel6BYdSELKftei+fY22CmdAw4oXgYrJJEQ","preKeyId":964}}},"version":"v1"}