{"_sessions":{"BbZuxNdtKsWecPiksvPyEwYk07dK2ZoGgczVEQ02FZ5d":{"registrationId":1719908670,"currentRatchet":{"ephemeralKeyPair":{"pubKey":"BUaDdxKEBn9LLSWMA2dEl5+G9+XauiG9l+isXvTY6Lgz","privKey":"KFlW1nWOFLyeoyxBSY9y7u9ujlpm5g0Ly0BGtRxl32o="},"lastRemoteEphemeralKey":"BXqKR+zQd4f3Wh8/0smWiRUCz/ae6uTzI6nGiTWbyGhF","previousCounter":0,"rootKey":"3ZASjuISq2bKb1tqVbBD0gbAzo6Fw33CHhGve06rA/U="},"indexInfo":{"baseKey":"BbZuxNdtKsWecPiksvPyEwYk07dK2ZoGgczVEQ02FZ5d","baseKeyType":1,"closed":-1,"used":1721149861826,"created":1721149861826,"remoteIdentityKey":"BUazCp4jmwUDYWBPVSxKZPkAXBprcpb/Z+kgqmbw2q4n"},"_chains":{"BUaDdxKEBn9LLSWMA2dEl5+G9+XauiG9l+isXvTY6Lgz":{"chainKey":{"counter":46,"key":"QL/S70701F7FsnR47mWYQZKQZ8nZiI0ehSj49wNwOIo="},"chainType":1,"messageKeys":{}}},"pendingPreKey":{"signedKeyId":1,"baseKey":"BbZuxNdtKsWecPiksvPyEwYk07dK2ZoGgczVEQ02FZ5d","preKeyId":6220480}}},"version":"v1"}