{"_sessions":{"BSZR8UKB5rW92S/4SJP873mhfpqxytfsotcToFtsn+9e":{"registrationId":80668342,"currentRatchet":{"ephemeralKeyPair":{"pubKey":"BZYZiwhmaZICmKcS0bttyyqsBq++rl5KhDsfZokpyMJl","privKey":"6IcbPWRZvLbCgO7rbGK4IhmobK1nBiS2B8Ixe+PDPEI="},"lastRemoteEphemeralKey":"Ban7/1n/RkJo16Tfu8aER5R+27uDbLI/10jz1UDlBJdn","previousCounter":0,"rootKey":"rYU92obhUkxY1Yycq3ZDAPoaFP7ahe2YxQVsG6hHTfw="},"indexInfo":{"baseKey":"BSZR8UKB5rW92S/4SJP873mhfpqxytfsotcToFtsn+9e","baseKeyType":1,"closed":-1,"used":1721069705432,"created":1721069705432,"remoteIdentityKey":"BcPuCxtIVrAKUhJBptJcAkoXV38WCurtXLJKRkoetGJH"},"_chains":{"BZYZiwhmaZICmKcS0bttyyqsBq++rl5KhDsfZokpyMJl":{"chainKey":{"counter":0,"key":"a072qaPlT3/tZLzUUMGUP0YBQQ0p26jN48H2pDFTRr0="},"chainType":1,"messageKeys":{}}},"pendingPreKey":{"signedKeyId":9,"baseKey":"BSZR8UKB5rW92S/4SJP873mhfpqxytfsotcToFtsn+9e","preKeyId":3908867}}},"version":"v1"}