{"_sessions":{"BVVqVD7FBY8TaqCgz8dqnMmEHdjz9hRyj9X3JO4GnOoz":{"registrationId":1316896316,"currentRatchet":{"ephemeralKeyPair":{"pubKey":"BevbU/MOeGBQkT1tKbJKQMctbCYiv+Cd/VRsk4TS2f1B","privKey":"yCukBcdKhrjC4RJaRdMhEuRrKYatRdSa1wANQoC/6kI="},"lastRemoteEphemeralKey":"BRpi4eNdwDuS43yn0yLvvb7OZRxFGr7WZfUeoRw3XPAk","previousCounter":0,"rootKey":"fJgT/gXVgWUWxdRzI3qYWRrgFlpNCDT0iqd8ypxLOj4="},"indexInfo":{"baseKey":"BVVqVD7FBY8TaqCgz8dqnMmEHdjz9hRyj9X3JO4GnOoz","baseKeyType":1,"closed":-1,"used":1721118959963,"created":1721118959963,"remoteIdentityKey":"BRWgJVbYQ78grFarjeFMhQ8qukQwPTuhOYZklHYTz8IN"},"_chains":{"BevbU/MOeGBQkT1tKbJKQMctbCYiv+Cd/VRsk4TS2f1B":{"chainKey":{"counter":1,"key":"LOo3S0vYN2pweQYi7SgJjM0Vnqh/OZwQDktkr1pIm9Y="},"chainType":1,"messageKeys":{}}},"pendingPreKey":{"signedKeyId":1,"baseKey":"BVVqVD7FBY8TaqCgz8dqnMmEHdjz9hRyj9X3JO4GnOoz","preKeyId":11898515}}},"version":"v1"}