{"_sessions":{"BTZxTMgUCV9FaKYS0IBHxz8GwD0h2HzsPeRhx/8EWXtm":{"registrationId":377799071,"currentRatchet":{"ephemeralKeyPair":{"pubKey":"BQ0Ody9J/zGAW2cWKJwXmxH1TiIBeL22yEuUfKWiU7sX","privKey":"IA4xX5hAh2Qi0Jwgi7qJ2h3AG7mEK7Ffw5cuJHG6NE8="},"lastRemoteEphemeralKey":"BcQTCaASV3WohoqEsQwXNZ8iVpVzvC3BIzaftlqwCTRa","previousCounter":0,"rootKey":"K/MI+s4F4o/gDYC+GeAq92esNh5Yr/D/Adgc4o+VYws="},"indexInfo":{"baseKey":"BTZxTMgUCV9FaKYS0IBHxz8GwD0h2HzsPeRhx/8EWXtm","baseKeyType":1,"closed":-1,"used":1721069705666,"created":1721069705666,"remoteIdentityKey":"Beu1SARuVDHwMOnKWGEr+vHjeclr7tku/Xq0tgMKPItT"},"_chains":{"BQ0Ody9J/zGAW2cWKJwXmxH1TiIBeL22yEuUfKWiU7sX":{"chainKey":{"counter":0,"key":"CU0LTYEsNAGh8KZvojA1btSc4e0+/JMJ7a4ywPX1hYo="},"chainType":1,"messageKeys":{}}},"pendingPreKey":{"signedKeyId":10,"baseKey":"BTZxTMgUCV9FaKYS0IBHxz8GwD0h2HzsPeRhx/8EWXtm","preKeyId":12072848}}},"version":"v1"}