{"_sessions":{"BRz/+vF9NVVwMoC34rMAGpH6wreYF5PL91gPSwWpKmBQ":{"registrationId":2031354429,"currentRatchet":{"ephemeralKeyPair":{"pubKey":"BX63cld3pHfJ8mUVmNFxMBcMaJ18y2MsiLtDmL18pExx","privKey":"GAEaIoXfPl4/knY6Wcj6aTPmF7leB4+lYaD1iOeecFA="},"lastRemoteEphemeralKey":"BfW3XcncAW7P4gopIYjPZNeF9/PMiJMqDI2PAbKPnKVk","previousCounter":0,"rootKey":"LcvRp6oUhzrDvTSEVJcVv7kqA9V8LyLgubpD3iZ3CIg="},"indexInfo":{"baseKey":"BRz/+vF9NVVwMoC34rMAGpH6wreYF5PL91gPSwWpKmBQ","baseKeyType":1,"closed":-1,"used":1721059323249,"created":1721059323249,"remoteIdentityKey":"BVj1TUN86D+AOivpEPv/VAeOI8UNGtPFDj0irBwt9mgf"},"_chains":{"BX63cld3pHfJ8mUVmNFxMBcMaJ18y2MsiLtDmL18pExx":{"chainKey":{"counter":5,"key":"zWZW/SNTqs/6N+tQGbRx+SmM/VSEaI5QN15KR5lY4E8="},"chainType":1,"messageKeys":{}}},"pendingPreKey":{"signedKeyId":2,"baseKey":"BRz/+vF9NVVwMoC34rMAGpH6wreYF5PL91gPSwWpKmBQ","preKeyId":4450259}}},"version":"v1"}