{"_sessions":{"BQLASXhm27MvXMZ2UmWyfNdz2Q1/O6c8cmo1b/tETwk1":{"registrationId":197588109,"currentRatchet":{"ephemeralKeyPair":{"pubKey":"BckU+jzwjx2dTFun8KbWS9oZE3vpbV5QECzRKWx5N2xa","privKey":"QNmKhUntm0eezACXaYeDpffg5T1Y5RPQkG3orKhvrV4="},"lastRemoteEphemeralKey":"BRMGralgHBGhj8peLrfZDqFkPRaNh6h7qpYZHBUIav5x","previousCounter":0,"rootKey":"vtp2rfOxr8ujfcpIFTMh/0skGn9iSXfmEfGGUAIc8ng="},"indexInfo":{"baseKey":"BQLASXhm27MvXMZ2UmWyfNdz2Q1/O6c8cmo1b/tETwk1","baseKeyType":1,"closed":-1,"used":1721069705450,"created":1721069705450,"remoteIdentityKey":"BbUNHDdWylQsqFHZLCNBtWqI6Efi2khFQU83HFLx2nMv"},"_chains":{"BckU+jzwjx2dTFun8KbWS9oZE3vpbV5QECzRKWx5N2xa":{"chainKey":{"counter":0,"key":"gDRCQAxN8m4qrVgJ5ZiLG81WUX3MF7CrAtuide8Gv8E="},"chainType":1,"messageKeys":{}}},"pendingPreKey":{"signedKeyId":0,"baseKey":"BQLASXhm27MvXMZ2UmWyfNdz2Q1/O6c8cmo1b/tETwk1","preKeyId":6539746}}},"version":"v1"}