{"_sessions":{"BZiWTg2iqPNfFq+rAGldjq1SH/4sxg0eOQGbf6KDZ6RV":{"registrationId":2324,"currentRatchet":{"ephemeralKeyPair":{"pubKey":"BXVGvOpT0u3ysbPJvMSZbmfdkr8t3HJfYoyO7g8ch9Qh","privKey":"4LIsPjYFKxEkpDRu7sJNNzaXufe1A1Y2YEBIFp0MyVo="},"lastRemoteEphemeralKey":"BQNPOEqMqr743NFOQccLr/ZJ5bA7owZrCWRO1cOrE38F","previousCounter":0,"rootKey":"Ffy92LbZM1rfn7Ppg+3iLF2Tx7J6Ls21qCcwVFhFaGg="},"indexInfo":{"baseKey":"BZiWTg2iqPNfFq+rAGldjq1SH/4sxg0eOQGbf6KDZ6RV","baseKeyType":1,"closed":-1,"used":1721128645650,"created":1721128645650,"remoteIdentityKey":"BWsaQ+pzbpXUy0RqIbQTWMcV5v3AZjFg7fFvmW/kWWR5"},"_chains":{"BXVGvOpT0u3ysbPJvMSZbmfdkr8t3HJfYoyO7g8ch9Qh":{"chainKey":{"counter":2,"key":"krzYHVp1CqSSx8d4sDe+up5HfGgUIsJFz6g/yJloa8E="},"chainType":1,"messageKeys":{}}},"pendingPreKey":{"signedKeyId":1,"baseKey":"BZiWTg2iqPNfFq+rAGldjq1SH/4sxg0eOQGbf6KDZ6RV","preKeyId":36}}},"version":"v1"}