{"_sessions":{"Be++u+SUU/0RN9qEbw4HBReecxhqNZ4Oi33a/pAy8YkS":{"registrationId":1746231100,"currentRatchet":{"ephemeralKeyPair":{"pubKey":"BeZQBTCRT33VTtrGrMU1+pCZhsY7SN/AX9M6rp7K/+de","privKey":"0DfnyYMGHKauogiIRbv6yYzIJs9KkPX7Vz9I5QgbHHg="},"lastRemoteEphemeralKey":"BdYZk4dQ1vpRy0t7FGeIq4iFASu1TOYaKWEnmDPTgq93","previousCounter":0,"rootKey":"ISaHgEYAYMydvlan0Kh/s4NcRqKzd5OtgxFf4/x8L8o="},"indexInfo":{"baseKey":"Be++u+SUU/0RN9qEbw4HBReecxhqNZ4Oi33a/pAy8YkS","baseKeyType":1,"closed":-1,"used":1721051170552,"created":1721051170552,"remoteIdentityKey":"BcRsqaYiyfZ29tGHDAeGhss2DtQLY6CRU5nZfafWTXQf"},"_chains":{"BeZQBTCRT33VTtrGrMU1+pCZhsY7SN/AX9M6rp7K/+de":{"chainKey":{"counter":132,"key":"FZzTnG6qtAFP6a9aZ8XfTLW/Lsretf3P5g7EmdcpkVY="},"chainType":1,"messageKeys":{}}},"pendingPreKey":{"signedKeyId":1,"baseKey":"Be++u+SUU/0RN9qEbw4HBReecxhqNZ4Oi33a/pAy8YkS","preKeyId":7171520}}},"version":"v1"}