{"_sessions":{"BaeqEwwL99n43Dh0EAib05bVJasLX5YAr/4B/WpMrnxv":{"registrationId":459274282,"currentRatchet":{"ephemeralKeyPair":{"pubKey":"BbHI49oDHg3P6aSdJPreloJuZj5ZdTRc8pcU5KqZjHBP","privKey":"ELeacXVBuEjEbs8EtV4YLFEPiWKybrI02mG2ggn55Wg="},"lastRemoteEphemeralKey":"BWwFat5IVm1Q5vL2Zh5Kd9VQYFbKZdYowaoskM50hwRe","previousCounter":0,"rootKey":"uvlgKjeKr35pEGC9q7FQGOb2Kei/sIjV7H4g4mVhqP0="},"indexInfo":{"baseKey":"BaeqEwwL99n43Dh0EAib05bVJasLX5YAr/4B/WpMrnxv","baseKeyType":1,"closed":-1,"used":1721061609841,"created":1721061609841,"remoteIdentityKey":"BYobPBHELNAzJQwyPXJmP0Vb8T5jAvcx7djdHJwLOrd7"},"_chains":{"BbHI49oDHg3P6aSdJPreloJuZj5ZdTRc8pcU5KqZjHBP":{"chainKey":{"counter":4,"key":"rlS1ThtnJ/fV0RQsDi+VtnTbxwPkTP0IX2WTNTEY/JI="},"chainType":1,"messageKeys":{}}},"pendingPreKey":{"signedKeyId":12,"baseKey":"BaeqEwwL99n43Dh0EAib05bVJasLX5YAr/4B/WpMrnxv","preKeyId":5634938}}},"version":"v1"}