{"_sessions":{"BcMP036fRGDetmKwsjP+dIKrhIdXF9ZceVZ28SlsD6Mp":{"registrationId":129,"currentRatchet":{"ephemeralKeyPair":{"pubKey":"BeYDcD7xp17paxlrddgKzGKRxAbZDleILYZmC5VaHLZg","privKey":"CPtafEAoPldsHnzOb6cXj6ogSFoUsDyePz6OLPXwQG4="},"lastRemoteEphemeralKey":"BUI21Y3Tn6wtgArOl+4Ykn8Uk4vw7mFEqEqof8bzeYJv","previousCounter":0,"rootKey":"lIgB5W5XsVtHyCGsFTWzsDoIUXpcjD0zprBDzXbuyIA="},"indexInfo":{"baseKey":"BcMP036fRGDetmKwsjP+dIKrhIdXF9ZceVZ28SlsD6Mp","baseKeyType":1,"closed":-1,"used":1721137572284,"created":1721137572284,"remoteIdentityKey":"BdkFB+jpyFPOWH3y5FJ20WBbfeEz0SG8RH0KYPrBKwpS"},"_chains":{"BeYDcD7xp17paxlrddgKzGKRxAbZDleILYZmC5VaHLZg":{"chainKey":{"counter":51,"key":"K3JsX9LRDehVxnSIFvfBNXCwI8QgZENY3SRmdEAv3+8="},"chainType":1,"messageKeys":{}}},"pendingPreKey":{"signedKeyId":1,"baseKey":"BcMP036fRGDetmKwsjP+dIKrhIdXF9ZceVZ28SlsD6Mp"}}},"version":"v1"}