{"_sessions":{"BZHHph700AODG/EeXf6F6ZJyXtENUl0NaxspS2QsE0wQ":{"registrationId":299146619,"currentRatchet":{"ephemeralKeyPair":{"pubKey":"BZM8IoPFH8TKpJx/kVCjsSetdo+xeizJ0V05NjNyl2tM","privKey":"ONnuUTdfe8LKWOx6sjzjRBZD3Y1lVDu/SrZkpy3fsXE="},"lastRemoteEphemeralKey":"BSz/ogNLpfpC7sWAbyxq5xbb98eKKsE+PMru3qkMA+dk","previousCounter":0,"rootKey":"9zN5qXE76StaP5+GQZ6e3tJjS/nvgm8qx9LI6Arallw="},"indexInfo":{"baseKey":"BZHHph700AODG/EeXf6F6ZJyXtENUl0NaxspS2QsE0wQ","baseKeyType":1,"closed":-1,"used":1721051171039,"created":1721051171039,"remoteIdentityKey":"BfJ8n8VHKrlD2k4IMtNzmsGXIab5dB3tkDm4h0BFResS"},"_chains":{"BZM8IoPFH8TKpJx/kVCjsSetdo+xeizJ0V05NjNyl2tM":{"chainKey":{"counter":130,"key":"8rnwAot6yq5PGqoYYoSAvg7XRTQbIVy7QGXKLvCZbG0="},"chainType":1,"messageKeys":{}}},"pendingPreKey":{"signedKeyId":20,"baseKey":"BZHHph700AODG/EeXf6F6ZJyXtENUl0NaxspS2QsE0wQ","preKeyId":14490073}}},"version":"v1"}