{"_sessions":{"BRPGX59Pos9mDkcnjhAAYK5WLbWJEFFOMFa9NzkJThIH":{"registrationId":1025417299,"currentRatchet":{"ephemeralKeyPair":{"pubKey":"Bat2YlEUf+v2lgosn0kWIO1da6AIdXmULYSaDCJ2lKlD","privKey":"QBFhudZ54yTnWNsjMORlD9yADGqmvKDrtlNLC7FFyE8="},"lastRemoteEphemeralKey":"BQiTqsL9X+2B61XQNof0XCalcyuCQy9cKPI1hT5cZA1b","previousCounter":0,"rootKey":"gEWbc0tU0IgOtUVNArNt2CuLyYK22Q8Sz0t+yzWpbQA="},"indexInfo":{"baseKey":"BRPGX59Pos9mDkcnjhAAYK5WLbWJEFFOMFa9NzkJThIH","baseKeyType":1,"closed":-1,"used":1721069705646,"created":1721069705646,"remoteIdentityKey":"BQMFTjgvGaiMZ7iy0faGLqAVLf64MP/vPH8katmpDRQo"},"_chains":{"Bat2YlEUf+v2lgosn0kWIO1da6AIdXmULYSaDCJ2lKlD":{"chainKey":{"counter":0,"key":"V35xj9HoKRLHBBVh+y3H3G2C5v+MgWxFUgJnhdR+vLk="},"chainType":1,"messageKeys":{}}},"pendingPreKey":{"signedKeyId":12,"baseKey":"BRPGX59Pos9mDkcnjhAAYK5WLbWJEFFOMFa9NzkJThIH","preKeyId":9334487}}},"version":"v1"}