{"_sessions":{"BYoS3lhjR+wQzNSqREIFLu84gYPs6I9GFeH+/TVCbq5M":{"registrationId":147,"currentRatchet":{"ephemeralKeyPair":{"pubKey":"BdppR2MA6I29GOkGAFq+lckD2T11Go9sKnSO6IWfccAH","privKey":"cPYBAC9ssNMPjzwB6eDNyLDfwcw5ec4RqADYXah9G3g="},"lastRemoteEphemeralKey":"Bb5b84fyYdZzfHNIlSPITNg/d+AN4xQPqzp7FCK4Q+RY","previousCounter":0,"rootKey":"EnL5X/XiCaoREGfxBlXD23kgTT90Ngafr+cw9yRYXqw="},"indexInfo":{"baseKey":"BYoS3lhjR+wQzNSqREIFLu84gYPs6I9GFeH+/TVCbq5M","baseKeyType":1,"closed":1721118976251,"used":1721118959958,"created":1721118959958,"remoteIdentityKey":"BUBov41cUu3Ie+BO21iivPkosx5ajgZnRj3UQibecPkd"},"_chains":{"BdppR2MA6I29GOkGAFq+lckD2T11Go9sKnSO6IWfccAH":{"chainKey":{"counter":0,"key":"EhAOLLSNCqoc90h2hfQZYoLeGjHWroUyHUImGHmoJHc="},"chainType":1,"messageKeys":{}}},"pendingPreKey":{"signedKeyId":1,"baseKey":"BYoS3lhjR+wQzNSqREIFLu84gYPs6I9GFeH+/TVCbq5M","preKeyId":3}},"BaIv4P7oVmPlYwZHk5gkA0k4TFjBFkmWK6+2W+C+X1NE":{"registrationId":147,"currentRatchet":{"ephemeralKeyPair":{"pubKey":"BTBbAnbrjg3I4dTjxjx+xC++S6z1UAwKCTuDVQmqTnBI","privKey":"2HwYzbSWXLwMhduHiM0WWcJ1Aa924JHuW8oGx++/vV8="},"lastRemoteEphemeralKey":"Bb+qxI5p5IMSg/Xgmy2cKEK2I9CrXyOCJyPBMT5BE9Fq","previousCounter":0,"rootKey":"nQv36dG4MOcEj8LOPwNnfvOAuM2IkBks0JDQhd3AxuQ="},"indexInfo":{"baseKey":"BaIv4P7oVmPlYwZHk5gkA0k4TFjBFkmWK6+2W+C+X1NE","baseKeyType":2,"closed":-1,"used":1721118976254,"created":1721118976254,"remoteIdentityKey":"BUBov41cUu3Ie+BO21iivPkosx5ajgZnRj3UQibecPkd"},"_chains":{"Bb+qxI5p5IMSg/Xgmy2cKEK2I9CrXyOCJyPBMT5BE9Fq":{"chainKey":{"counter":0,"key":"VAm/KPLQMRQ2W61AA/IHPHMf/dhwv90tda5QCm19UQU="},"chainType":2,"messageKeys":{}},"BTBbAnbrjg3I4dTjxjx+xC++S6z1UAwKCTuDVQmqTnBI":{"chainKey":{"counter":0,"key":"+S7KR4n4ka0LGlLN6EM8+reGv1L60CClyy0lLXVkV5Q="},"chainType":1,"messageKeys":{}}}}},"version":"v1"}