{"_sessions":{"BVUcq/DNFo9ssxYe8yohWgRQeVlEQkazyRVL/JqcWNVp":{"registrationId":1629170091,"currentRatchet":{"ephemeralKeyPair":{"pubKey":"BaohePRllHeHwQ9IdC/3VX+LyU3btYgH3VAT5DEBIJ9K","privKey":"OGg4LNg+m6NEkAN3uo7nB8qCGsAZ+5fHh/Kwbsipo3I="},"lastRemoteEphemeralKey":"BV+Dj7JVmfgCkqjA7bleCSTATRVaKJpmPYEj4xjGt+s0","previousCounter":0,"rootKey":"ycGh1b8jmMKSU64CZFAvyCVWpndggd8OxSDlJbpGdrU="},"indexInfo":{"baseKey":"BVUcq/DNFo9ssxYe8yohWgRQeVlEQkazyRVL/JqcWNVp","baseKeyType":1,"closed":-1,"used":1721059323118,"created":1721059323118,"remoteIdentityKey":"BUNXcsZPxdkuazpiUN6Yyh+1M/GBC9cjeqgtqgNl0doy"},"_chains":{"BaohePRllHeHwQ9IdC/3VX+LyU3btYgH3VAT5DEBIJ9K":{"chainKey":{"counter":5,"key":"wrtVYLZ+9eM+t8XcqeV0oECXZQAJLh960BHOw0/vhBc="},"chainType":1,"messageKeys":{}}},"pendingPreKey":{"signedKeyId":0,"baseKey":"BVUcq/DNFo9ssxYe8yohWgRQeVlEQkazyRVL/JqcWNVp","preKeyId":4708452}}},"version":"v1"}