{"_sessions":{"BSeL+SLKsbynA0jMvtEx7mgvF9VO6wMz41cU+GeEnQsN":{"registrationId":498760663,"currentRatchet":{"ephemeralKeyPair":{"pubKey":"Bbk1rjI8Uf0nmTY7Lc/Ar5uHQ1x3US+ceUWcrFu2x5Ib","privKey":"ECI2NgdjeSMY+g/EAA+BEAwRLNpn7HnbVcmM+dCpNnw="},"lastRemoteEphemeralKey":"BeCxVJLNPd7vGL9uiOcXoPCKUsUPYD7VcMIO4zogmg9V","previousCounter":0,"rootKey":"LXbSy9GYaHXzCt1+1cO61tzAzkfOIf9uVtqxkq2gn60="},"indexInfo":{"baseKey":"BSeL+SLKsbynA0jMvtEx7mgvF9VO6wMz41cU+GeEnQsN","baseKeyType":1,"closed":-1,"used":1721069705540,"created":1721069705540,"remoteIdentityKey":"BZHf9ToL+JrVJwJ8mHUTP1sHGd4llftcYi5H9sGfrVwd"},"_chains":{"Bbk1rjI8Uf0nmTY7Lc/Ar5uHQ1x3US+ceUWcrFu2x5Ib":{"chainKey":{"counter":0,"key":"P2OBtGnsk6m7MwLgIKK5ADkoJAQeVGUjBy0u2L57a8k="},"chainType":1,"messageKeys":{}}},"pendingPreKey":{"signedKeyId":0,"baseKey":"BSeL+SLKsbynA0jMvtEx7mgvF9VO6wMz41cU+GeEnQsN","preKeyId":5879875}}},"version":"v1"}