{
  "sticker": {},
  "database": {},
  "game": {
    "math": []
  },
  "others": {
    "vote": []
  },
  "users": {
    "6285795718659@s.whatsapp.net": {
      "serialNumber": "f9tM",
      "title": "Premium",
      "afkTime": -1,
      "exp": 100,
      "level": 1,
      "hit": 0,
      "balance": 1000,
      "badword": 0,
      "afkReason": "",
      "nick": "rangelofficial.id",
      "premium": "true",
      "limit": 1000,
      "totalLimit": 0
    },
    "6281316643491@s.whatsapp.net": {
      "serialNumber": "wajG",
      "title": "Premium",
      "afkTime": -1,
      "exp": 100,
      "level": 1,
      "hit": 0,
      "balance": 2600,
      "badword": 0,
      "afkReason": "",
      "nick": "`-єнαηz ツ",
      "premium": "true",
      "limit": 995,
      "totalLimit": 0,
      "glimit": -1
    },
    "6288232733050@s.whatsapp.net": {
      "serialNumber": "JCGF",
      "title": "User",
      "afkTime": -1,
      "exp": 100,
      "level": 1,
      "hit": 0,
      "balance": 1000,
      "badword": 0,
      "afkReason": "",
      "nick": "Origami-Bot REBORN",
      "premium": false,
      "limit": 100,
      "totalLimit": 0
    },
    "6285812373011@s.whatsapp.net": {
      "serialNumber": "3n6e",
      "title": "User",
      "afkTime": -1,
      "exp": 100,
      "level": 1,
      "hit": 0,
      "balance": 1000,
      "badword": 0,
      "afkReason": "",
      "nick": "Fanz",
      "premium": false,
      "limit": 100,
      "totalLimit": 0
    },
    "6281268248904@s.whatsapp.net": {
      "serialNumber": "yPvv",
      "title": "User",
      "afkTime": -1,
      "exp": 100,
      "level": 1,
      "hit": 0,
      "balance": 1000,
      "badword": 0,
      "afkReason": "",
      "nick": "シエスタ (Shiesuta). ",
      "premium": false,
      "limit": 100,
      "totalLimit": 0
    },
    "6285179956361@s.whatsapp.net": {
      "serialNumber": "tdiO",
      "title": "User",
      "afkTime": -1,
      "exp": 100,
      "level": 1,
      "hit": 0,
      "balance": 1000,
      "badword": 0,
      "afkReason": "",
      "nick": "MeowClient V.1.0-2024",
      "premium": false,
      "limit": 100,
      "totalLimit": 0
    },
    "6285712048015@s.whatsapp.net": {
      "serialNumber": "816j",
      "title": "User",
      "afkTime": -1,
      "exp": 100,
      "level": 1,
      "hit": 0,
      "balance": 1000,
      "badword": 0,
      "afkReason": "",
      "nick": "mutiaahahaha",
      "premium": false,
      "limit": 100,
      "totalLimit": 0
    },
    "6283103200459@s.whatsapp.net": {
      "serialNumber": "mUXf",
      "title": "User",
      "afkTime": -1,
      "exp": 100,
      "level": 1,
      "hit": 0,
      "balance": 1000,
      "badword": 0,
      "afkReason": "",
      "nick": "Nara",
      "premium": false,
      "limit": 100,
      "totalLimit": 0
    },
    "6283841862712@s.whatsapp.net": {
      "serialNumber": "kl1E",
      "title": "User",
      "afkTime": -1,
      "exp": 100,
      "level": 1,
      "hit": 0,
      "balance": 1000,
      "badword": 0,
      "afkReason": "",
      "nick": "Romi Photografi",
      "premium": "false",
      "limit": 100,
      "totalLimit": 0
    },
    "6285796503931@s.whatsapp.net": {
      "serialNumber": "NeIo",
      "title": "User",
      "afkTime": -1,
      "exp": 100,
      "level": 1,
      "hit": 0,
      "balance": 1000,
      "badword": 0,
      "afkReason": "",
      "nick": "Inox suka salto",
      "premium": false,
      "limit": 100,
      "totalLimit": 0
    },
    "6282353035070@s.whatsapp.net": {
      "serialNumber": "g9eo",
      "title": "User",
      "afkTime": -1,
      "exp": 100,
      "level": 1,
      "hit": 0,
      "balance": 1000,
      "badword": 0,
      "afkReason": "",
      "nick": "Nasir",
      "premium": false,
      "limit": 100,
      "totalLimit": 0
    },
    "6282397753353@s.whatsapp.net": {
      "serialNumber": "AXZM",
      "title": "User",
      "afkTime": -1,
      "exp": 100,
      "level": 1,
      "hit": 0,
      "balance": 1000,
      "badword": 0,
      "afkReason": "",
      "nick": "Bot Medusa",
      "premium": false,
      "limit": 100,
      "totalLimit": 0
    },
    "6281252660144@s.whatsapp.net": {
      "serialNumber": "pyTY",
      "title": "User",
      "afkTime": -1,
      "exp": 100,
      "level": 1,
      "hit": 0,
      "balance": 1000,
      "badword": 0,
      "afkReason": "",
      "nick": "flo",
      "premium": false,
      "limit": 100,
      "totalLimit": 0
    },
    "6288226214077@s.whatsapp.net": {
      "serialNumber": "Z6Kk",
      "title": "User",
      "afkTime": -1,
      "exp": 100,
      "level": 1,
      "hit": 0,
      "balance": 1000,
      "badword": 0,
      "afkReason": "",
      "nick": "gung",
      "premium": false,
      "limit": 100,
      "totalLimit": 0
    },
    "6283873541589@s.whatsapp.net": {
      "serialNumber": "7Gwc",
      "title": "User",
      "afkTime": -1,
      "exp": 100,
      "level": 1,
      "hit": 0,
      "balance": 1000,
      "badword": 0,
      "afkReason": "",
      "nick": "Ryuu",
      "premium": false,
      "limit": 100,
      "totalLimit": 0
    },
    "628386484120@s.whatsapp.net": {
      "serialNumber": "jasH",
      "title": "User",
      "afkTime": -1,
      "exp": 100,
      "level": 1,
      "hit": 0,
      "balance": 1000,
      "badword": 0,
      "afkReason": "",
      "nick": "catch (avosky);",
      "premium": false,
      "limit": 99,
      "totalLimit": 0
    },
    "6285133590683@s.whatsapp.net": {
      "serialNumber": "9Qke",
      "title": "User",
      "afkTime": -1,
      "exp": 100,
      "level": 1,
      "hit": 0,
      "balance": 1000,
      "badword": 0,
      "afkReason": "",
      "nick": "Hi",
      "premium": false,
      "limit": 100,
      "totalLimit": 0
    },
    "6289647621229@s.whatsapp.net": {
      "serialNumber": "qgRs",
      "title": "User",
      "afkTime": -1,
      "exp": 100,
      "level": 1,
      "hit": 0,
      "balance": 1000,
      "badword": 0,
      "afkReason": "",
      "nick": "REKBER SI ARDI",
      "premium": false,
      "limit": 100,
      "totalLimit": 0
    },
    "628388024064@s.whatsapp.net": {
      "serialNumber": "FyOn",
      "title": "User",
      "afkTime": -1,
      "exp": 100,
      "level": 1,
      "hit": 0,
      "balance": 1000,
      "badword": 0,
      "afkReason": "",
      "nick": "takim",
      "premium": false,
      "limit": 100,
      "totalLimit": 0
    },
    "6281775445373@s.whatsapp.net": {
      "serialNumber": "boUc",
      "title": "User",
      "afkTime": -1,
      "exp": 100,
      "level": 1,
      "hit": 0,
      "balance": 1000,
      "badword": 0,
      "afkReason": "",
      "nick": "prly",
      "premium": false,
      "limit": 100,
      "totalLimit": 0
    },
    "6287763841788@s.whatsapp.net": {
      "serialNumber": "PIv7",
      "title": "User",
      "afkTime": -1,
      "exp": 100,
      "level": 1,
      "hit": 0,
      "balance": 1000,
      "badword": 0,
      "afkReason": "",
      "nick": "Tpx",
      "premium": false,
      "limit": 100,
      "totalLimit": 0
    },
    "6283856465946@s.whatsapp.net": {
      "serialNumber": "FFGI",
      "title": "User",
      "afkTime": -1,
      "exp": 100,
      "level": 1,
      "hit": 0,
      "balance": 1000,
      "badword": 0,
      "afkReason": "",
      "nick": "Y O R E K",
      "premium": false,
      "limit": 100,
      "totalLimit": 0
    },
    "6285808256218@s.whatsapp.net": {
      "serialNumber": "xAEF",
      "title": "User",
      "afkTime": -1,
      "exp": 100,
      "level": 1,
      "hit": 0,
      "balance": 1000,
      "badword": 0,
      "afkReason": "",
      "nick": "𝗔𝗗𝗠𝗜𝗡",
      "premium": false,
      "limit": 100,
      "totalLimit": 0
    },
    "6283152094406@s.whatsapp.net": {
      "serialNumber": "rC6L",
      "title": "User",
      "afkTime": -1,
      "exp": 100,
      "level": 1,
      "hit": 0,
      "balance": 1000,
      "badword": 0,
      "afkReason": "",
      "nick": "YASAM",
      "premium": false,
      "limit": 100,
      "totalLimit": 0
    },
    "628561042419@s.whatsapp.net": {
      "serialNumber": "JQqo",
      "title": "User",
      "afkTime": -1,
      "exp": 100,
      "level": 1,
      "hit": 0,
      "balance": 1000,
      "badword": 0,
      "afkReason": "",
      "nick": "PUTRA SKZ",
      "premium": false,
      "limit": 100,
      "totalLimit": 0
    },
    "6288287822042@s.whatsapp.net": {
      "serialNumber": "XHPp",
      "title": "User",
      "afkTime": -1,
      "exp": 100,
      "level": 1,
      "hit": 0,
      "balance": 1000,
      "badword": 0,
      "afkReason": "",
      "nick": "ALL || 𝕶𝖂𝕮48",
      "premium": false,
      "limit": 100,
      "totalLimit": 0
    },
    "6281908113709@s.whatsapp.net": {
      "serialNumber": "1Rl3",
      "title": "User",
      "afkTime": -1,
      "exp": 100,
      "level": 1,
      "hit": 0,
      "balance": 1000,
      "badword": 0,
      "afkReason": "",
      "nick": "Sapa dong",
      "premium": false,
      "limit": 100,
      "totalLimit": 0
    },
    "6287733624211@s.whatsapp.net": {
      "serialNumber": "HigI",
      "title": "User",
      "afkTime": -1,
      "exp": 100,
      "level": 1,
      "hit": 0,
      "balance": 1000,
      "badword": 0,
      "afkReason": "",
      "nick": "ᶻᵉᵘᶻᶻₖₑ𝒸ₕₑₑ",
      "premium": false,
      "limit": 100,
      "totalLimit": 0
    },
    "6285258971946@s.whatsapp.net": {
      "serialNumber": "1wC3",
      "title": "User",
      "afkTime": -1,
      "exp": 100,
      "level": 1,
      "hit": 0,
      "balance": 1000,
      "badword": 0,
      "afkReason": "",
      "nick": "Aku Ultramend",
      "premium": false,
      "limit": 100,
      "totalLimit": 0
    },
    "6289519015611@s.whatsapp.net": {
      "serialNumber": "ZA3u",
      "title": "User",
      "afkTime": -1,
      "exp": 100,
      "level": 1,
      "hit": 0,
      "balance": 1000,
      "badword": 0,
      "afkReason": "",
      "nick": "R~",
      "premium": false,
      "limit": 100,
      "totalLimit": 0
    },
    "6287843547948@s.whatsapp.net": {
      "serialNumber": "AZU7",
      "title": "User",
      "afkTime": -1,
      "exp": 100,
      "level": 1,
      "hit": 0,
      "balance": 1000,
      "badword": 0,
      "afkReason": "",
      "nick": "kyyyyy",
      "premium": false,
      "limit": 100,
      "totalLimit": 0
    },
    "6282116359852@s.whatsapp.net": {
      "serialNumber": "Luof",
      "title": "User",
      "afkTime": -1,
      "exp": 100,
      "level": 1,
      "hit": 0,
      "balance": 1000,
      "badword": 0,
      "afkReason": "",
      "nick": "RIPKI PISANG GORENG",
      "premium": false,
      "limit": 100,
      "totalLimit": 0
    },
    "6281803862343@s.whatsapp.net": {
      "serialNumber": "8TdG",
      "title": "User",
      "afkTime": -1,
      "exp": 100,
      "level": 1,
      "hit": 0,
      "balance": 1000,
      "badword": 0,
      "afkReason": "",
      "nick": "Tenkai🇵🇸",
      "premium": false,
      "limit": 100,
      "totalLimit": 0
    },
    "6283850212505@s.whatsapp.net": {
      "serialNumber": "rxca",
      "title": "User",
      "afkTime": -1,
      "exp": 100,
      "level": 1,
      "hit": 0,
      "balance": 1000,
      "badword": 0,
      "afkReason": "",
      "nick": "Π",
      "premium": false,
      "limit": 100,
      "totalLimit": 0
    },
    "6285711558348@s.whatsapp.net": {
      "serialNumber": "67z1",
      "title": "User",
      "afkTime": -1,
      "exp": 100,
      "level": 1,
      "hit": 0,
      "balance": 1000,
      "badword": 0,
      "afkReason": "",
      "nick": "A",
      "premium": "false",
      "limit": 100,
      "totalLimit": 0
    },
    "6289676169692@s.whatsapp.net": {
      "serialNumber": "oiyT",
      "title": "User",
      "afkTime": -1,
      "exp": 100,
      "level": 1,
      "hit": 0,
      "balance": 1000,
      "badword": 0,
      "afkReason": "",
      "nick": "~Aldi",
      "premium": false,
      "limit": 100,
      "totalLimit": 0
    },
    "6285156137901@s.whatsapp.net": {
      "serialNumber": "L30o",
      "title": "User",
      "afkTime": -1,
      "exp": 100,
      "level": 1,
      "hit": 0,
      "balance": 1000,
      "badword": 0,
      "afkReason": "",
      "nick": "DITTAZ",
      "premium": false,
      "limit": 100,
      "totalLimit": 0
    },
    "6285172200670@s.whatsapp.net": {
      "serialNumber": "i71Q",
      "title": "User",
      "afkTime": -1,
      "exp": 100,
      "level": 1,
      "hit": 0,
      "balance": 1000,
      "badword": 0,
      "afkReason": "",
      "nick": "Fizzxy",
      "premium": false,
      "limit": 100,
      "totalLimit": 0
    },
    "6289528105137@s.whatsapp.net": {
      "serialNumber": "Xw21",
      "title": "User",
      "afkTime": -1,
      "exp": 100,
      "level": 1,
      "hit": 0,
      "balance": 1000,
      "badword": 0,
      "afkReason": "",
      "nick": "𝚌𝚢𝚊𝚊 𝚖𝚞𝚕𝚝𝚒𝚍𝚎𝚟𝚒𝚌𝚎",
      "premium": false,
      "limit": 100,
      "totalLimit": 0
    },
    "6282143546712@s.whatsapp.net": {
      "serialNumber": "H5bo",
      "title": "User",
      "afkTime": -1,
      "exp": 100,
      "level": 1,
      "hit": 0,
      "balance": 1000,
      "badword": 0,
      "afkReason": "",
      "nick": "Sanzei Sky",
      "premium": false,
      "limit": 100,
      "totalLimit": 0
    },
    "6282155916069@s.whatsapp.net": {
      "serialNumber": "Urix",
      "title": "User",
      "afkTime": -1,
      "exp": 100,
      "level": 1,
      "hit": 0,
      "balance": 1000,
      "badword": 0,
      "afkReason": "",
      "nick": "ariosaputra",
      "premium": "false",
      "limit": 100,
      "totalLimit": 0
    },
    "6283137283753@s.whatsapp.net": {
      "serialNumber": "bfUJ",
      "title": "User",
      "afkTime": -1,
      "exp": 100,
      "level": 1,
      "hit": 0,
      "balance": 1000,
      "badword": 0,
      "afkReason": "",
      "nick": "why",
      "premium": false,
      "limit": 100,
      "totalLimit": 0
    },
    "62895340033651@s.whatsapp.net": {
      "serialNumber": "oh6v",
      "title": "User",
      "afkTime": -1,
      "exp": 100,
      "level": 1,
      "hit": 0,
      "balance": 1000,
      "badword": 0,
      "afkReason": "",
      "nick": "𝗬𝗢𝗨𝗧𝗨𝗕𝗘: 𝗗𝗝 𝗙𝗜𝗞𝗔𝗥 𝗦𝗢𝗣𝗔𝗡 𝗥𝗠𝗫",
      "premium": false,
      "limit": 100,
      "totalLimit": 0
    },
    "6281401689098@s.whatsapp.net": {
      "serialNumber": "imrY",
      "title": "User",
      "afkTime": -1,
      "exp": 100,
      "level": 1,
      "hit": 0,
      "balance": 1000,
      "badword": 0,
      "afkReason": "",
      "nick": "Owner Shirakami Fubuki",
      "premium": false,
      "limit": 100,
      "totalLimit": 0
    },
    "6283136656711@s.whatsapp.net": {
      "serialNumber": "r6Wc",
      "title": "User",
      "afkTime": -1,
      "exp": 100,
      "level": 1,
      "hit": 0,
      "balance": 1000,
      "badword": 0,
      "afkReason": "",
      "nick": "uhuy",
      "premium": false,
      "limit": 100,
      "totalLimit": 0
    },
    "6285777451314@s.whatsapp.net": {
      "serialNumber": "0ZJ2",
      "title": "User",
      "afkTime": -1,
      "exp": 100,
      "level": 1,
      "hit": 0,
      "balance": 1000,
      "badword": 0,
      "afkReason": "",
      "nick": "Nat",
      "premium": false,
      "limit": 100,
      "totalLimit": 0
    },
    "6285726923618@s.whatsapp.net": {
      "serialNumber": "mpdH",
      "title": "User",
      "afkTime": -1,
      "exp": 100,
      "level": 1,
      "hit": 0,
      "balance": 1000,
      "badword": 0,
      "afkReason": "",
      "nick": "natstore",
      "premium": false,
      "limit": 100,
      "totalLimit": 0
    },
    "6285338182946@s.whatsapp.net": {
      "serialNumber": "yqqs",
      "title": "User",
      "afkTime": -1,
      "exp": 100,
      "level": 1,
      "hit": 0,
      "balance": 1000,
      "badword": 0,
      "afkReason": "",
      "nick": "TC",
      "premium": false,
      "limit": 100,
      "totalLimit": 0
    },
    "6285313307386@s.whatsapp.net": {
      "serialNumber": "Ljmg",
      "title": "User",
      "afkTime": -1,
      "exp": 100,
      "level": 1,
      "hit": 0,
      "balance": 1000,
      "badword": 0,
      "afkReason": "",
      "nick": "RIPKI-BOTCHAT",
      "premium": false,
      "limit": 100,
      "totalLimit": 0
    },
    "6283825536262@s.whatsapp.net": {
      "serialNumber": "bXZ2",
      "title": "User",
      "afkTime": -1,
      "exp": 100,
      "level": 1,
      "hit": 0,
      "balance": 1000,
      "badword": 0,
      "afkReason": "",
      "nick": "TheSpiritOfLorenzo.",
      "premium": false,
      "limit": 100,
      "totalLimit": 0
    },
    "6285238023080@s.whatsapp.net": {
      "serialNumber": "xJdy",
      "title": "User",
      "afkTime": -1,
      "exp": 100,
      "level": 1,
      "hit": 0,
      "balance": 1000,
      "badword": 0,
      "afkReason": "",
      "nick": ".",
      "premium": false,
      "limit": 100,
      "totalLimit": 0
    },
    "6285894674748@s.whatsapp.net": {
      "serialNumber": "q1Z8",
      "title": "User",
      "afkTime": -1,
      "exp": 100,
      "level": 1,
      "hit": 0,
      "balance": 1000,
      "badword": 0,
      "afkReason": "",
      "nick": "salz.",
      "premium": "false",
      "limit": 100,
      "totalLimit": 0
    },
    "6282179497572@s.whatsapp.net": {
      "serialNumber": "5hju",
      "title": "User",
      "afkTime": -1,
      "exp": 100,
      "level": 1,
      "hit": 0,
      "balance": 1000,
      "badword": 0,
      "afkReason": "",
      "nick": ".",
      "premium": "false",
      "limit": 100,
      "totalLimit": 0
    },
    "6287859073268@s.whatsapp.net": {
      "serialNumber": "o1hs",
      "title": "User",
      "afkTime": -1,
      "exp": 100,
      "level": 1,
      "hit": 0,
      "balance": 1000,
      "badword": 0,
      "afkReason": "",
      "nick": "Y",
      "premium": "false",
      "limit": 100,
      "totalLimit": 0
    },
    "6282242995870@s.whatsapp.net": {
      "serialNumber": "LWBL",
      "title": "User",
      "afkTime": -1,
      "exp": 100,
      "level": 1,
      "hit": 0,
      "balance": 1000,
      "badword": 0,
      "afkReason": "",
      "nick": "AP 💀",
      "premium": "false",
      "limit": 100,
      "totalLimit": 0
    },
    "916380402587@s.whatsapp.net": {
      "serialNumber": "J9is",
      "title": "User",
      "afkTime": -1,
      "exp": 100,
      "level": 1,
      "hit": 0,
      "balance": 1000,
      "badword": 0,
      "afkReason": "",
      "nick": "Egass",
      "premium": "false",
      "limit": 100,
      "totalLimit": 0
    }
  },
  "chats": {
    "6281316643491@s.whatsapp.net": {
      "name": "",
      "badword": false,
      "antiforeignnum": false,
      "antibot": false,
      "antiviewonce": false,
      "antispam": false,
      "antivirtex": false,
      "antimedia": false,
      "antiimage": false,
      "antivideo": false,
      "antiaudio": false,
      "antipoll": false,
      "antisticker": false,
      "antilocation": false,
      "antidocument": false,
      "anticontact": false,
      "antilink": false,
      "antitoxic": false,
      "antipromotion": false,
      "antilinkgc": false
    },
    "120363246490902688@g.us": {
      "name": "Alhamdulillah",
      "badword": false,
      "antiforeignnum": false,
      "antibot": false,
      "antiviewonce": false,
      "antispam": false,
      "antivirtex": false,
      "antimedia": false,
      "antiimage": false,
      "antivideo": false,
      "antiaudio": false,
      "antipoll": false,
      "antisticker": false,
      "antilocation": false,
      "antidocument": false,
      "anticontact": false,
      "antilink": false,
      "antitoxic": false,
      "antipromotion": false,
      "antilinkgc": false
    },
    "120363162611448409@g.us": {
      "name": "Rangelofficial.id",
      "badword": false,
      "antiforeignnum": false,
      "antibot": false,
      "antiviewonce": false,
      "antispam": false,
      "antivirtex": false,
      "antimedia": false,
      "antiimage": false,
      "antivideo": false,
      "antiaudio": false,
      "antipoll": false,
      "antisticker": false,
      "antilocation": false,
      "antidocument": false,
      "anticontact": false,
      "antilink": false,
      "antitoxic": false,
      "antipromotion": false,
      "antilinkgc": false
    },
    "6285795718659@s.whatsapp.net": {
      "name": "",
      "badword": false,
      "antiforeignnum": false,
      "antibot": false,
      "antiviewonce": false,
      "antispam": false,
      "antivirtex": false,
      "antimedia": false,
      "antiimage": false,
      "antivideo": false,
      "antiaudio": false,
      "antipoll": false,
      "antisticker": false,
      "antilocation": false,
      "antidocument": false,
      "anticontact": false,
      "antilink": false,
      "antitoxic": false,
      "antipromotion": false,
      "antilinkgc": false
    },
    "6288232733050@s.whatsapp.net": {
      "name": "",
      "badword": false,
      "antiforeignnum": false,
      "antibot": false,
      "antiviewonce": false,
      "antispam": false,
      "antivirtex": false,
      "antimedia": false,
      "antiimage": false,
      "antivideo": false,
      "antiaudio": false,
      "antipoll": false,
      "antisticker": false,
      "antilocation": false,
      "antidocument": false,
      "anticontact": false,
      "antilink": false,
      "antitoxic": false,
      "antipromotion": false,
      "antilinkgc": false
    },
    "120363162763447436@g.us": {
      "name": "𝙋𝙀𝙆𝘼 𝘿𝙊𝙉𝙂",
      "badword": false,
      "antiforeignnum": false,
      "antibot": false,
      "antiviewonce": false,
      "antispam": false,
      "antivirtex": false,
      "antimedia": false,
      "antiimage": false,
      "antivideo": false,
      "antiaudio": false,
      "antipoll": false,
      "antisticker": false,
      "antilocation": false,
      "antidocument": false,
      "anticontact": false,
      "antilink": false,
      "antitoxic": false,
      "antipromotion": false,
      "antilinkgc": false
    },
    "120363193015898913@g.us": {
      "name": "Update Script ",
      "badword": false,
      "antiforeignnum": false,
      "antibot": false,
      "antiviewonce": false,
      "antispam": false,
      "antivirtex": false,
      "antimedia": false,
      "antiimage": false,
      "antivideo": false,
      "antiaudio": false,
      "antipoll": false,
      "antisticker": false,
      "antilocation": false,
      "antidocument": false,
      "anticontact": false,
      "antilink": false,
      "antitoxic": false,
      "antipromotion": false,
      "antilinkgc": false
    },
    "120363199646186508@g.us": {
      "name": "𝗛𝗘𝗥𝗢𝗞𝗨",
      "badword": false,
      "antiforeignnum": false,
      "antibot": false,
      "antiviewonce": false,
      "antispam": false,
      "antivirtex": false,
      "antimedia": false,
      "antiimage": false,
      "antivideo": false,
      "antiaudio": false,
      "antipoll": false,
      "antisticker": false,
      "antilocation": false,
      "antidocument": false,
      "anticontact": false,
      "antilink": false,
      "antitoxic": false,
      "antipromotion": false,
      "antilinkgc": false
    },
    "120363182248365970@g.us": {
      "name": "Ranggelofficial",
      "badword": false,
      "antiforeignnum": false,
      "antibot": false,
      "antiviewonce": false,
      "antispam": false,
      "antivirtex": false,
      "antimedia": false,
      "antiimage": false,
      "antivideo": false,
      "antiaudio": false,
      "antipoll": false,
      "antisticker": false,
      "antilocation": false,
      "antidocument": false,
      "anticontact": false,
      "antilink": false,
      "antitoxic": false,
      "antipromotion": false,
      "antilinkgc": false
    },
    "120363043097504225@g.us": {
      "name": "Replit",
      "badword": false,
      "antiforeignnum": false,
      "antibot": false,
      "antiviewonce": false,
      "antispam": false,
      "antivirtex": false,
      "antimedia": false,
      "antiimage": false,
      "antivideo": false,
      "antiaudio": false,
      "antipoll": false,
      "antisticker": false,
      "antilocation": false,
      "antidocument": false,
      "anticontact": false,
      "antilink": false,
      "antitoxic": false,
      "antipromotion": false,
      "antilinkgc": false
    },
    "120363180007756496@g.us": {
      "name": "Rangel Just Friends ツ",
      "badword": false,
      "antiforeignnum": false,
      "antibot": false,
      "antiviewonce": false,
      "antispam": false,
      "antivirtex": false,
      "antimedia": false,
      "antiimage": false,
      "antivideo": false,
      "antiaudio": false,
      "antipoll": false,
      "antisticker": false,
      "antilocation": false,
      "antidocument": false,
      "anticontact": false,
      "antilink": false,
      "antitoxic": false,
      "antipromotion": false,
      "antilinkgc": false
    },
    "6283103200459@s.whatsapp.net": {
      "name": "",
      "badword": false,
      "antiforeignnum": false,
      "antibot": false,
      "antiviewonce": false,
      "antispam": false,
      "antivirtex": false,
      "antimedia": false,
      "antiimage": false,
      "antivideo": false,
      "antiaudio": false,
      "antipoll": false,
      "antisticker": false,
      "antilocation": false,
      "antidocument": false,
      "anticontact": false,
      "antilink": false,
      "antitoxic": false,
      "antipromotion": false,
      "antilinkgc": false
    },
    "6285712048015@s.whatsapp.net": {
      "name": "",
      "badword": false,
      "antiforeignnum": false,
      "antibot": false,
      "antiviewonce": false,
      "antispam": false,
      "antivirtex": false,
      "antimedia": false,
      "antiimage": false,
      "antivideo": false,
      "antiaudio": false,
      "antipoll": false,
      "antisticker": false,
      "antilocation": false,
      "antidocument": false,
      "anticontact": false,
      "antilink": false,
      "antitoxic": false,
      "antipromotion": false,
      "antilinkgc": false
    },
    "6287763841788@s.whatsapp.net": {
      "name": "",
      "badword": false,
      "antiforeignnum": false,
      "antibot": false,
      "antiviewonce": false,
      "antispam": false,
      "antivirtex": false,
      "antimedia": false,
      "antiimage": false,
      "antivideo": false,
      "antiaudio": false,
      "antipoll": false,
      "antisticker": false,
      "antilocation": false,
      "antidocument": false,
      "anticontact": false,
      "antilink": false,
      "antitoxic": false,
      "antipromotion": false,
      "antilinkgc": false
    },
    "628561042419@s.whatsapp.net": {
      "name": "",
      "badword": false,
      "antiforeignnum": false,
      "antibot": false,
      "antiviewonce": false,
      "antispam": false,
      "antivirtex": false,
      "antimedia": false,
      "antiimage": false,
      "antivideo": false,
      "antiaudio": false,
      "antipoll": false,
      "antisticker": false,
      "antilocation": false,
      "antidocument": false,
      "anticontact": false,
      "antilink": false,
      "antitoxic": false,
      "antipromotion": false,
      "antilinkgc": false
    },
    "6287843547948@s.whatsapp.net": {
      "name": "",
      "badword": false,
      "antiforeignnum": false,
      "antibot": false,
      "antiviewonce": false,
      "antispam": false,
      "antivirtex": false,
      "antimedia": false,
      "antiimage": false,
      "antivideo": false,
      "antiaudio": false,
      "antipoll": false,
      "antisticker": false,
      "antilocation": false,
      "antidocument": false,
      "anticontact": false,
      "antilink": false,
      "antitoxic": false,
      "antipromotion": false,
      "antilinkgc": false
    },
    "6285711558348@s.whatsapp.net": {
      "name": "",
      "badword": false,
      "antiforeignnum": false,
      "antibot": false,
      "antiviewonce": false,
      "antispam": false,
      "antivirtex": false,
      "antimedia": false,
      "antiimage": false,
      "antivideo": false,
      "antiaudio": false,
      "antipoll": false,
      "antisticker": false,
      "antilocation": false,
      "antidocument": false,
      "anticontact": false,
      "antilink": false,
      "antitoxic": false,
      "antipromotion": false,
      "antilinkgc": false
    },
    "6285338182946@s.whatsapp.net": {
      "name": "",
      "badword": false,
      "antiforeignnum": false,
      "antibot": false,
      "antiviewonce": false,
      "antispam": false,
      "antivirtex": false,
      "antimedia": false,
      "antiimage": false,
      "antivideo": false,
      "antiaudio": false,
      "antipoll": false,
      "antisticker": false,
      "antilocation": false,
      "antidocument": false,
      "anticontact": false,
      "antilink": false,
      "antitoxic": false,
      "antipromotion": false,
      "antilinkgc": false
    },
    "6282155916069@s.whatsapp.net": {
      "name": "",
      "badword": false,
      "antiforeignnum": false,
      "antibot": false,
      "antiviewonce": false,
      "antispam": false,
      "antivirtex": false,
      "antimedia": false,
      "antiimage": false,
      "antivideo": false,
      "antiaudio": false,
      "antipoll": false,
      "antisticker": false,
      "antilocation": false,
      "antidocument": false,
      "anticontact": false,
      "antilink": false,
      "antitoxic": false,
      "antipromotion": false,
      "antilinkgc": false
    },
    "6288704747132@s.whatsapp.net": {
      "name": "",
      "badword": false,
      "antiforeignnum": false,
      "antibot": false,
      "antiviewonce": false,
      "antispam": false,
      "antivirtex": false,
      "antimedia": false,
      "antiimage": false,
      "antivideo": false,
      "antiaudio": false,
      "antipoll": false,
      "antisticker": false,
      "antilocation": false,
      "antidocument": false,
      "anticontact": false,
      "antilink": false,
      "antitoxic": false,
      "antipromotion": false,
      "antilinkgc": false
    },
    "6285283969719@s.whatsapp.net": {
      "name": "",
      "badword": false,
      "antiforeignnum": false,
      "antibot": false,
      "antiviewonce": false,
      "antispam": false,
      "antivirtex": false,
      "antimedia": false,
      "antiimage": false,
      "antivideo": false,
      "antiaudio": false,
      "antipoll": false,
      "antisticker": false,
      "antilocation": false,
      "antidocument": false,
      "anticontact": false,
      "antilink": false,
      "antitoxic": false,
      "antipromotion": false,
      "antilinkgc": false
    },
    "6287752486697@s.whatsapp.net": {
      "name": "",
      "badword": false,
      "antiforeignnum": false,
      "antibot": false,
      "antiviewonce": false,
      "antispam": false,
      "antivirtex": false,
      "antimedia": false,
      "antiimage": false,
      "antivideo": false,
      "antiaudio": false,
      "antipoll": false,
      "antisticker": false,
      "antilocation": false,
      "antidocument": false,
      "anticontact": false,
      "antilink": false,
      "antitoxic": false,
      "antipromotion": false,
      "antilinkgc": false
    },
    "6289685275998@s.whatsapp.net": {
      "name": "",
      "badword": false,
      "antiforeignnum": false,
      "antibot": false,
      "antiviewonce": false,
      "antispam": false,
      "antivirtex": false,
      "antimedia": false,
      "antiimage": false,
      "antivideo": false,
      "antiaudio": false,
      "antipoll": false,
      "antisticker": false,
      "antilocation": false,
      "antidocument": false,
      "anticontact": false,
      "antilink": false,
      "antitoxic": false,
      "antipromotion": false,
      "antilinkgc": false
    },
    "6287841878239@s.whatsapp.net": {
      "name": "",
      "badword": false,
      "antiforeignnum": false,
      "antibot": false,
      "antiviewonce": false,
      "antispam": false,
      "antivirtex": false,
      "antimedia": false,
      "antiimage": false,
      "antivideo": false,
      "antiaudio": false,
      "antipoll": false,
      "antisticker": false,
      "antilocation": false,
      "antidocument": false,
      "anticontact": false,
      "antilink": false,
      "antitoxic": false,
      "antipromotion": false,
      "antilinkgc": false
    },
    "254706487446@s.whatsapp.net": {
      "name": "",
      "badword": false,
      "antiforeignnum": false,
      "antibot": false,
      "antiviewonce": false,
      "antispam": false,
      "antivirtex": false,
      "antimedia": false,
      "antiimage": false,
      "antivideo": false,
      "antiaudio": false,
      "antipoll": false,
      "antisticker": false,
      "antilocation": false,
      "antidocument": false,
      "anticontact": false,
      "antilink": false,
      "antitoxic": false,
      "antipromotion": false,
      "antilinkgc": false
    },
    "6288212836070@s.whatsapp.net": {
      "name": "",
      "badword": false,
      "antiforeignnum": false,
      "antibot": false,
      "antiviewonce": false,
      "antispam": false,
      "antivirtex": false,
      "antimedia": false,
      "antiimage": false,
      "antivideo": false,
      "antiaudio": false,
      "antipoll": false,
      "antisticker": false,
      "antilocation": false,
      "antidocument": false,
      "anticontact": false,
      "antilink": false,
      "antitoxic": false,
      "antipromotion": false,
      "antilinkgc": false
    },
    "6282278952862@s.whatsapp.net": {
      "name": "",
      "badword": false,
      "antiforeignnum": false,
      "antibot": false,
      "antiviewonce": false,
      "antispam": false,
      "antivirtex": false,
      "antimedia": false,
      "antiimage": false,
      "antivideo": false,
      "antiaudio": false,
      "antipoll": false,
      "antisticker": false,
      "antilocation": false,
      "antidocument": false,
      "anticontact": false,
      "antilink": false,
      "antitoxic": false,
      "antipromotion": false,
      "antilinkgc": false
    },
    "6281803862343@s.whatsapp.net": {
      "name": "",
      "badword": false,
      "antiforeignnum": false,
      "antibot": false,
      "antiviewonce": false,
      "antispam": false,
      "antivirtex": false,
      "antimedia": false,
      "antiimage": false,
      "antivideo": false,
      "antiaudio": false,
      "antipoll": false,
      "antisticker": false,
      "antilocation": false,
      "antidocument": false,
      "anticontact": false,
      "antilink": false,
      "antitoxic": false,
      "antipromotion": false,
      "antilinkgc": false
    },
    "6281945529655@s.whatsapp.net": {
      "name": "",
      "badword": false,
      "antiforeignnum": false,
      "antibot": false,
      "antiviewonce": false,
      "antispam": false,
      "antivirtex": false,
      "antimedia": false,
      "antiimage": false,
      "antivideo": false,
      "antiaudio": false,
      "antipoll": false,
      "antisticker": false,
      "antilocation": false,
      "antidocument": false,
      "anticontact": false,
      "antilink": false,
      "antitoxic": false,
      "antipromotion": false,
      "antilinkgc": false
    },
    "62895615063060@s.whatsapp.net": {
      "name": "",
      "badword": false,
      "antiforeignnum": false,
      "antibot": false,
      "antiviewonce": false,
      "antispam": false,
      "antivirtex": false,
      "antimedia": false,
      "antiimage": false,
      "antivideo": false,
      "antiaudio": false,
      "antipoll": false,
      "antisticker": false,
      "antilocation": false,
      "antidocument": false,
      "anticontact": false,
      "antilink": false,
      "antitoxic": false,
      "antipromotion": false,
      "antilinkgc": false
    },
    "6283119544937@s.whatsapp.net": {
      "name": "",
      "badword": false,
      "antiforeignnum": false,
      "antibot": false,
      "antiviewonce": false,
      "antispam": false,
      "antivirtex": false,
      "antimedia": false,
      "antiimage": false,
      "antivideo": false,
      "antiaudio": false,
      "antipoll": false,
      "antisticker": false,
      "antilocation": false,
      "antidocument": false,
      "anticontact": false,
      "antilink": false,
      "antitoxic": false,
      "antipromotion": false,
      "antilinkgc": false
    },
    "6283845494488@s.whatsapp.net": {
      "name": "",
      "badword": false,
      "antiforeignnum": false,
      "antibot": false,
      "antiviewonce": false,
      "antispam": false,
      "antivirtex": false,
      "antimedia": false,
      "antiimage": false,
      "antivideo": false,
      "antiaudio": false,
      "antipoll": false,
      "antisticker": false,
      "antilocation": false,
      "antidocument": false,
      "anticontact": false,
      "antilink": false,
      "antitoxic": false,
      "antipromotion": false,
      "antilinkgc": false
    },
    "48732079750@s.whatsapp.net": {
      "name": "",
      "badword": false,
      "antiforeignnum": false,
      "antibot": false,
      "antiviewonce": false,
      "antispam": false,
      "antivirtex": false,
      "antimedia": false,
      "antiimage": false,
      "antivideo": false,
      "antiaudio": false,
      "antipoll": false,
      "antisticker": false,
      "antilocation": false,
      "antidocument": false,
      "anticontact": false,
      "antilink": false,
      "antitoxic": false,
      "antipromotion": false,
      "antilinkgc": false
    },
    "60176287928@s.whatsapp.net": {
      "name": "",
      "badword": false,
      "antiforeignnum": false,
      "antibot": false,
      "antiviewonce": false,
      "antispam": false,
      "antivirtex": false,
      "antimedia": false,
      "antiimage": false,
      "antivideo": false,
      "antiaudio": false,
      "antipoll": false,
      "antisticker": false,
      "antilocation": false,
      "antidocument": false,
      "anticontact": false,
      "antilink": false,
      "antitoxic": false,
      "antipromotion": false,
      "antilinkgc": false
    },
    "6283850212505@s.whatsapp.net": {
      "name": "",
      "badword": false,
      "antiforeignnum": false,
      "antibot": false,
      "antiviewonce": false,
      "antispam": false,
      "antivirtex": false,
      "antimedia": false,
      "antiimage": false,
      "antivideo": false,
      "antiaudio": false,
      "antipoll": false,
      "antisticker": false,
      "antilocation": false,
      "antidocument": false,
      "anticontact": false,
      "antilink": false,
      "antitoxic": false,
      "antipromotion": false,
      "antilinkgc": false
    },
    "6283142861150@s.whatsapp.net": {
      "name": "",
      "badword": false,
      "antiforeignnum": false,
      "antibot": false,
      "antiviewonce": false,
      "antispam": false,
      "antivirtex": false,
      "antimedia": false,
      "antiimage": false,
      "antivideo": false,
      "antiaudio": false,
      "antipoll": false,
      "antisticker": false,
      "antilocation": false,
      "antidocument": false,
      "anticontact": false,
      "antilink": false,
      "antitoxic": false,
      "antipromotion": false,
      "antilinkgc": false
    },
    "6282125432107@s.whatsapp.net": {
      "name": "",
      "badword": false,
      "antiforeignnum": false,
      "antibot": false,
      "antiviewonce": false,
      "antispam": false,
      "antivirtex": false,
      "antimedia": false,
      "antiimage": false,
      "antivideo": false,
      "antiaudio": false,
      "antipoll": false,
      "antisticker": false,
      "antilocation": false,
      "antidocument": false,
      "anticontact": false,
      "antilink": false,
      "antitoxic": false,
      "antipromotion": false,
      "antilinkgc": false
    },
    "6281354130006@s.whatsapp.net": {
      "name": "",
      "badword": false,
      "antiforeignnum": false,
      "antibot": false,
      "antiviewonce": false,
      "antispam": false,
      "antivirtex": false,
      "antimedia": false,
      "antiimage": false,
      "antivideo": false,
      "antiaudio": false,
      "antipoll": false,
      "antisticker": false,
      "antilocation": false,
      "antidocument": false,
      "anticontact": false,
      "antilink": false,
      "antitoxic": false,
      "antipromotion": false,
      "antilinkgc": false
    },
    "6281360190018@s.whatsapp.net": {
      "name": "",
      "badword": false,
      "antiforeignnum": false,
      "antibot": false,
      "antiviewonce": false,
      "antispam": false,
      "antivirtex": false,
      "antimedia": false,
      "antiimage": false,
      "antivideo": false,
      "antiaudio": false,
      "antipoll": false,
      "antisticker": false,
      "antilocation": false,
      "antidocument": false,
      "anticontact": false,
      "antilink": false,
      "antitoxic": false,
      "antipromotion": false,
      "antilinkgc": false
    },
    "6285397950673@s.whatsapp.net": {
      "name": "",
      "badword": false,
      "antiforeignnum": false,
      "antibot": false,
      "antiviewonce": false,
      "antispam": false,
      "antivirtex": false,
      "antimedia": false,
      "antiimage": false,
      "antivideo": false,
      "antiaudio": false,
      "antipoll": false,
      "antisticker": false,
      "antilocation": false,
      "antidocument": false,
      "anticontact": false,
      "antilink": false,
      "antitoxic": false,
      "antipromotion": false,
      "antilinkgc": false
    },
    "6285785224303@s.whatsapp.net": {
      "name": "",
      "badword": false,
      "antiforeignnum": false,
      "antibot": false,
      "antiviewonce": false,
      "antispam": false,
      "antivirtex": false,
      "antimedia": false,
      "antiimage": false,
      "antivideo": false,
      "antiaudio": false,
      "antipoll": false,
      "antisticker": false,
      "antilocation": false,
      "antidocument": false,
      "anticontact": false,
      "antilink": false,
      "antitoxic": false,
      "antipromotion": false,
      "antilinkgc": false
    },
    "6285796658077@s.whatsapp.net": {
      "name": "",
      "badword": false,
      "antiforeignnum": false,
      "antibot": false,
      "antiviewonce": false,
      "antispam": false,
      "antivirtex": false,
      "antimedia": false,
      "antiimage": false,
      "antivideo": false,
      "antiaudio": false,
      "antipoll": false,
      "antisticker": false,
      "antilocation": false,
      "antidocument": false,
      "anticontact": false,
      "antilink": false,
      "antitoxic": false,
      "antipromotion": false,
      "antilinkgc": false
    },
    "6282138953447@s.whatsapp.net": {
      "name": "",
      "badword": false,
      "antiforeignnum": false,
      "antibot": false,
      "antiviewonce": false,
      "antispam": false,
      "antivirtex": false,
      "antimedia": false,
      "antiimage": false,
      "antivideo": false,
      "antiaudio": false,
      "antipoll": false,
      "antisticker": false,
      "antilocation": false,
      "antidocument": false,
      "anticontact": false,
      "antilink": false,
      "antitoxic": false,
      "antipromotion": false,
      "antilinkgc": false
    },
    "916380402587@s.whatsapp.net": {
      "name": "",
      "badword": false,
      "antiforeignnum": false,
      "antibot": false,
      "antiviewonce": false,
      "antispam": false,
      "antivirtex": false,
      "antimedia": false,
      "antiimage": false,
      "antivideo": false,
      "antiaudio": false,
      "antipoll": false,
      "antisticker": false,
      "antilocation": false,
      "antidocument": false,
      "anticontact": false,
      "antilink": false,
      "antitoxic": false,
      "antipromotion": false,
      "antilinkgc": false
    },
    "6283899571175@s.whatsapp.net": {
      "name": "",
      "badword": false,
      "antiforeignnum": false,
      "antibot": false,
      "antiviewonce": false,
      "antispam": false,
      "antivirtex": false,
      "antimedia": false,
      "antiimage": false,
      "antivideo": false,
      "antiaudio": false,
      "antipoll": false,
      "antisticker": false,
      "antilocation": false,
      "antidocument": false,
      "anticontact": false,
      "antilink": false,
      "antitoxic": false,
      "antipromotion": false,
      "antilinkgc": false
    },
    "6283896838932@s.whatsapp.net": {
      "name": "",
      "badword": false,
      "antiforeignnum": false,
      "antibot": false,
      "antiviewonce": false,
      "antispam": false,
      "antivirtex": false,
      "antimedia": false,
      "antiimage": false,
      "antivideo": false,
      "antiaudio": false,
      "antipoll": false,
      "antisticker": false,
      "antilocation": false,
      "antidocument": false,
      "anticontact": false,
      "antilink": false,
      "antitoxic": false,
      "antipromotion": false,
      "antilinkgc": false
    },
    "6283825536262@s.whatsapp.net": {
      "name": "",
      "badword": false,
      "antiforeignnum": false,
      "antibot": false,
      "antiviewonce": false,
      "antispam": false,
      "antivirtex": false,
      "antimedia": false,
      "antiimage": false,
      "antivideo": false,
      "antiaudio": false,
      "antipoll": false,
      "antisticker": false,
      "antilocation": false,
      "antidocument": false,
      "anticontact": false,
      "antilink": false,
      "antitoxic": false,
      "antipromotion": false,
      "antilinkgc": false
    },
    "6281389887136@s.whatsapp.net": {
      "name": "",
      "badword": false,
      "antiforeignnum": false,
      "antibot": false,
      "antiviewonce": false,
      "antispam": false,
      "antivirtex": false,
      "antimedia": false,
      "antiimage": false,
      "antivideo": false,
      "antiaudio": false,
      "antipoll": false,
      "antisticker": false,
      "antilocation": false,
      "antidocument": false,
      "anticontact": false,
      "antilink": false,
      "antitoxic": false,
      "antipromotion": false,
      "antilinkgc": false
    },
    "62895340033651@s.whatsapp.net": {
      "name": "",
      "badword": false,
      "antiforeignnum": false,
      "antibot": false,
      "antiviewonce": false,
      "antispam": false,
      "antivirtex": false,
      "antimedia": false,
      "antiimage": false,
      "antivideo": false,
      "antiaudio": false,
      "antipoll": false,
      "antisticker": false,
      "antilocation": false,
      "antidocument": false,
      "anticontact": false,
      "antilink": false,
      "antitoxic": false,
      "antipromotion": false,
      "antilinkgc": false
    },
    "6281932517838@s.whatsapp.net": {
      "name": "",
      "badword": false,
      "antiforeignnum": false,
      "antibot": false,
      "antiviewonce": false,
      "antispam": false,
      "antivirtex": false,
      "antimedia": false,
      "antiimage": false,
      "antivideo": false,
      "antiaudio": false,
      "antipoll": false,
      "antisticker": false,
      "antilocation": false,
      "antidocument": false,
      "anticontact": false,
      "antilink": false,
      "antitoxic": false,
      "antipromotion": false,
      "antilinkgc": false
    },
    "6283865983298@s.whatsapp.net": {
      "name": "",
      "badword": false,
      "antiforeignnum": false,
      "antibot": false,
      "antiviewonce": false,
      "antispam": false,
      "antivirtex": false,
      "antimedia": false,
      "antiimage": false,
      "antivideo": false,
      "antiaudio": false,
      "antipoll": false,
      "antisticker": false,
      "antilocation": false,
      "antidocument": false,
      "anticontact": false,
      "antilink": false,
      "antitoxic": false,
      "antipromotion": false,
      "antilinkgc": false
    },
    "6282143546712@s.whatsapp.net": {
      "name": "",
      "badword": false,
      "antiforeignnum": false,
      "antibot": false,
      "antiviewonce": false,
      "antispam": false,
      "antivirtex": false,
      "antimedia": false,
      "antiimage": false,
      "antivideo": false,
      "antiaudio": false,
      "antipoll": false,
      "antisticker": false,
      "antilocation": false,
      "antidocument": false,
      "anticontact": false,
      "antilink": false,
      "antitoxic": false,
      "antipromotion": false,
      "antilinkgc": false
    },
    "6283111552101@s.whatsapp.net": {
      "name": "",
      "badword": false,
      "antiforeignnum": false,
      "antibot": false,
      "antiviewonce": false,
      "antispam": false,
      "antivirtex": false,
      "antimedia": false,
      "antiimage": false,
      "antivideo": false,
      "antiaudio": false,
      "antipoll": false,
      "antisticker": false,
      "antilocation": false,
      "antidocument": false,
      "anticontact": false,
      "antilink": false,
      "antitoxic": false,
      "antipromotion": false,
      "antilinkgc": false
    },
    "6285775388676@s.whatsapp.net": {
      "name": "",
      "badword": false,
      "antiforeignnum": false,
      "antibot": false,
      "antiviewonce": false,
      "antispam": false,
      "antivirtex": false,
      "antimedia": false,
      "antiimage": false,
      "antivideo": false,
      "antiaudio": false,
      "antipoll": false,
      "antisticker": false,
      "antilocation": false,
      "antidocument": false,
      "anticontact": false,
      "antilink": false,
      "antitoxic": false,
      "antipromotion": false,
      "antilinkgc": false
    },
    "6288213823774@s.whatsapp.net": {
      "name": "",
      "badword": false,
      "antiforeignnum": false,
      "antibot": false,
      "antiviewonce": false,
      "antispam": false,
      "antivirtex": false,
      "antimedia": false,
      "antiimage": false,
      "antivideo": false,
      "antiaudio": false,
      "antipoll": false,
      "antisticker": false,
      "antilocation": false,
      "antidocument": false,
      "anticontact": false,
      "antilink": false,
      "antitoxic": false,
      "antipromotion": false,
      "antilinkgc": false
    },
    "6283177711783@s.whatsapp.net": {
      "name": "",
      "badword": false,
      "antiforeignnum": false,
      "antibot": false,
      "antiviewonce": false,
      "antispam": false,
      "antivirtex": false,
      "antimedia": false,
      "antiimage": false,
      "antivideo": false,
      "antiaudio": false,
      "antipoll": false,
      "antisticker": false,
      "antilocation": false,
      "antidocument": false,
      "anticontact": false,
      "antilink": false,
      "antitoxic": false,
      "antipromotion": false,
      "antilinkgc": false
    },
    "6285745267740@s.whatsapp.net": {
      "name": "",
      "badword": false,
      "antiforeignnum": false,
      "antibot": false,
      "antiviewonce": false,
      "antispam": false,
      "antivirtex": false,
      "antimedia": false,
      "antiimage": false,
      "antivideo": false,
      "antiaudio": false,
      "antipoll": false,
      "antisticker": false,
      "antilocation": false,
      "antidocument": false,
      "anticontact": false,
      "antilink": false,
      "antitoxic": false,
      "antipromotion": false,
      "antilinkgc": false
    },
    "6285641581407@s.whatsapp.net": {
      "name": "",
      "badword": false,
      "antiforeignnum": false,
      "antibot": false,
      "antiviewonce": false,
      "antispam": false,
      "antivirtex": false,
      "antimedia": false,
      "antiimage": false,
      "antivideo": false,
      "antiaudio": false,
      "antipoll": false,
      "antisticker": false,
      "antilocation": false,
      "antidocument": false,
      "anticontact": false,
      "antilink": false,
      "antitoxic": false,
      "antipromotion": false,
      "antilinkgc": false
    },
    "6283898931745@s.whatsapp.net": {
      "name": "",
      "badword": false,
      "antiforeignnum": false,
      "antibot": false,
      "antiviewonce": false,
      "antispam": false,
      "antivirtex": false,
      "antimedia": false,
      "antiimage": false,
      "antivideo": false,
      "antiaudio": false,
      "antipoll": false,
      "antisticker": false,
      "antilocation": false,
      "antidocument": false,
      "anticontact": false,
      "antilink": false,
      "antitoxic": false,
      "antipromotion": false,
      "antilinkgc": false
    },
    "6282179497572@s.whatsapp.net": {
      "name": "",
      "badword": false,
      "antiforeignnum": false,
      "antibot": false,
      "antiviewonce": false,
      "antispam": false,
      "antivirtex": false,
      "antimedia": false,
      "antiimage": false,
      "antivideo": false,
      "antiaudio": false,
      "antipoll": false,
      "antisticker": false,
      "antilocation": false,
      "antidocument": false,
      "anticontact": false,
      "antilink": false,
      "antitoxic": false,
      "antipromotion": false,
      "antilinkgc": false
    },
    "2347048573219@s.whatsapp.net": {
      "name": "",
      "badword": false,
      "antiforeignnum": false,
      "antibot": false,
      "antiviewonce": false,
      "antispam": false,
      "antivirtex": false,
      "antimedia": false,
      "antiimage": false,
      "antivideo": false,
      "antiaudio": false,
      "antipoll": false,
      "antisticker": false,
      "antilocation": false,
      "antidocument": false,
      "anticontact": false,
      "antilink": false,
      "antitoxic": false,
      "antipromotion": false,
      "antilinkgc": false
    },
    "6289528105137@s.whatsapp.net": {
      "name": "",
      "badword": false,
      "antiforeignnum": false,
      "antibot": false,
      "antiviewonce": false,
      "antispam": false,
      "antivirtex": false,
      "antimedia": false,
      "antiimage": false,
      "antivideo": false,
      "antiaudio": false,
      "antipoll": false,
      "antisticker": false,
      "antilocation": false,
      "antidocument": false,
      "anticontact": false,
      "antilink": false,
      "antitoxic": false,
      "antipromotion": false,
      "antilinkgc": false
    },
    "6281770123457@s.whatsapp.net": {
      "name": "",
      "badword": false,
      "antiforeignnum": false,
      "antibot": false,
      "antiviewonce": false,
      "antispam": false,
      "antivirtex": false,
      "antimedia": false,
      "antiimage": false,
      "antivideo": false,
      "antiaudio": false,
      "antipoll": false,
      "antisticker": false,
      "antilocation": false,
      "antidocument": false,
      "anticontact": false,
      "antilink": false,
      "antitoxic": false,
      "antipromotion": false,
      "antilinkgc": false
    },
    "628153966450@s.whatsapp.net": {
      "name": "",
      "badword": false,
      "antiforeignnum": false,
      "antibot": false,
      "antiviewonce": false,
      "antispam": false,
      "antivirtex": false,
      "antimedia": false,
      "antiimage": false,
      "antivideo": false,
      "antiaudio": false,
      "antipoll": false,
      "antisticker": false,
      "antilocation": false,
      "antidocument": false,
      "anticontact": false,
      "antilink": false,
      "antitoxic": false,
      "antipromotion": false,
      "antilinkgc": false
    },
    "6285825362521@s.whatsapp.net": {
      "name": "",
      "badword": false,
      "antiforeignnum": false,
      "antibot": false,
      "antiviewonce": false,
      "antispam": false,
      "antivirtex": false,
      "antimedia": false,
      "antiimage": false,
      "antivideo": false,
      "antiaudio": false,
      "antipoll": false,
      "antisticker": false,
      "antilocation": false,
      "antidocument": false,
      "anticontact": false,
      "antilink": false,
      "antitoxic": false,
      "antipromotion": false,
      "antilinkgc": false
    },
    "6288287822042@s.whatsapp.net": {
      "name": "",
      "badword": false,
      "antiforeignnum": false,
      "antibot": false,
      "antiviewonce": false,
      "antispam": false,
      "antivirtex": false,
      "antimedia": false,
      "antiimage": false,
      "antivideo": false,
      "antiaudio": false,
      "antipoll": false,
      "antisticker": false,
      "antilocation": false,
      "antidocument": false,
      "anticontact": false,
      "antilink": false,
      "antitoxic": false,
      "antipromotion": false,
      "antilinkgc": false
    },
    "628386484120@s.whatsapp.net": {
      "name": "",
      "badword": false,
      "antiforeignnum": false,
      "antibot": false,
      "antiviewonce": false,
      "antispam": false,
      "antivirtex": false,
      "antimedia": false,
      "antiimage": false,
      "antivideo": false,
      "antiaudio": false,
      "antipoll": false,
      "antisticker": false,
      "antilocation": false,
      "antidocument": false,
      "anticontact": false,
      "antilink": false,
      "antitoxic": false,
      "antipromotion": false,
      "antilinkgc": false
    },
    "6285891204268@s.whatsapp.net": {
      "name": "",
      "badword": false,
      "antiforeignnum": false,
      "antibot": false,
      "antiviewonce": false,
      "antispam": false,
      "antivirtex": false,
      "antimedia": false,
      "antiimage": false,
      "antivideo": false,
      "antiaudio": false,
      "antipoll": false,
      "antisticker": false,
      "antilocation": false,
      "antidocument": false,
      "anticontact": false,
      "antilink": false,
      "antitoxic": false,
      "antipromotion": false,
      "antilinkgc": false
    },
    "6283892608057@s.whatsapp.net": {
      "name": "",
      "badword": false,
      "antiforeignnum": false,
      "antibot": false,
      "antiviewonce": false,
      "antispam": false,
      "antivirtex": false,
      "antimedia": false,
      "antiimage": false,
      "antivideo": false,
      "antiaudio": false,
      "antipoll": false,
      "antisticker": false,
      "antilocation": false,
      "antidocument": false,
      "anticontact": false,
      "antilink": false,
      "antitoxic": false,
      "antipromotion": false,
      "antilinkgc": false
    },
    "6282176236136@s.whatsapp.net": {
      "name": "",
      "badword": false,
      "antiforeignnum": false,
      "antibot": false,
      "antiviewonce": false,
      "antispam": false,
      "antivirtex": false,
      "antimedia": false,
      "antiimage": false,
      "antivideo": false,
      "antiaudio": false,
      "antipoll": false,
      "antisticker": false,
      "antilocation": false,
      "antidocument": false,
      "anticontact": false,
      "antilink": false,
      "antitoxic": false,
      "antipromotion": false,
      "antilinkgc": false
    },
    "6285210821217@s.whatsapp.net": {
      "name": "",
      "badword": false,
      "antiforeignnum": false,
      "antibot": false,
      "antiviewonce": false,
      "antispam": false,
      "antivirtex": false,
      "antimedia": false,
      "antiimage": false,
      "antivideo": false,
      "antiaudio": false,
      "antipoll": false,
      "antisticker": false,
      "antilocation": false,
      "antidocument": false,
      "anticontact": false,
      "antilink": false,
      "antitoxic": false,
      "antipromotion": false,
      "antilinkgc": false
    },
    "601123695129@s.whatsapp.net": {
      "name": "",
      "badword": false,
      "antiforeignnum": false,
      "antibot": false,
      "antiviewonce": false,
      "antispam": false,
      "antivirtex": false,
      "antimedia": false,
      "antiimage": false,
      "antivideo": false,
      "antiaudio": false,
      "antipoll": false,
      "antisticker": false,
      "antilocation": false,
      "antidocument": false,
      "anticontact": false,
      "antilink": false,
      "antitoxic": false,
      "antipromotion": false,
      "antilinkgc": false
    },
    "6281908113709@s.whatsapp.net": {
      "name": "",
      "badword": false,
      "antiforeignnum": false,
      "antibot": false,
      "antiviewonce": false,
      "antispam": false,
      "antivirtex": false,
      "antimedia": false,
      "antiimage": false,
      "antivideo": false,
      "antiaudio": false,
      "antipoll": false,
      "antisticker": false,
      "antilocation": false,
      "antidocument": false,
      "anticontact": false,
      "antilink": false,
      "antitoxic": false,
      "antipromotion": false,
      "antilinkgc": false
    },
    "6283871215523@s.whatsapp.net": {
      "name": "",
      "badword": false,
      "antiforeignnum": false,
      "antibot": false,
      "antiviewonce": false,
      "antispam": false,
      "antivirtex": false,
      "antimedia": false,
      "antiimage": false,
      "antivideo": false,
      "antiaudio": false,
      "antipoll": false,
      "antisticker": false,
      "antilocation": false,
      "antidocument": false,
      "anticontact": false,
      "antilink": false,
      "antitoxic": false,
      "antipromotion": false,
      "antilinkgc": false
    },
    "6281243481354@s.whatsapp.net": {
      "name": "",
      "badword": false,
      "antiforeignnum": false,
      "antibot": false,
      "antiviewonce": false,
      "antispam": false,
      "antivirtex": false,
      "antimedia": false,
      "antiimage": false,
      "antivideo": false,
      "antiaudio": false,
      "antipoll": false,
      "antisticker": false,
      "antilocation": false,
      "antidocument": false,
      "anticontact": false,
      "antilink": false,
      "antitoxic": false,
      "antipromotion": false,
      "antilinkgc": false
    },
    "6285855062093@s.whatsapp.net": {
      "name": "",
      "badword": false,
      "antiforeignnum": false,
      "antibot": false,
      "antiviewonce": false,
      "antispam": false,
      "antivirtex": false,
      "antimedia": false,
      "antiimage": false,
      "antivideo": false,
      "antiaudio": false,
      "antipoll": false,
      "antisticker": false,
      "antilocation": false,
      "antidocument": false,
      "anticontact": false,
      "antilink": false,
      "antitoxic": false,
      "antipromotion": false,
      "antilinkgc": false
    },
    "6283842666058@s.whatsapp.net": {
      "name": "",
      "badword": false,
      "antiforeignnum": false,
      "antibot": false,
      "antiviewonce": false,
      "antispam": false,
      "antivirtex": false,
      "antimedia": false,
      "antiimage": false,
      "antivideo": false,
      "antiaudio": false,
      "antipoll": false,
      "antisticker": false,
      "antilocation": false,
      "antidocument": false,
      "anticontact": false,
      "antilink": false,
      "antitoxic": false,
      "antipromotion": false,
      "antilinkgc": false
    },
    "6283136656711@s.whatsapp.net": {
      "name": "",
      "badword": false,
      "antiforeignnum": false,
      "antibot": false,
      "antiviewonce": false,
      "antispam": false,
      "antivirtex": false,
      "antimedia": false,
      "antiimage": false,
      "antivideo": false,
      "antiaudio": false,
      "antipoll": false,
      "antisticker": false,
      "antilocation": false,
      "antidocument": false,
      "anticontact": false,
      "antilink": false,
      "antitoxic": false,
      "antipromotion": false,
      "antilinkgc": false
    },
    "6281215452769@s.whatsapp.net": {
      "name": "",
      "badword": false,
      "antiforeignnum": false,
      "antibot": false,
      "antiviewonce": false,
      "antispam": false,
      "antivirtex": false,
      "antimedia": false,
      "antiimage": false,
      "antivideo": false,
      "antiaudio": false,
      "antipoll": false,
      "antisticker": false,
      "antilocation": false,
      "antidocument": false,
      "anticontact": false,
      "antilink": false,
      "antitoxic": false,
      "antipromotion": false,
      "antilinkgc": false
    },
    "6287859073268@s.whatsapp.net": {
      "name": "",
      "badword": false,
      "antiforeignnum": false,
      "antibot": false,
      "antiviewonce": false,
      "antispam": false,
      "antivirtex": false,
      "antimedia": false,
      "antiimage": false,
      "antivideo": false,
      "antiaudio": false,
      "antipoll": false,
      "antisticker": false,
      "antilocation": false,
      "antidocument": false,
      "anticontact": false,
      "antilink": false,
      "antitoxic": false,
      "antipromotion": false,
      "antilinkgc": false
    },
    "6282242995870@s.whatsapp.net": {
      "name": "",
      "badword": false,
      "antiforeignnum": false,
      "antibot": false,
      "antiviewonce": false,
      "antispam": false,
      "antivirtex": false,
      "antimedia": false,
      "antiimage": false,
      "antivideo": false,
      "antiaudio": false,
      "antipoll": false,
      "antisticker": false,
      "antilocation": false,
      "antidocument": false,
      "anticontact": false,
      "antilink": false,
      "antitoxic": false,
      "antipromotion": false,
      "antilinkgc": false
    },
    "6285179956361@s.whatsapp.net": {
      "name": "",
      "badword": false,
      "antiforeignnum": false,
      "antibot": false,
      "antiviewonce": false,
      "antispam": false,
      "antivirtex": false,
      "antimedia": false,
      "antiimage": false,
      "antivideo": false,
      "antiaudio": false,
      "antipoll": false,
      "antisticker": false,
      "antilocation": false,
      "antidocument": false,
      "anticontact": false,
      "antilink": false,
      "antitoxic": false,
      "antipromotion": false,
      "antilinkgc": false
    },
    "6283135190892@s.whatsapp.net": {
      "name": "",
      "badword": false,
      "antiforeignnum": false,
      "antibot": false,
      "antiviewonce": false,
      "antispam": false,
      "antivirtex": false,
      "antimedia": false,
      "antiimage": false,
      "antivideo": false,
      "antiaudio": false,
      "antipoll": false,
      "antisticker": false,
      "antilocation": false,
      "antidocument": false,
      "anticontact": false,
      "antilink": false,
      "antitoxic": false,
      "antipromotion": false,
      "antilinkgc": false
    },
    "6285624435168@s.whatsapp.net": {
      "name": "",
      "badword": false,
      "antiforeignnum": false,
      "antibot": false,
      "antiviewonce": false,
      "antispam": false,
      "antivirtex": false,
      "antimedia": false,
      "antiimage": false,
      "antivideo": false,
      "antiaudio": false,
      "antipoll": false,
      "antisticker": false,
      "antilocation": false,
      "antidocument": false,
      "anticontact": false,
      "antilink": false,
      "antitoxic": false,
      "antipromotion": false,
      "antilinkgc": false
    },
    "6282123979807@s.whatsapp.net": {
      "name": "",
      "badword": false,
      "antiforeignnum": false,
      "antibot": false,
      "antiviewonce": false,
      "antispam": false,
      "antivirtex": false,
      "antimedia": false,
      "antiimage": false,
      "antivideo": false,
      "antiaudio": false,
      "antipoll": false,
      "antisticker": false,
      "antilocation": false,
      "antidocument": false,
      "anticontact": false,
      "antilink": false,
      "antitoxic": false,
      "antipromotion": false,
      "antilinkgc": false
    },
    "6285796503931@s.whatsapp.net": {
      "name": "",
      "badword": false,
      "antiforeignnum": false,
      "antibot": false,
      "antiviewonce": false,
      "antispam": false,
      "antivirtex": false,
      "antimedia": false,
      "antiimage": false,
      "antivideo": false,
      "antiaudio": false,
      "antipoll": false,
      "antisticker": false,
      "antilocation": false,
      "antidocument": false,
      "anticontact": false,
      "antilink": false,
      "antitoxic": false,
      "antipromotion": false,
      "antilinkgc": false
    },
    "6287891361561@s.whatsapp.net": {
      "name": "",
      "badword": false,
      "antiforeignnum": false,
      "antibot": false,
      "antiviewonce": false,
      "antispam": false,
      "antivirtex": false,
      "antimedia": false,
      "antiimage": false,
      "antivideo": false,
      "antiaudio": false,
      "antipoll": false,
      "antisticker": false,
      "antilocation": false,
      "antidocument": false,
      "anticontact": false,
      "antilink": false,
      "antitoxic": false,
      "antipromotion": false,
      "antilinkgc": false
    },
    "6287733624211@s.whatsapp.net": {
      "name": "",
      "badword": false,
      "antiforeignnum": false,
      "antibot": false,
      "antiviewonce": false,
      "antispam": false,
      "antivirtex": false,
      "antimedia": false,
      "antiimage": false,
      "antivideo": false,
      "antiaudio": false,
      "antipoll": false,
      "antisticker": false,
      "antilocation": false,
      "antidocument": false,
      "anticontact": false,
      "antilink": false,
      "antitoxic": false,
      "antipromotion": false,
      "antilinkgc": false
    },
    "6285932276588@s.whatsapp.net": {
      "name": "",
      "badword": false,
      "antiforeignnum": false,
      "antibot": false,
      "antiviewonce": false,
      "antispam": false,
      "antivirtex": false,
      "antimedia": false,
      "antiimage": false,
      "antivideo": false,
      "antiaudio": false,
      "antipoll": false,
      "antisticker": false,
      "antilocation": false,
      "antidocument": false,
      "anticontact": false,
      "antilink": false,
      "antitoxic": false,
      "antipromotion": false,
      "antilinkgc": false
    },
    "6281381679069@s.whatsapp.net": {
      "name": "",
      "badword": false,
      "antiforeignnum": false,
      "antibot": false,
      "antiviewonce": false,
      "antispam": false,
      "antivirtex": false,
      "antimedia": false,
      "antiimage": false,
      "antivideo": false,
      "antiaudio": false,
      "antipoll": false,
      "antisticker": false,
      "antilocation": false,
      "antidocument": false,
      "anticontact": false,
      "antilink": false,
      "antitoxic": false,
      "antipromotion": false,
      "antilinkgc": false
    },
    "6285172200670@s.whatsapp.net": {
      "name": "",
      "badword": false,
      "antiforeignnum": false,
      "antibot": false,
      "antiviewonce": false,
      "antispam": false,
      "antivirtex": false,
      "antimedia": false,
      "antiimage": false,
      "antivideo": false,
      "antiaudio": false,
      "antipoll": false,
      "antisticker": false,
      "antilocation": false,
      "antidocument": false,
      "anticontact": false,
      "antilink": false,
      "antitoxic": false,
      "antipromotion": false,
      "antilinkgc": false
    },
    "6285702305299@s.whatsapp.net": {
      "name": "",
      "badword": false,
      "antiforeignnum": false,
      "antibot": false,
      "antiviewonce": false,
      "antispam": false,
      "antivirtex": false,
      "antimedia": false,
      "antiimage": false,
      "antivideo": false,
      "antiaudio": false,
      "antipoll": false,
      "antisticker": false,
      "antilocation": false,
      "antidocument": false,
      "anticontact": false,
      "antilink": false,
      "antitoxic": false,
      "antipromotion": false,
      "antilinkgc": false
    },
    "6283153333217@s.whatsapp.net": {
      "name": "",
      "badword": false,
      "antiforeignnum": false,
      "antibot": false,
      "antiviewonce": false,
      "antispam": false,
      "antivirtex": false,
      "antimedia": false,
      "antiimage": false,
      "antivideo": false,
      "antiaudio": false,
      "antipoll": false,
      "antisticker": false,
      "antilocation": false,
      "antidocument": false,
      "anticontact": false,
      "antilink": false,
      "antitoxic": false,
      "antipromotion": false,
      "antilinkgc": false
    },
    "6285778502403@s.whatsapp.net": {
      "name": "",
      "badword": false,
      "antiforeignnum": false,
      "antibot": false,
      "antiviewonce": false,
      "antispam": false,
      "antivirtex": false,
      "antimedia": false,
      "antiimage": false,
      "antivideo": false,
      "antiaudio": false,
      "antipoll": false,
      "antisticker": false,
      "antilocation": false,
      "antidocument": false,
      "anticontact": false,
      "antilink": false,
      "antitoxic": false,
      "antipromotion": false,
      "antilinkgc": false
    },
    "6283899684835@s.whatsapp.net": {
      "name": "",
      "badword": false,
      "antiforeignnum": false,
      "antibot": false,
      "antiviewonce": false,
      "antispam": false,
      "antivirtex": false,
      "antimedia": false,
      "antiimage": false,
      "antivideo": false,
      "antiaudio": false,
      "antipoll": false,
      "antisticker": false,
      "antilocation": false,
      "antidocument": false,
      "anticontact": false,
      "antilink": false,
      "antitoxic": false,
      "antipromotion": false,
      "antilinkgc": false
    },
    "6285696600342@s.whatsapp.net": {
      "name": "",
      "badword": false,
      "antiforeignnum": false,
      "antibot": false,
      "antiviewonce": false,
      "antispam": false,
      "antivirtex": false,
      "antimedia": false,
      "antiimage": false,
      "antivideo": false,
      "antiaudio": false,
      "antipoll": false,
      "antisticker": false,
      "antilocation": false,
      "antidocument": false,
      "anticontact": false,
      "antilink": false,
      "antitoxic": false,
      "antipromotion": false,
      "antilinkgc": false
    },
    "6281252660144@s.whatsapp.net": {
      "name": "",
      "badword": false,
      "antiforeignnum": false,
      "antibot": false,
      "antiviewonce": false,
      "antispam": false,
      "antivirtex": false,
      "antimedia": false,
      "antiimage": false,
      "antivideo": false,
      "antiaudio": false,
      "antipoll": false,
      "antisticker": false,
      "antilocation": false,
      "antidocument": false,
      "anticontact": false,
      "antilink": false,
      "antitoxic": false,
      "antipromotion": false,
      "antilinkgc": false
    },
    "6285930076980@s.whatsapp.net": {
      "name": "",
      "badword": false,
      "antiforeignnum": false,
      "antibot": false,
      "antiviewonce": false,
      "antispam": false,
      "antivirtex": false,
      "antimedia": false,
      "antiimage": false,
      "antivideo": false,
      "antiaudio": false,
      "antipoll": false,
      "antisticker": false,
      "antilocation": false,
      "antidocument": false,
      "anticontact": false,
      "antilink": false,
      "antitoxic": false,
      "antipromotion": false,
      "antilinkgc": false
    },
    "6282128723842@s.whatsapp.net": {
      "name": "",
      "badword": false,
      "antiforeignnum": false,
      "antibot": false,
      "antiviewonce": false,
      "antispam": false,
      "antivirtex": false,
      "antimedia": false,
      "antiimage": false,
      "antivideo": false,
      "antiaudio": false,
      "antipoll": false,
      "antisticker": false,
      "antilocation": false,
      "antidocument": false,
      "anticontact": false,
      "antilink": false,
      "antitoxic": false,
      "antipromotion": false,
      "antilinkgc": false
    },
    "6287878103169@s.whatsapp.net": {
      "name": "",
      "badword": false,
      "antiforeignnum": false,
      "antibot": false,
      "antiviewonce": false,
      "antispam": false,
      "antivirtex": false,
      "antimedia": false,
      "antiimage": false,
      "antivideo": false,
      "antiaudio": false,
      "antipoll": false,
      "antisticker": false,
      "antilocation": false,
      "antidocument": false,
      "anticontact": false,
      "antilink": false,
      "antitoxic": false,
      "antipromotion": false,
      "antilinkgc": false
    },
    "6282121283348@s.whatsapp.net": {
      "name": "",
      "badword": false,
      "antiforeignnum": false,
      "antibot": false,
      "antiviewonce": false,
      "antispam": false,
      "antivirtex": false,
      "antimedia": false,
      "antiimage": false,
      "antivideo": false,
      "antiaudio": false,
      "antipoll": false,
      "antisticker": false,
      "antilocation": false,
      "antidocument": false,
      "anticontact": false,
      "antilink": false,
      "antitoxic": false,
      "antipromotion": false,
      "antilinkgc": false
    },
    "6289507877257@s.whatsapp.net": {
      "name": "",
      "badword": false,
      "antiforeignnum": false,
      "antibot": false,
      "antiviewonce": false,
      "antispam": false,
      "antivirtex": false,
      "antimedia": false,
      "antiimage": false,
      "antivideo": false,
      "antiaudio": false,
      "antipoll": false,
      "antisticker": false,
      "antilocation": false,
      "antidocument": false,
      "anticontact": false,
      "antilink": false,
      "antitoxic": false,
      "antipromotion": false,
      "antilinkgc": false
    }
  },
  "settings": {
    "6285795718659@s.whatsapp.net": {
      "totalhit": 1795,
      "totalError": 0,
      "online": false,
      "autosticker": false,
      "autodownload": false,
      "autobio": true,
      "autoread": true,
      "autoblocknum": false,
      "onlyindia": false,
      "onlyindo": false,
      "onlygrub": false,
      "onlypc": false,
      "autorecordtype": false,
      "autorecord": false,
      "autotype": false,
      "watermark": {
        "packname": "Sticker By",
        "author": "- Menhara-Chan"
      },
      "about": {
        "bot": {
          "nick": "rangelofficial.id",
          "alias": "Ｍｅｎｈａｒａ-Ｃｈａｎ"
        },
        "owner": {
          "nick": "+62 813-1664-3491",
          "alias": "6281316643491"
        }
      }
    }
  },
  "message": {}
}